,Player,Pos,Team,Opp,Game,Pass Att,Pass Yards,Int,Pass TD,Rush Att,Rush Yds,Rec,Rec Yds,Rush Rec TD,FPts,System
0,Aaron Rodgers,QB,PIT,CLE,PIT@CLE,34.3,214.13,0.63,1.27,0.0,2.49,0.0,0.0,0.08,13.7442,Sportsbooks
1,Deshaun Watson,QB,CLE,PIT,PIT@CLE,28.78,185.46,0.71,1.05,5.5,30.08,0.0,0.0,0.21,15.1764,Sportsbooks
2,Quinshon Judkins,RB,CLE,PIT,PIT@CLE,0.0,0.0,0.0,0.0,16.5,55.88,0.0,12.09,0.59,10.337,Sportsbooks
3,Jaylen Warren,RB,PIT,CLE,PIT@CLE,0.0,0.0,0.0,0.0,17.5,71.26,3.49,23.91,0.7,17.207,Sportsbooks
4,Raheim Sanders,RB,CLE,PIT,PIT@CLE,0.0,0.0,0.0,0.0,0.0,6.18,2.13,11.52,0.16,4.859999999999999,Sportsbooks
5,Harold Fannin,TE,CLE,PIT,PIT@CLE,0.0,0.0,0.0,0.0,0.0,0.0,4.61,40.56,0.3,10.466000000000001,Sportsbooks
6,KC Concepcion,WR,CLE,PIT,PIT@CLE,0.0,0.0,0.0,0.0,0.0,0.0,4.1,36.3,0.27,9.35,Sportsbooks
7,Pat Freiermuth,TE,PIT,CLE,PIT@CLE,0.0,0.0,0.0,0.0,0.0,0.0,3.45,28.55,0.24,7.745000000000001,Sportsbooks
8,DK Metcalf,WR,PIT,CLE,PIT@CLE,0.0,0.0,0.0,0.0,0.0,0.0,3.83,44.36,0.36,10.426,Sportsbooks
9,Michael Pittman Jr.,WR,PIT,CLE,PIT@CLE,0.0,0.0,0.0,0.0,0.0,0.0,3.49,34.1,0.24,8.34,Sportsbooks
10,Denzel Boston,WR,CLE,PIT,PIT@CLE,0.0,0.0,0.0,0.0,0.0,0.0,2.96,37.42,0.28,8.382,Sportsbooks
12,Darnell Washington,TE,PIT,CLE,PIT@CLE,0.0,0.0,0.0,0.0,0.0,0.0,2.14,16.71,0.17,4.831,Sportsbooks
30,Daniel Jones,QB,IND,WAS,IND@WAS,31.53,225.31,0.64,1.62,3.5,11.85,0.0,0.0,0.24,17.4774,Sportsbooks
31,Marcus Mariota,QB,WAS,IND,IND@WAS,31.23,210.84,0.76,1.35,5.5,27.89,0.0,0.0,0.24,17.3026,Sportsbooks
32,Jonathan Taylor,RB,IND,WAS,IND@WAS,0.0,0.0,0.0,0.0,20.5,90.48,2.85,19.51,1.24,21.289,Sportsbooks
33,Jacory Croskey-Merritt,RB,WAS,IND,IND@WAS,0.0,0.0,0.0,0.0,15.5,58.5,0.0,0.0,0.65,9.75,Sportsbooks
34,Tyler Warren,TE,IND,WAS,IND@WAS,0.0,0.0,0.0,0.0,0.0,0.0,5.51,50.0,0.47,13.33,Sportsbooks
35,Josh Downs,WR,IND,WAS,IND@WAS,0.0,0.0,0.0,0.0,0.0,0.0,6.42,63.92,0.43,15.392000000000001,Sportsbooks
36,Terry McLaurin,WR,WAS,IND,IND@WAS,0.0,0.0,0.0,0.0,0.0,0.0,4.49,53.0,0.34,11.830000000000002,Sportsbooks
37,Keenan Allen,WR,IND,WAS,IND@WAS,0.0,0.0,0.0,0.0,0.0,0.0,3.83,34.79,0.34,9.349,Sportsbooks
38,Stefon Diggs,WR,WAS,IND,IND@WAS,0.0,0.0,0.0,0.0,0.0,0.0,4.31,43.01,0.33,10.591000000000001,Sportsbooks
40,Chig Okonkwo,TE,WAS,IND,IND@WAS,0.0,0.0,0.0,0.0,0.0,0.0,2.78,23.36,0.23,6.4959999999999996,Sportsbooks
59,Cam Skattebo,RB,NYG,ARZ,ARZ@NYG,0.0,0.0,0.0,0.0,16.5,63.49,2.66,17.36,0.81,15.605,Sportsbooks
60,Jeremiyah Love,RB,ARZ,NYG,ARZ@NYG,0.0,0.0,0.0,0.0,15.5,65.02,3.14,16.29,0.79,16.011000000000003,Sportsbooks
61,Trey McBride,TE,ARZ,NYG,ARZ@NYG,0.0,0.0,0.0,0.0,0.0,0.0,7.12,66.05,0.54,16.965000000000003,Sportsbooks
62,Malik Nabers,WR,NYG,ARZ,ARZ@NYG,0.0,0.0,0.0,0.0,0.0,0.0,4.9,54.52,0.42,12.872,Sportsbooks
63,Isaiah Likely,TE,NYG,ARZ,ARZ@NYG,0.0,0.0,0.0,0.0,0.0,0.0,4.17,41.48,0.31,10.177999999999999,Sportsbooks
64,Michael Wilson,WR,ARZ,NYG,ARZ@NYG,0.0,0.0,0.0,0.0,0.0,0.0,5.18,58.84,0.4,13.464,Sportsbooks
69,Marvin Harrison Jr.,WR,ARZ,NYG,ARZ@NYG,0.0,0.0,0.0,0.0,0.0,0.0,2.67,31.7,0.25,7.34,Sportsbooks
71,Jacoby Brissett,QB,ARZ,NYG,ARZ@NYG,34.67,233.92,0.7,1.51,0.0,7.91,0.0,0.0,0.2,16.6878,Sportsbooks
73,Jameis Winston,QB,NYG,ARZ,ARZ@NYG,30.57,210.8,0.85,1.28,0.0,5.53,0.0,0.0,0.16,14.215,Sportsbooks
75,Tyler Allgeier,RB,ARZ,NYG,ARZ@NYG,0.0,0.0,0.0,0.0,4.5,18.97,0.0,0.0,0.35,3.997,Sportsbooks
84,Malachi Fields,WR,NYG,ARZ,ARZ@NYG,0.0,0.0,0.0,0.0,0.0,0.0,2.12,24.53,0.22,5.893000000000001,Sportsbooks
86,Derrick Henry,RB,BAL,TEN,TEN@BAL,0.0,0.0,0.0,0.0,21.5,96.5,0.0,7.65,1.12,17.135,Sportsbooks
87,Tony Pollard,RB,TEN,BAL,TEN@BAL,0.0,0.0,0.0,0.0,12.5,47.91,1.99,9.02,0.45,10.383,Sportsbooks
88,Zay Flowers,WR,BAL,TEN,TEN@BAL,0.0,0.0,0.0,0.0,0.0,0.0,5.27,69.07,0.52,15.297,Sportsbooks
89,Lamar Jackson,QB,BAL,TEN,TEN@BAL,27.67,218.83,0.59,1.76,6.5,32.09,0.0,0.0,0.37,20.632199999999997,Sportsbooks
100,Cam Ward,QB,TEN,BAL,TEN@BAL,33.19,184.76,0.71,0.92,0.0,9.39,0.0,0.0,0.16,12.2594,Sportsbooks
102,Gunnar Helm,TE,TEN,BAL,TEN@BAL,0.0,0.0,0.0,0.0,0.0,0.0,2.9,19.45,0.17,5.865,Sportsbooks
103,Carnell Tate,WR,TEN,BAL,TEN@BAL,0.0,0.0,0.0,0.0,0.0,0.0,4.46,42.45,0.25,10.205,Sportsbooks
108,Rashod Bateman,WR,BAL,TEN,TEN@BAL,0.0,0.0,0.0,0.0,0.0,0.0,2.77,31.05,0.34,7.915,Sportsbooks
109,Mark Andrews,TE,BAL,TEN,TEN@BAL,0.0,0.0,0.0,0.0,0.0,0.0,4.08,37.89,0.5,10.869,Sportsbooks
111,Wan'Dale Robinson,WR,TEN,BAL,TEN@BAL,0.0,0.0,0.0,0.0,0.0,0.0,4.02,37.6,0.22,9.1,Sportsbooks
114,Josh Allen,QB,BUF,NWE,NWE@BUF,29.36,240.29,0.59,1.91,7.5,32.6,0.0,0.0,0.78,24.6016,Sportsbooks
115,Drake Maye,QB,NWE,BUF,NWE@BUF,30.29,230.21,0.78,1.43,5.5,27.03,0.0,0.0,0.24,18.291400000000003,Sportsbooks
116,James Cook,RB,BUF,NWE,NWE@BUF,0.0,0.0,0.0,0.0,17.5,86.19,1.62,7.71,0.83,15.990000000000002,Sportsbooks
117,Rhamondre Stevenson,RB,NWE,BUF,NWE@BUF,0.0,0.0,0.0,0.0,8.5,32.47,2.81,18.78,0.51,10.995000000000001,Sportsbooks
118,TreVeyon Henderson,RB,NWE,BUF,NWE@BUF,0.0,0.0,0.0,0.0,9.5,40.04,0.0,7.01,0.42,7.225,Sportsbooks
119,DJ Moore,WR,BUF,NWE,NWE@BUF,0.0,0.0,0.0,0.0,0.0,0.0,4.09,49.46,0.49,11.976,Sportsbooks
120,Dalton Kincaid,TE,BUF,NWE,NWE@BUF,0.0,0.0,0.0,0.0,0.0,0.0,4.58,52.46,0.47,12.646,Sportsbooks
121,Khalil Shakir,WR,BUF,NWE,NWE@BUF,0.0,0.0,0.0,0.0,0.0,0.0,4.09,38.55,0.35,10.045,Sportsbooks
122,Romeo Doubs,WR,NWE,BUF,NWE@BUF,0.0,0.0,0.0,0.0,0.0,0.0,3.38,40.04,0.31,9.244,Sportsbooks
123,Hunter Henry,TE,NWE,BUF,NWE@BUF,0.0,0.0,0.0,0.0,0.0,0.0,3.55,32.59,0.33,8.789,Sportsbooks
124,Mack Hollins,WR,NWE,BUF,NWE@BUF,0.0,0.0,0.0,0.0,0.0,0.0,3.75,44.44,0.3,9.994,Sportsbooks
125,DeMario Douglas,WR,NWE,BUF,NWE@BUF,0.0,0.0,0.0,0.0,0.0,0.0,2.85,27.56,0.24,7.045999999999999,Sportsbooks
142,Kalif Raymond,WR,CHI,NYJ,NYJ@CHI,0.0,0.0,0.0,0.0,0.0,0.0,3.43,31.49,0.26,8.139000000000001,Sportsbooks
143,D'Andre Swift,RB,CHI,NYJ,NYJ@CHI,0.0,0.0,0.0,0.0,14.5,65.22,0.0,13.9,0.84,12.952000000000002,Sportsbooks
146,Rome Odunze,WR,CHI,NYJ,NYJ@CHI,0.0,0.0,0.0,0.0,0.0,0.0,2.71,30.47,0.27,7.377,Sportsbooks
147,Kyle Monangai,RB,CHI,NYJ,NYJ@CHI,0.0,0.0,0.0,0.0,9.5,39.18,1.2,5.94,0.59,9.252,Sportsbooks
148,Luther Burden,WR,CHI,NYJ,NYJ@CHI,0.0,0.0,0.0,0.0,0.0,0.0,4.49,46.15,0.37,11.325,Sportsbooks
149,Colston Loveland,TE,CHI,NYJ,NYJ@CHI,0.0,0.0,0.0,0.0,0.0,0.0,3.59,33.05,0.33,8.875,Sportsbooks
153,Geno Smith,QB,NYJ,CHI,NYJ@CHI,32.72,226.44,0.79,1.29,0.0,11.31,0.0,0.0,0.11,15.218600000000002,Sportsbooks
155,Garrett Wilson,WR,NYJ,CHI,NYJ@CHI,0.0,0.0,0.0,0.0,0.0,0.0,6.54,76.3,0.47,16.99,Sportsbooks
159,Braelon Allen,RB,NYJ,CHI,NYJ@CHI,0.0,0.0,0.0,0.0,13.5,54.63,1.85,10.92,0.61,12.065000000000001,Sportsbooks
160,Isaiah Davis,RB,NYJ,CHI,NYJ@CHI,0.0,0.0,0.0,0.0,5.5,21.34,0.0,9.75,0.26,4.6690000000000005,Sportsbooks
162,Isaiah Williams,WR,NYJ,CHI,NYJ@CHI,0.0,0.0,0.0,0.0,0.0,0.0,2.71,22.95,0.22,6.325,Sportsbooks
165,Kenyon Sadiq,TE,NYJ,CHI,NYJ@CHI,0.0,0.0,0.0,0.0,0.0,0.0,4.22,42.11,0.34,10.471,Sportsbooks
168,Joe Burrow,QB,CIN,JAX,JAX@CIN,36.12,266.77,0.71,2.1,0.0,8.05,0.0,0.0,0.14,20.005799999999997,Sportsbooks
169,Trevor Lawrence,QB,JAX,CIN,JAX@CIN,34.34,262.51,0.77,1.83,3.5,14.17,0.0,0.0,0.28,20.1474,Sportsbooks
170,Chase Brown,RB,CIN,JAX,JAX@CIN,0.0,0.0,0.0,0.0,16.5,62.96,3.41,19.02,0.95,17.308,Sportsbooks
171,Bhayshul Tuten,RB,JAX,CIN,JAX@CIN,0.0,0.0,0.0,0.0,12.5,53.9,1.87,10.74,0.68,12.414,Sportsbooks
172,Ja'Marr Chase,WR,CIN,JAX,JAX@CIN,0.0,0.0,0.0,0.0,0.0,0.0,7.04,80.62,0.74,19.542,Sportsbooks
173,Parker Washington,WR,JAX,CIN,JAX@CIN,0.0,0.0,0.0,0.0,0.0,0.0,5.39,74.52,0.52,15.962,Sportsbooks
174,Tee Higgins,WR,CIN,JAX,JAX@CIN,0.0,0.0,0.0,0.0,0.0,0.0,4.5,61.5,0.55,13.950000000000001,Sportsbooks
175,Jakobi Meyers,WR,JAX,CIN,JAX@CIN,0.0,0.0,0.0,0.0,0.0,0.0,3.86,40.06,0.36,10.026,Sportsbooks
176,Brenton Strange,TE,JAX,CIN,JAX@CIN,0.0,0.0,0.0,0.0,0.0,0.0,3.52,35.04,0.32,8.943999999999999,Sportsbooks
178,Mike Gesicki,TE,CIN,JAX,JAX@CIN,0.0,0.0,0.0,0.0,0.0,0.0,2.77,28.08,0.29,7.318,Sportsbooks
179,Brian Thomas,WR,JAX,CIN,JAX@CIN,0.0,0.0,0.0,0.0,0.0,0.0,2.43,27.95,0.28,6.904999999999999,Sportsbooks
195,Javonte Williams,RB,DAL,HOU,DAL@HOU,0.0,0.0,0.0,0.0,15.5,58.48,2.8,13.38,0.84,15.026,Sportsbooks
196,David Montgomery,RB,HOU,DAL,DAL@HOU,0.0,0.0,0.0,0.0,12.5,47.28,1.77,10.89,0.87,12.807000000000002,Sportsbooks
197,Nico Collins,WR,HOU,DAL,DAL@HOU,0.0,0.0,0.0,0.0,0.0,0.0,5.49,73.99,0.51,15.949,Sportsbooks
198,CeeDee Lamb,WR,DAL,HOU,DAL@HOU,0.0,0.0,0.0,0.0,0.0,0.0,6.07,76.07,0.55,16.977,Sportsbooks
199,Woody Marks,RB,HOU,DAL,DAL@HOU,0.0,0.0,0.0,0.0,9.5,34.75,1.86,9.56,0.41,8.751000000000001,Sportsbooks
200,George Pickens,WR,DAL,HOU,DAL@HOU,0.0,0.0,0.0,0.0,0.0,0.0,4.95,68.02,0.45,14.451999999999998,Sportsbooks
201,Jake Ferguson,TE,DAL,HOU,DAL@HOU,0.0,0.0,0.0,0.0,0.0,0.0,3.49,24.65,0.29,7.695,Sportsbooks
202,Dak Prescott,QB,DAL,HOU,DAL@HOU,35.55,270.2,0.73,1.74,2.5,10.38,0.0,0.0,0.14,18.916,Sportsbooks
203,Xavier Hutchinson,WR,HOU,DAL,DAL@HOU,0.0,0.0,0.0,0.0,0.0,0.0,2.78,28.56,0.27,7.255999999999999,Sportsbooks
204,Dalton Schultz,TE,HOU,DAL,DAL@HOU,0.0,0.0,0.0,0.0,0.0,0.0,4.7,41.86,0.41,11.346,Sportsbooks
209,C.J. Stroud,QB,HOU,DAL,DAL@HOU,32.26,245.03,0.65,1.67,3.5,11.91,0.0,0.0,0.17,18.0422,Sportsbooks
210,Ryan Flournoy,WR,DAL,HOU,DAL@HOU,0.0,0.0,0.0,0.0,0.0,0.0,3.52,32.66,0.25,8.286,Sportsbooks
220,Kayshon Boutte,WR,HOU,DAL,DAL@HOU,0.0,0.0,0.0,0.0,0.0,0.0,2.14,24.43,0.28,6.263,Sportsbooks
221,Jalon Daniels,QB,TB,GB,TB@GB,27.77,169.32,0.82,0.94,6.5,35.96,0.0,0.0,0.24,14.7488,Sportsbooks
222,Chris Godwin,WR,TB,GB,TB@GB,0.0,0.0,0.0,0.0,0.0,0.0,2.82,26.57,0.2,6.6770000000000005,Sportsbooks
223,Kenny Gainwell,RB,TB,GB,TB@GB,0.0,0.0,0.0,0.0,0.0,15.14,2.18,10.08,0.23,6.082,Sportsbooks
225,Cade Otton,TE,TB,GB,TB@GB,0.0,0.0,0.0,0.0,0.0,0.0,3.09,26.08,0.18,6.7780000000000005,Sportsbooks
228,Bucky Irving,RB,TB,GB,TB@GB,0.0,0.0,0.0,0.0,13.5,57.99,2.7,12.99,0.5,12.798000000000002,Sportsbooks
231,Emeka Egbuka,WR,TB,GB,TB@GB,0.0,0.0,0.0,0.0,0.0,0.0,3.47,36.93,0.28,8.843,Sportsbooks
232,Ted Hurst III,WR,TB,GB,TB@GB,0.0,0.0,0.0,0.0,0.0,0.0,2.14,23.2,0.19,5.6,Sportsbooks
234,Jordan Love,QB,GB,TB,GB@TB,34.74,240.98,0.76,1.55,0.0,4.07,0.0,0.0,0.15,16.3862,Sportsbooks
235,Skyy Moore,WR,GB,TB,GB@TB,0.0,0.0,0.0,0.0,0.0,0.0,2.1,18.35,0.2,5.135000000000001,Sportsbooks
236,Christian Watson,WR,GB,TB,GB@TB,0.0,0.0,0.0,0.0,0.0,0.0,5.17,66.51,0.47,14.641000000000002,Sportsbooks
238,Tucker Kraft,TE,GB,TB,GB@TB,0.0,0.0,0.0,0.0,0.0,0.0,4.16,40.89,0.33,10.229000000000001,Sportsbooks
240,Kaleb Johnson,RB,GB,TB,GB@TB,0.0,0.0,0.0,0.0,8.5,31.16,0.0,0.0,0.41,5.5760000000000005,Sportsbooks
241,Matthew Golden,WR,GB,TB,GB@TB,0.0,0.0,0.0,0.0,0.0,0.0,4.76,57.49,0.4,12.909,Sportsbooks
244,Saquon Barkley,RB,PHI,LAR,LAR@PHI,0.0,0.0,0.0,0.0,17.5,74.63,2.13,14.03,0.62,14.715999999999998,Sportsbooks
246,Jalen Hurts,QB,PHI,LAR,LAR@PHI,29.83,193.58,0.66,1.16,6.5,25.01,0.0,0.0,0.46,16.9842,Sportsbooks
247,DeVonta Smith,WR,CAR,DET,DET@CAR,0.0,0.0,0.0,0.0,0.0,0.0,6.1,66.95,0.41,15.254999999999999,Sportsbooks
252,Dontayvion Wicks,WR,PHI,LAR,LAR@PHI,0.0,0.0,0.0,0.0,0.0,0.0,3.68,48.95,0.28,10.255,Sportsbooks
255,Makai Lemon,WR,PHI,LAR,LAR@PHI,0.0,0.0,0.0,0.0,0.0,0.0,3.3,30.76,0.21,7.636,Sportsbooks
256,Davante Adams,WR,LAR,PHI,LAR@PHI,0.0,0.0,0.0,0.0,0.0,0.0,5.11,67.77,0.63,15.667000000000002,Sportsbooks
260,Kyren Williams,RB,LAR,PHI,LAR@PHI,0.0,0.0,0.0,0.0,13.5,58.59,0.0,14.07,0.75,11.766000000000002,Sportsbooks
261,Puka Nacua,WR,LAR,PHI,LAR@PHI,0.0,0.0,0.0,0.0,0.0,0.0,6.17,76.93,0.56,17.223000000000003,Sportsbooks
264,Blake Corum,RB,LAR,PHI,LAR@PHI,0.0,0.0,0.0,0.0,9.5,41.19,0.0,0.0,0.31,5.978999999999999,Sportsbooks
269,Zach Ertz,TE,PHI,LAR,LAR@PHI,0.0,0.0,0.0,0.0,0.0,0.0,2.04,18.1,0.18,4.930000000000001,Sportsbooks
270,Aaron Jones,RB,MIN,MIA,MIA@MIN,0.0,0.0,0.0,0.0,16.5,66.05,3.23,20.13,0.88,17.128,Sportsbooks
271,Kyler Murray,QB,MIN,MIA,MIA@MIN,28.93,205.96,0.54,1.57,4.5,20.88,0.0,0.0,0.28,17.7464,Sportsbooks
272,TJ Hockenson,TE,MIN,MIA,MIA@MIN,0.0,0.0,0.0,0.0,0.0,0.0,4.5,37.48,0.43,10.828,Sportsbooks
273,Jauan Jennings,WR,MIN,MIA,MIA@MIN,0.0,0.0,0.0,0.0,0.0,0.0,2.57,26.91,0.24,6.7010000000000005,Sportsbooks
275,Jordan Addison,WR,MIN,MIA,MIA@MIN,0.0,0.0,0.0,0.0,0.0,0.0,4.54,60.17,0.57,13.977,Sportsbooks
281,Malik Willis,QB,MIA,MIN,MIA@MIN,28.66,167.06,0.9,0.67,6.5,29.64,0.0,0.0,0.22,12.746400000000001,Sportsbooks
282,Greg Dulcich,TE,MIA,MIN,MIA@MIN,0.0,0.0,0.0,0.0,0.0,0.0,3.12,28.69,0.15,6.889000000000001,Sportsbooks
285,Jaylen Wright,RB,MIA,MIN,MIA@MIN,0.0,0.0,0.0,0.0,8.5,25.67,1.16,5.55,0.29,6.022,Sportsbooks
286,Malik Washington,WR,MIA,MIN,MIA@MIN,0.0,0.0,0.0,0.0,0.0,4.47,4.19,37.99,0.25,9.936,Sportsbooks
287,Ollie Gordon,RB,MIA,MIN,MIA@MIN,0.0,0.0,0.0,0.0,6.5,27.36,0.0,5.75,0.31,5.171,Sportsbooks
289,Chris Bell,WR,MIA,MIN,MIA@MIN,0.0,0.0,0.0,0.0,0.0,0.0,2.55,31.84,0.15,6.634,Sportsbooks
296,Christian McCaffrey,RB,SFO,DEN,DEN@SFO,0.0,0.0,0.0,0.0,15.5,64.59,4.86,39.48,1.03,21.447,Sportsbooks
297,JK Dobbins,RB,DEN,SFO,DEN@SFO,0.0,0.0,0.0,0.0,13.5,60.0,0.0,0.0,0.62,9.719999999999999,Sportsbooks
298,Jaylen Waddle,WR,DEN,SFO,DEN@SFO,0.0,0.0,0.0,0.0,0.0,0.0,4.52,56.99,0.39,12.559000000000001,Sportsbooks
299,RJ Harvey,RB,DEN,SFO,DEN@SFO,0.0,0.0,0.0,0.0,0.0,16.42,3.54,22.02,0.39,9.724,Sportsbooks
302,George Kittle,TE,SFO,DEN,DEN@SFO,0.0,0.0,0.0,0.0,0.0,0.0,4.99,63.89,0.49,14.319,Sportsbooks
306,Brock Purdy,QB,SFO,DEN,DEN@SFO,31.49,232.04,0.71,1.68,4.5,17.01,0.0,0.0,0.27,18.6126,Sportsbooks
312,Courtland Sutton,WR,DEN,SFO,DEN@SFO,0.0,0.0,0.0,0.0,0.0,0.0,3.42,38.53,0.35,9.373,Sportsbooks
313,Evan Engram,TE,DEN,SFO,DEN@SFO,0.0,0.0,0.0,0.0,0.0,0.0,2.48,17.2,0.19,5.34,Sportsbooks
319,Bo Nix,QB,DEN,SFO,DEN@SFO,35.07,223.0,0.82,1.51,4.5,18.91,0.0,0.0,0.26,17.590999999999998,Sportsbooks
321,Pat Bryant,WR,DEN,SFO,DEN@SFO,0.0,0.0,0.0,0.0,0.0,0.0,2.45,23.05,0.23,6.135000000000001,Sportsbooks
323,Patrick Mahomes,QB,KAN,LVR,KAN@LVR,32.13,237.93,0.6,1.79,0.0,15.67,0.0,0.0,0.24,19.0842,Sportsbooks
324,Kirk Cousins,QB,LVR,KAN,KAN@LVR,34.07,224.48,0.88,1.43,0.0,0.0,0.0,0.0,0.1,14.419199999999996,Sportsbooks
325,Kenneth Walker,RB,KAN,LVR,KAN@LVR,0.0,0.0,0.0,0.0,18.5,87.75,3.0,21.52,0.96,19.686999999999998,Sportsbooks
326,Ashton Jeanty,RB,LVR,KAN,KAN@LVR,0.0,0.0,0.0,0.0,16.5,58.26,3.39,20.53,0.83,16.249000000000002,Sportsbooks
327,Travis Kelce,TE,KAN,LVR,KAN@LVR,0.0,0.0,0.0,0.0,0.0,0.0,4.41,47.96,0.48,12.085999999999999,Sportsbooks
328,Rashee Rice,WR,KAN,LVR,KAN@LVR,0.0,0.0,0.0,0.0,0.0,0.0,4.87,55.07,0.5,13.377,Sportsbooks
329,Brock Bowers,TE,LVR,KAN,KAN@LVR,0.0,0.0,0.0,0.0,0.0,0.0,7.12,74.96,0.43,17.195999999999998,Sportsbooks
330,Xavier Worthy,WR,KAN,LVR,KAN@LVR,0.0,0.0,0.0,0.0,0.0,0.0,4.05,34.5,0.37,9.719999999999999,Sportsbooks
331,Tre Tucker,WR,LVR,KAN,KAN@LVR,0.0,0.0,0.0,0.0,0.0,0.0,3.33,37.99,0.3,8.929,Sportsbooks
332,Mike Washington Jr.,RB,LVR,KAN,KAN@LVR,0.0,0.0,0.0,0.0,4.5,17.32,0.0,0.0,0.24,3.172,Sportsbooks
333,Michael Mayer,TE,LVR,KAN,KAN@LVR,0.0,0.0,0.0,0.0,0.0,0.0,2.8,22.04,0.24,6.443999999999999,Sportsbooks
350,Omarion Hampton,RB,LAC,SEA,LAC@SEA,0.0,0.0,0.0,0.0,13.5,46.02,0.0,0.0,0.65,8.502,Sportsbooks
351,Jaxon Smith-Njigba,WR,SEA,LAC,LAC@SEA,0.0,0.0,0.0,0.0,0.0,0.0,7.12,91.67,0.74,20.726999999999997,Sportsbooks
352,Sam Darnold,QB,SEA,LAC,LAC@SEA,30.41,234.0,0.57,1.76,0.0,4.65,0.0,0.0,0.11,16.955,Sportsbooks
354,Cooper Kupp,WR,SEA,LAC,LAC@SEA,0.0,0.0,0.0,0.0,0.0,0.0,2.45,24.01,0.27,6.471000000000001,Sportsbooks
355,Rashid Shaheed,WR,SEA,LAC,LAC@SEA,0.0,0.0,0.0,0.0,0.0,0.0,2.17,21.83,0.28,6.0329999999999995,Sportsbooks
359,AJ Barner,TE,SEA,LAC,LAC@SEA,0.0,0.0,0.0,0.0,0.0,0.0,3.2,30.51,0.31,8.111,Sportsbooks
367,Justin Herbert,QB,LAC,SEA,LAC@SEA,30.18,198.89,0.77,1.18,4.5,20.96,0.0,0.0,0.18,15.0816,Sportsbooks
369,Quentin Johnston,WR,LAC,SEA,LAC@SEA,0.0,0.0,0.0,0.0,0.0,0.0,3.08,33.95,0.26,8.035,Sportsbooks
371,Ladd McConkey,WR,LAC,SEA,LAC@SEA,0.0,0.0,0.0,0.0,0.0,0.0,4.16,45.98,0.28,10.437999999999999,Sportsbooks
373,Oronde Gadsden,TE,LAC,SEA,LAC@SEA,0.0,0.0,0.0,0.0,0.0,0.0,2.68,26.05,0.26,6.845000000000001,Sportsbooks
374,Tre Harris,WR,LAC,SEA,LAC@SEA,0.0,0.0,0.0,0.0,0.0,0.0,5.72,34.45,0.2,10.364999999999998,Sportsbooks
376,Jared Goff,QB,DET,CAR,DET@CAR,34.67,263.51,0.56,2.05,0.0,1.38,0.0,0.0,0.1,18.918400000000005,Sportsbooks
377,Bryce Young,QB,CAR,DET,DET@CAR,35.17,245.49,0.76,1.74,2.5,12.56,0.0,0.0,0.19,18.4156,Sportsbooks
378,Chuba Hubbard,RB,CAR,DET,DET@CAR,0.0,0.0,0.0,0.0,16.5,66.09,2.95,17.69,0.81,16.188,Sportsbooks
379,Jahmyr Gibbs,RB,DET,CAR,DET@CAR,0.0,0.0,0.0,0.0,19.5,96.02,4.8,35.83,1.35,26.085,Sportsbooks
380,Jameson Williams,WR,DET,CAR,DET@CAR,0.0,0.0,0.0,0.0,0.0,0.0,3.58,50.0,0.42,11.1,Sportsbooks
381,Sam LaPorta,TE,DET,CAR,DET@CAR,0.0,0.0,0.0,0.0,0.0,0.0,4.6,48.06,0.42,11.926,Sportsbooks
382,Amon-Ra St. Brown,WR,DET,CAR,DET@CAR,0.0,0.0,0.0,0.0,0.0,0.0,7.15,78.53,0.74,19.442999999999998,Sportsbooks
384,Tetairoa McMillan,WR,CAR,DET,DET@CAR,0.0,0.0,0.0,0.0,0.0,0.0,5.13,69.56,0.54,15.326,Sportsbooks
385,Jalen Coker,WR,CAR,DET,DET@CAR,0.0,0.0,0.0,0.0,0.0,0.0,4.57,50.53,0.41,12.083000000000002,Sportsbooks
386,Darren Waller,TE,CAR,DET,DET@CAR,0.0,0.0,0.0,0.0,0.0,0.0,3.05,26.4,0.33,7.67,Sportsbooks
404,Matthew Stafford,QB,LAR,PHI,LAR@PHI,34.85,249.01,0.67,1.68,0.0,0.17,0.0,0.0,0.06,16.387399999999996,Sportsbooks
412,Kyle Pitts,TE,ATL,NOR,ATL@NOR,0.0,0.0,0.0,0.0,0.0,0.0,2.87,27.99,0.22,6.989000000000001,Sportsbooks
415,Drake London,WR,ATL,NOR,ATL@NOR,0.0,0.0,0.0,0.0,0.0,0.0,5.9,76.03,0.52,16.623,Sportsbooks
416,Chris Olave,WR,NOR,ATL,ATL@NOR,0.0,0.0,0.0,0.0,0.0,0.0,7.07,83.9,0.6,19.060000000000002,Sportsbooks
417,Alvin Kamara,RB,NOR,ATL,ATL@NOR,0.0,0.0,0.0,0.0,11.5,39.34,3.2,16.2,0.66,12.714000000000002,Sportsbooks
418,Juwan Johnson,TE,NOR,ATL,ATL@NOR,0.0,0.0,0.0,0.0,0.0,0.0,3.64,39.17,0.38,9.837,Sportsbooks
420,Tyler Shough,QB,NOR,ATL,ATL@NOR,34.12,255.75,0.61,1.87,0.0,16.92,0.0,0.0,0.34,20.832,Sportsbooks
422,Bijan Robinson,RB,ATL,NOR,ATL@NOR,0.0,0.0,0.0,0.0,19.5,86.96,4.64,39.47,1.08,23.763,Sportsbooks
423,Devaughn Vele,WR,NOR,ATL,ATL@NOR,0.0,0.0,0.0,0.0,0.0,0.0,4.21,45.44,0.37,10.974,Sportsbooks
425,Michael Penix Jr.,QB,ATL,NOR,ATL@NOR,31.14,223.92,0.66,1.41,0.0,5.56,0.0,0.0,0.13,15.272799999999997,Sportsbooks
429,Noah Fant,TE,NOR,ATL,ATL@NOR,0.0,0.0,0.0,0.0,0.0,0.0,2.16,17.49,0.19,5.0489999999999995,Sportsbooks
435,Tyson Bagent,QB,CHI,NYJ,NYJ@CHI,29.92,200.99,0.65,1.46,0.0,13.9,0.0,0.0,0.2,15.819600000000001,Sportsbooks
