,Name,Salary,Pos,RW_Proj,ETRProj,Ceiling,Value,Value_adj,BaseMix,CeilAdj,PosBump,NewProj,ID,Name + ID,TeamAbbrev,Position,Game Info,Unnamed: 0,Team,OPP,MIN,PTS,REB,AST,STL,BLK,TO,FGM,FGA,FG%,3PM,3PA,3P%,FTM,FTA,FT%,OREB,DREB,DK_Base,Prob_DD,Prob_TD,DK_Bonus,ETR MP,Own,CeilZ,LastUpdate
0,Nikola Jokic,11700.0,C,62.420533751019356,60.6,69.5,7.8,7.7,60.78205337510193,1.5,0.11513309848937912,62.4,40537119.0,Nikola Jokic (40537119),DEN,C,PHX@DEN 10/25/2025 09:00PM ET,82.0,DEN,PHX,35.0,25.3057,13.34575,8.79651,1.63538,0.76656,3.2789,9.73099,17.35178,56.1,1.85337,4.62377,40.1,3.99035,5.31331,75.1,3.38998,9.95577,59.2737675,1.503863474829657,0.29699034625829124,3.1467662510193595,34.0,24.4%,2.5,2025-10-25 18:37:36
1,Shai Gilgeous-Alexander,10700.0,G,54.20366749489442,56.2,64.9,7.4,7.36,56.000366749489444,1.2882875913872125,-0.09389182267592977,57.19,40537121.0,Shai Gilgeous-Alexander (40537121),OKC,PG,OKC@ATL 10/25/2025 07:30PM ET,51.0,OKC,ATL,35.0,31.568,5.19015,6.96817,1.88337,0.77779,2.54446,10.84187,21.58637,50.2,2.58329,6.85065,37.7,7.30096,8.16677,89.4,0.90933,4.28082,53.849677500000006,0.21900098267345472,0.008496173628077171,0.35398999489441363,33.5,22.0%,2.1471459856453543,2025-10-25 18:37:36
2,Trae Young,9700.0,G,42.37399822516887,42.8,52.6,-2.0,-1.87,42.75739982251689,0.3762911957577038,-0.06768945355706564,43.07,40537124.0,Trae Young (40537124),ATL,PG,OKC@ATL 10/25/2025 07:30PM ET,165.0,ATL,OKC,35.0,22.21899,3.53201,8.86719,1.10354,0.17144,4.23859,6.92362,17.21861,40.2,2.88625,8.56497,33.7,5.48549,6.44681,85.1,0.6208,2.91121,41.8085775,0.366207486086091,0.005369832013245135,0.5654207251688719,35.5,4.7%,0.6271519929295064,2025-10-25 18:37:36
3,Ja Morant,9300.0,G,42.48067633737671,43.3,52.5,0.1,0.12,43.21806763373767,0.36887659091518743,-0.07205651507687634,43.51,40537127.0,Ja Morant (40537127),MEM,PG,IND@MEM 10/25/2025 08:00PM ET,103.0,MEM,IND,30.0,22.08002,5.0679,7.73078,1.21359,0.32781,3.91611,7.90128,16.83345,46.9,1.78374,5.51103,32.4,4.49372,5.46202,82.3,0.83546,4.23245,42.02768,0.2799853161704471,0.011006121040346711,0.45299633737671074,30.0,5.3%,0.614794318191979,2025-10-25 18:37:36
4,Devin Booker,9200.0,G,42.215466186357176,44.1,52.6,1.3,1.39,43.91154661863572,0.3762911957577038,-0.08079063811649771,44.21,40537130.0,Devin Booker (40537130),PHX,PG/SG,PHX@DEN 10/25/2025 09:00PM ET,12.0,PHX,DEN,35.0,23.70774,4.19275,7.40052,0.88874,0.26049,3.16872,8.23328,17.71867,46.5,2.20687,6.72128,32.8,5.0343,5.80599,86.7,0.89351,3.29924,41.8669925,0.2222146810608793,0.005050554921951475,0.3484736863571734,33.5,24.3%,0.6271519929295064,2025-10-25 18:37:36
5,LaMelo Ball,9100.0,G,44.199330935409115,44.0,53.5,1.6,1.66,44.019933093540914,0.4430226393403507,-0.0851576996363084,44.38,40537134.0,LaMelo Ball (40537134),CHA,PG,CHA@PHI 10/25/2025 07:30PM ET,4.0,CHA,PHI,34.0,22.14178,5.81735,7.3652,1.33093,0.27401,3.21673,7.66961,18.30415,41.9,3.33853,9.52683,35.0,3.46403,4.23159,81.9,1.21609,4.60126,43.73204750000001,0.2811874401276728,0.015167425072532183,0.4672834354091058,33.5,10.1%,0.7383710655672512,2025-10-25 18:37:36
6,Tyrese Maxey,9000.0,G,46.69441208417323,47.4,55.4,5.4,5.34,47.32944120841732,0.5839001313481608,-0.08952476115611907,47.82,40537137.0,Tyrese Maxey (40537137),PHI,PG,CHA@PHI 10/25/2025 07:30PM ET,97.0,PHI,CHA,38.0,25.70168,3.99654,7.16328,1.77367,0.36842,2.4715,8.93859,20.93114,42.7,3.79034,10.94445,34.6,4.03416,4.62263,87.3,0.40019,3.59635,46.385875,0.1979130889925686,0.0038891502281256413,0.3085370841732298,38.0,21.5%,0.973166885580268,2025-10-25 18:37:36
7,Josh Giddey,8900.0,G,41.999876227839515,43.6,53.1,2.0,2.05,43.43998762278396,0.4133642199702855,-0.07642357659668701,43.78,40537140.0,Josh Giddey (40537140),CHI,PG/SG,CHI@ORL 10/25/2025 07:00PM ET,50.0,CHI,ORL,33.0,17.27702,9.01013,6.52863,1.27777,0.55538,3.4919,5.97897,13.10503,45.6,1.79633,4.71906,38.1,3.52274,4.44711,79.2,1.86989,7.14023,41.1511425,0.48449260554793055,0.04066493983920655,0.8487337278395155,33.0,24.1%,0.6889403666171425,2025-10-25 18:37:36
8,Nikola Vucevic,8600.0,C,42.72025356563949,39.4,47.1,-1.0,-1.03,39.732025356563945,-0.03151207058069418,0.10719288480045644,39.81,40537144.0,Nikola Vucevic (40537144),CHI,C,CHI@ORL 10/25/2025 07:00PM ET,145.0,CHI,ORL,33.0,19.53819,11.58365,3.0649,0.87875,0.71442,2.02622,7.70793,14.80037,52.1,1.7853,4.41696,40.4,2.33703,2.96191,78.9,2.73116,8.85248,41.680982500000006,0.6790820981758962,0.006882639458546111,1.0392710656394826,32.0,5.2%,-0.052520117634490306,2025-10-25 18:37:36
9,Jalen Johnson,8500.0,F,38.20474634375898,40.6,48.8,0.6,0.57,40.360474634375905,0.09453621174208307,0.21916379339744044,40.67,40537146.0,Jalen Johnson (40537146),ATL,SF/PF,OKC@ATL 10/25/2025 07:30PM ET,81.0,ATL,OKC,33.0,16.50304,9.65154,3.68578,1.2901,0.75873,2.5945,6.43218,13.49892,47.6,1.33361,4.15751,32.1,2.30508,3.16598,72.8,1.93203,7.71951,37.56334999999999,0.41380417366497546,0.006896694420508001,0.6413963437589871,35.0,13.0%,0.15756035290347178,2025-10-25 18:37:36
10,Jaren Jackson Jr.,8400.0,F,43.05617922866473,40.5,48.4,0.9,0.91,40.75561792286648,0.06487779237201786,0.24003653562576804,41.06,40537150.0,Jaren Jackson Jr. (40537150),MEM,PF/C,IND@MEM 10/25/2025 08:00PM ET,75.0,MEM,IND,32.0,22.75703,7.9408,2.49438,1.36169,1.86602,2.44165,8.424,16.62937,50.7,2.03589,5.35301,38.0,3.87314,5.01308,77.3,1.72201,6.2188,42.67714,0.24970186929735674,0.0014954749062315823,0.3790392286647299,30.0,11.4%,0.10812965395336312,2025-10-25 18:37:36
11,Pascal Siakam,8300.0,F,43.22850472697006,43.9,51.4,4.7,4.55,43.832850472697004,0.2873159376475077,0.2504729067399319,44.37,40537154.0,Pascal Siakam (40537154),IND,PF,IND@MEM 10/25/2025 08:00PM ET,131.0,IND,MEM,35.0,21.53532,7.72819,5.43144,1.14946,0.57712,1.91207,8.20138,16.78884,48.9,1.80916,4.86767,37.2,3.3234,4.4068,75.4,1.85193,5.87626,42.744422500000006,0.29482069374196035,0.013950395452371556,0.48408222697005515,34.0,22.6%,0.4788598960791795,2025-10-25 18:37:36
12,Joel Embiid,8200.0,C,33.687997736936886,36.3,45.3,-2.5,-2.38,36.03879977369369,-0.1649749577459884,0.09131245742261103,35.97,40537157.0,Joel Embiid (40537157),PHI,C,CHA@PHI 10/25/2025 07:30PM ET,45.0,PHI,CHA,24.0,16.50638,7.30007,3.84035,0.64672,0.68106,2.43472,5.29864,12.01709,44.1,1.1584,3.73508,31.0,4.7507,5.45863,87.0,1.68478,5.61529,33.409392499999996,0.1793901039387046,0.0031733603429438843,0.2786052369368886,22.0,2.3%,-0.27495826290998066,2025-10-25 18:37:36
13,Paolo Banchero,8100.0,F,45.16295409833265,44.9,53.0,6.5,6.43,44.92629540983326,0.405949615127769,0.26090927785409573,45.59,40537159.0,Paolo Banchero (40537159),ORL,PF,CHI@ORL 10/25/2025 07:00PM ET,5.0,ORL,CHI,36.0,24.20178,8.66146,4.27007,0.9905,0.81224,2.93589,8.5012,18.84392,45.1,2.04329,6.51022,31.4,5.15609,7.08984,72.7,1.51068,7.15078,44.59289,0.3618099856395284,0.009116373291118694,0.5700640983326487,34.0,25.7%,0.6765826918796151,2025-10-25 18:37:36
14,Jalen Williams,8000.0,F,6.181736613850029e-05,,,,,,0.0,,,40537162.0,Jalen Williams (40537162),OKC,SF,OKC@ATL 10/25/2025 07:30PM ET,158.0,OKC,ATL,0.0,0.0,0.0,0.0,0.0,0.0,0.0,0.0,0.0,0.0,0.0,0.0,0.0,0.0,0.0,0.0,0.0,0.0,0.0,4.1193981709054106e-05,8.797858306379187e-09,6.181736613850029e-05,,,0.0,2025-10-25 18:37:36
15,Chet Holmgren,7800.0,C,37.10151814430133,37.6,45.8,0.4,0.41,37.55015181443014,-0.12790193353340676,0.09925267111153373,37.52,40537165.0,Chet Holmgren (40537165),OKC,PF/C,OKC@ATL 10/25/2025 07:30PM ET,65.0,OKC,ATL,30.0,16.31487,9.10196,2.37,0.90058,1.86676,1.96667,5.72488,11.73181,48.8,1.59538,4.23483,37.7,3.26974,4.35303,75.1,1.78237,7.31959,36.596355,0.33319148265815957,0.001791973438030539,0.5051631443013309,32.0,17.9%,-0.2131698892223446,2025-10-25 18:37:36
16,Franz Wagner,7700.0,F,40.54244256376976,40.7,48.0,3.9,4.05,40.68424425637698,0.03521937300195266,0.22960016451160423,40.95,40537169.0,Franz Wagner (40537169),ORL,SF,CHI@ORL 10/25/2025 07:00PM ET,146.0,ORL,CHI,35.0,22.37681,6.40811,4.11501,1.48693,0.48467,2.27688,8.32853,18.23909,45.7,1.91763,6.50429,29.5,3.80212,4.40862,86.2,1.2275,5.18061,40.3230375,0.14062582929935574,0.0028221066069087286,0.2194050637697598,34.0,17.2%,0.058698955003254435,2025-10-25 18:37:36
17,Coby White,7600.0,G,6.181736613850029e-05,,,,,,0.0,,,40537172.0,Coby White (40537172),CHI,PG/SG,CHI@ORL 10/25/2025 07:00PM ET,155.0,CHI,ORL,0.0,0.0,0.0,0.0,0.0,0.0,0.0,0.0,0.0,0.0,0.0,0.0,0.0,0.0,0.0,0.0,0.0,0.0,0.0,4.1193981709054106e-05,8.797858306379187e-09,6.181736613850029e-05,,,0.0,2025-10-25 18:37:36
18,Miles Bridges,7500.0,F,38.19229573760262,36.6,44.3,0.6,0.57,36.759229573760265,-0.23912100617115167,0.2087274222832766,36.73,40537176.0,Miles Bridges (40537176),CHA,PF,CHA@PHI 10/25/2025 07:30PM ET,16.0,CHA,PHI,33.0,17.88008,8.82333,3.82658,0.82367,0.67517,1.88507,6.52653,14.53229,44.9,1.92045,5.96173,32.2,2.90658,3.49952,83.1,1.49677,7.32656,37.664482500000005,0.3394145403648463,0.006230475685114262,0.5278132376026122,31.5,3.9%,-0.3985350102852528,2025-10-25 18:37:36
19,Ty Jerome,7500.0,G,6.181736613850029e-05,,,,,,0.0,,,40537179.0,Ty Jerome (40537179),MEM,PG,IND@MEM 10/25/2025 08:00PM ET,78.0,MEM,IND,0.0,0.0,0.0,0.0,0.0,0.0,0.0,0.0,0.0,0.0,0.0,0.0,0.0,0.0,0.0,0.0,0.0,0.0,0.0,4.1193981709054106e-05,8.797858306379187e-09,6.181736613850029e-05,,,0.0,2025-10-25 18:37:36
20,Mark Williams,7500.0,C,27.73038237765176,,,,,,0.0,,,40537182.0,Mark Williams (40537182),PHX,C,PHX@DEN 10/25/2025 09:00PM ET,161.0,PHX,DEN,20.0,11.89093,7.97885,2.14898,0.55712,0.98448,1.41719,4.84721,8.01372,60.5,0.05163,0.2389,21.6,2.14487,2.77247,77.4,2.06331,5.91555,27.4883825,0.1599488144445996,0.0006922186616202741,0.2419998776517602,,,0.0,2025-10-25 18:37:36
21,Paul George,7400.0,F,6.181736613850029e-05,,,,,,0.0,,,40537184.0,Paul George (40537184),PHI,SF/PF,CHA@PHI 10/25/2025 07:30PM ET,49.0,PHI,CHA,0.0,0.0,0.0,0.0,0.0,0.0,0.0,0.0,0.0,0.0,0.0,0.0,0.0,0.0,0.0,0.0,0.0,0.0,0.0,4.1193981709054106e-05,8.797858306379187e-09,6.181736613850029e-05,,,0.0,2025-10-25 18:37:36
22,Kristaps Porzingis,7200.0,C,30.409529709650215,34.3,42.0,-0.5,-0.35,33.91095297096502,-0.40965691754902694,0.08337224373368832,33.58,40537188.0,Kristaps Porzingis (40537188),ATL,PF/C,OKC@ATL 10/25/2025 07:30PM ET,121.0,ATL,OKC,25.0,15.72059,6.72063,1.57004,0.60438,1.065,1.17498,5.34318,11.27644,47.4,2.01329,5.0216,40.1,3.02093,3.88168,77.8,1.82196,4.89867,30.234352500000004,0.116220874554541,0.0002819659394669623,0.17517720965021238,27.5,6.6%,-0.6827615292483783,2025-10-25 18:37:36
23,Santi Aldama,7300.0,F,27.58588673756222,26.1,33.6,-9.1,-8.99,26.248588673756224,-1.0324837243203984,0.10436371114163827,25.32,40537192.0,Santi Aldama (40537192),MEM,PF/C,IND@MEM 10/25/2025 08:00PM ET,1.0,MEM,IND,23.0,11.36993,7.24267,2.80252,0.76346,0.52595,1.16582,4.42329,8.8126,50.2,1.58466,4.23356,37.4,0.93869,1.3496,69.6,1.61097,5.6317,27.415287500000005,0.11199629160225923,0.0008682667196085968,0.17059923756221462,25.0,0.1%,-1.720806207200664,2025-10-25 18:37:36
24,Jamal Murray,7200.0,G,36.96663966166612,38.4,46.2,3.6,3.68,38.25666396616661,-0.09824351416334103,-0.06332239203725497,38.1,40537196.0,Jamal Murray (40537196),DEN,PG,PHX@DEN 10/25/2025 09:00PM ET,104.0,DEN,PHX,34.0,19.21626,4.22169,5.712,1.31573,0.5148,2.18879,7.1021,15.54094,45.7,2.3682,6.28938,37.7,2.64386,3.1797,83.1,0.77849,3.4432,36.8121375,0.09912341311531611,0.00193901399771617,0.15450216166612266,34.0,16.8%,-0.16373919027223505,2025-10-25 18:37:36
25,Brandon Miller,7000.0,F,32.699946581096896,33.7,41.3,-0.3,-0.31,33.599994658109686,-0.46155915144664145,0.18785468005494893,33.33,40537199.0,Brandon Miller (40537199),CHA,SG,CHA@PHI 10/25/2025 07:30PM ET,101.0,CHA,PHI,33.0,17.0068,5.4476,3.24813,1.13141,0.61922,2.21983,5.99993,14.32483,41.9,3.03133,8.36081,36.3,1.97562,2.39142,82.6,1.11288,4.33472,32.595504999999996,0.06824291933553416,0.0006924006978650851,0.10444158109689648,33.5,7.9%,-0.7692652524110691,2025-10-25 18:37:36
26,Aaron Gordon,6900.0,F,32.04196443623334,32.4,39.5,-1.2,-1.07,32.36419644362333,-0.5950220386119351,0.17741830894078509,31.95,40537202.0,Aaron Gordon (40537202),DEN,PF,PHX@DEN 10/25/2025 09:00PM ET,54.0,DEN,PHX,33.0,16.30371,6.41404,3.6537,0.61197,0.40062,1.81367,5.85251,11.45484,51.1,1.88651,4.51782,41.8,2.71218,3.59553,75.4,2.10604,4.308,31.86341,0.11563259711421797,0.0017018468540064868,0.1785544362333464,31.0,2.1%,-0.9917033976865587,2025-10-25 18:37:36
27,Desmond Bane,6800.0,G,39.65582422203428,36.8,44.8,3.6,3.71,37.08558242220342,-0.20204798195857002,-0.058955330517444275,36.82,40537205.0,Desmond Bane (40537205),ORL,SG,CHI@ORL 10/25/2025 07:00PM ET,6.0,ORL,CHI,34.0,19.5356,6.74838,4.82968,1.46027,0.55544,2.487,7.20352,15.10028,47.7,2.73914,7.06141,38.8,2.38942,2.70379,88.4,1.14073,5.60765,39.37308500000001,0.17734766873543759,0.005572572977039143,0.2827392220342738,33.0,21.0%,-0.3367466365976167,2025-10-25 18:37:36
28,Dyson Daniels,6700.0,G,30.3910517836908,30.8,39.3,-2.0,-1.96,30.759105178369076,-0.6098512482969681,-0.0502212074778229,30.1,40537208.0,Dyson Daniels (40537208),ATL,PG/SG,OKC@ATL 10/25/2025 07:30PM ET,32.0,ATL,OKC,31.0,12.68847,5.75326,3.30747,2.38598,0.52295,1.90651,5.17176,11.02954,46.9,1.17899,3.50807,33.6,1.16597,1.84728,63.1,1.64622,4.10704,30.295350000000003,0.0624448687012962,0.0006781602129507815,0.09570178369079665,31.0,6.0%,-1.0164187471616135,2025-10-25 18:37:36
29,Andrew Nembhard,6600.0,G,6.181736613850029e-05,,,,,,0.0,,,40537212.0,Andrew Nembhard (40537212),IND,PG/SG,IND@MEM 10/25/2025 08:00PM ET,106.0,IND,MEM,0.0,0.0,0.0,0.0,0.0,0.0,0.0,0.0,0.0,0.0,0.0,0.0,0.0,0.0,0.0,0.0,0.0,0.0,0.0,4.1193981709054106e-05,8.797858306379187e-09,6.181736613850029e-05,,,0.0,2025-10-25 18:37:36
30,Onyeka Okongwu,6500.0,C,32.51083480686428,28.5,36.0,-3.5,-3.54,28.90108348068643,-0.8545332081000067,0.06749181635584295,28.11,40537216.0,Onyeka Okongwu (40537216),ATL,C,OKC@ATL 10/25/2025 07:30PM ET,111.0,ATL,OKC,29.0,13.07503,10.17832,2.02143,0.88624,0.83664,1.35862,5.0603,9.31773,54.3,0.7125,2.24982,31.7,2.24193,3.06067,73.2,3.57919,6.59913,31.952775,0.36918826290244317,0.0014258041702055213,0.5580598068642812,26.5,4.2%,-1.4242220135000112,2025-10-25 18:37:36
31,Quentin Grimes,6500.0,G,33.35577843712631,28.7,37.0,-3.3,-3.42,29.165577843712633,-0.7803871596748434,-0.04585414595801221,28.34,40537218.0,Quentin Grimes (40537218),PHI,SG,CHA@PHI 10/25/2025 07:30PM ET,58.0,PHI,CHA,31.0,17.2064,5.33977,3.93429,1.17385,0.31421,2.10655,6.03266,13.19841,45.7,3.07288,7.82432,39.3,2.06819,2.72935,75.8,0.92861,4.41116,33.2418325,0.07366419180483527,0.0011498831396862523,0.11394593712631167,29.5,2.1%,-1.300645266124739,2025-10-25 18:37:36
32,Jalen Green,6400.0,G,6.181736613850029e-05,,,,,,0.0,,,40537221.0,Jalen Green (40537221),PHX,PG/SG,PHX@DEN 10/25/2025 09:00PM ET,56.0,PHX,DEN,0.0,0.0,0.0,0.0,0.0,0.0,0.0,0.0,0.0,0.0,0.0,0.0,0.0,0.0,0.0,0.0,0.0,0.0,0.0,4.1193981709054106e-05,8.797858306379187e-09,6.181736613850029e-05,,,0.0,2025-10-25 18:37:36
33,Bennedict Mathurin,6400.0,F,34.830728781407984,36.4,44.8,4.8,4.58,36.243072878140794,-0.20204798195857002,0.19829105116911275,36.24,40537225.0,Bennedict Mathurin (40537225),IND,SG/SF,IND@MEM 10/25/2025 08:00PM ET,96.0,IND,MEM,35.0,19.0828,6.34821,3.52185,0.98097,0.40182,2.54575,6.35622,14.49663,43.8,1.70287,5.08234,33.5,4.6675,5.49533,84.9,1.46405,4.88416,34.6449775,0.12061394907735942,0.001610119263980188,0.1857512814079797,34.0,52.5%,-0.3367466365976167,2025-10-25 18:37:36
34,Isaiah Hartenstein,6400.0,C,36.50269155015126,32.1,40.0,0.5,0.46,32.54026915501513,-0.5579490143993535,0.07543203004476563,32.06,40537230.0,Isaiah Hartenstein (40537230),OKC,C,OKC@ATL 10/25/2025 07:30PM ET,62.0,OKC,ATL,30.0,12.01183,11.51354,4.17269,0.99573,0.98898,1.87809,5.1409,9.05201,56.8,0.13465,0.70876,19.0,1.59538,2.32315,68.7,3.02848,8.48506,35.760490000000004,0.47201292116881266,0.011394056132678956,0.7422015501512559,29.0,8.0%,-0.9299150239989226,2025-10-25 18:37:36
35,VJ Edgecombe,6000.0,G,29.674986563887447,34.7,43.1,4.7,4.72,34.197498656388746,1.5,-0.05458826899763358,35.64,40537232.0,VJ Edgecombe (40537232),PHI,SG/SF,CHA@PHI 10/25/2025 07:30PM ET,43.0,PHI,CHA,37.0,13.56073,4.60897,4.17893,1.62888,0.35496,2.03184,5.21263,12.01976,43.4,2.12352,5.93098,35.8,1.01196,1.27384,79.4,0.86872,3.74025,29.603857499999997,0.04604978228893619,0.0006847968180156358,0.07112906388745119,36.5,41.5%,2.5,2025-10-25 18:37:36
36,Matas Buzelis,6000.0,F,31.109999886497096,31.8,39.6,1.8,1.89,31.73099998864971,1.100956391278565,0.16698193782662124,33.0,40537237.0,Matas Buzelis (40537237),CHI,PF,CHI@ORL 10/25/2025 07:00PM ET,19.0,CHI,ORL,33.0,15.83199,6.86126,1.5986,0.68942,1.29593,1.84626,5.59558,12.33602,45.4,2.13271,5.76873,37.0,2.50811,3.13578,80.0,1.26314,5.59812,30.92039,0.12577755143461603,0.0003145197817243027,0.18960988649709695,32.5,12.6%,1.8349273187976083,2025-10-25 18:37:36
37,Zach Edey,6000.0,C,6.181736613850029e-05,,,,,,0.0,,,40537240.0,Zach Edey (40537240),MEM,C,IND@MEM 10/25/2025 08:00PM ET,42.0,MEM,IND,0.0,0.0,0.0,0.0,0.0,0.0,0.0,0.0,0.0,0.0,0.0,0.0,0.0,0.0,0.0,0.0,0.0,0.0,0.0,4.1193981709054106e-05,8.797858306379187e-09,6.181736613850029e-05,,,0.0,2025-10-25 18:37:36
38,Cameron Johnson,6000.0,F,30.67616918372858,26.3,33.3,-3.7,-3.6,26.73761691837286,0.22212278069655242,0.12523645336996594,27.08,40537242.0,Cameron Johnson (40537242),DEN,SF/PF,PHX@DEN 10/25/2025 09:00PM ET,80.0,DEN,PHX,30.0,16.93234,4.65384,3.11622,0.9289,0.42692,1.77412,5.75198,12.51234,46.0,2.72508,7.15334,38.1,2.70331,3.23802,83.5,1.11616,3.53768,30.61109,0.04267386778587697,0.00035612734992068046,0.06507918372857749,29.0,4.2%,0.37020463449425406,2025-10-25 18:37:36
39,Jared McCain,5800.0,G,6.181736613850029e-05,,,,,,0.0,,,40537246.0,Jared McCain (40537246),PHI,PG/SG,CHA@PHI 10/25/2025 07:30PM ET,98.0,PHI,CHA,0.0,0.0,0.0,0.0,0.0,0.0,0.0,0.0,0.0,0.0,0.0,0.0,0.0,0.0,0.0,0.0,0.0,0.0,0.0,4.1193981709054106e-05,8.797858306379187e-09,6.181736613850029e-05,,,0.0,2025-10-25 18:37:36
40,Grayson Allen,5700.0,G,28.58821732843605,27.2,34.6,-1.6,-1.53,27.338821732843606,0.4034693987531587,-0.037120022918390845,27.71,40537250.0,Grayson Allen (40537250),PHX,SG/SF,PHX@DEN 10/25/2025 09:00PM ET,3.0,PHX,DEN,32.0,14.19524,4.37468,3.55492,1.10596,0.43413,1.90267,4.69588,10.55567,44.5,2.81807,6.92726,40.7,1.98541,2.49766,79.5,0.68614,3.68854,28.533849999999997,0.03551522514200011,0.0003648302410171519,0.05436732843605162,30.5,8.3%,0.6724489979219311,2025-10-25 18:37:36
41,Jalen Suggs,5700.0,G,6.181736613850029e-05,,,,,,0.0,,,40537255.0,Jalen Suggs (40537255),ORL,PG/SG,CHI@ORL 10/25/2025 07:00PM ET,138.0,ORL,CHI,0.0,0.0,0.0,0.0,0.0,0.0,0.0,0.0,0.0,0.0,0.0,0.0,0.0,0.0,0.0,0.0,0.0,0.0,0.0,4.1193981709054106e-05,8.797858306379187e-09,6.181736613850029e-05,,,0.0,2025-10-25 18:37:36
42,Aaron Nesmith,5800.0,F,28.267424982943098,28.0,35.2,-1.2,-1.06,28.02674249829431,0.4871678378562076,0.1356728244841298,28.65,40537259.0,Aaron Nesmith (40537259),IND,SF/PF,IND@MEM 10/25/2025 08:00PM ET,107.0,IND,MEM,30.0,14.79254,4.92964,2.43608,1.11911,0.43965,1.26168,5.17924,10.80576,47.9,2.22066,5.41933,41.0,2.2134,2.43037,91.1,1.05935,3.87029,28.205720000000003,0.04071754242368101,0.00020955643585714173,0.06170498294309294,31.5,8.9%,0.8119463964270127,2025-10-25 18:37:36
43,Christian Braun,5600.0,G,28.047273708975094,27.3,34.1,-1.1,-1.12,27.37472737089751,0.33372069950061806,-0.04148708443820152,27.67,40537263.0,Christian Braun (40537263),DEN,SG/SF,PHX@DEN 10/25/2025 09:00PM ET,14.0,DEN,PHX,32.0,14.06466,5.33217,2.66428,1.09266,0.48296,1.15224,5.45911,10.05094,54.3,1.33731,3.49211,38.3,1.80914,2.32101,77.9,1.33666,3.99551,27.970067500000003,0.05082010391833361,0.00032535103253103243,0.0772062089750935,33.5,6.6%,0.5562011658343634,2025-10-25 18:37:36
44,Wendell Carter Jr.,5400.0,C,30.486880467439747,28.2,35.0,0.6,0.53,28.428688046743975,0.4592683581551909,0.05955160266692023,28.95,40537268.0,Wendell Carter Jr. (40537268),ORL,C,CHI@ORL 10/25/2025 07:00PM ET,24.0,ORL,CHI,31.0,10.84312,9.73651,2.16477,1.07751,0.99113,1.34867,4.05699,8.66689,46.8,0.72981,2.96787,24.6,1.99932,2.73659,73.1,3.17593,6.56058,30.088762500000005,0.2630834942854513,0.0011642420038549296,0.39811796743974176,30.0,7.0%,0.7654472635919849,2025-10-25 18:37:36
45,Kelly Oubre Jr.,5400.0,F,28.22540319054274,28.7,35.8,1.1,1.04,28.652540319054275,0.5708662769592555,0.14610919559829363,29.37,40537270.0,Kelly Oubre Jr. (40537270),PHI,SF,CHA@PHI 10/25/2025 07:30PM ET,113.0,PHI,CHA,32.0,13.62084,6.06637,2.10035,1.41728,0.40813,1.3184,5.11669,11.33825,45.1,1.5398,4.86148,31.7,1.84766,2.44777,75.5,1.48919,4.57717,28.115847499999997,0.07245370588775679,0.0002917105703690227,0.10955569054274225,32.5,10.1%,0.9514437949320926,2025-10-25 18:37:36
46,Jaylen Wells,5300.0,F,22.95079148205071,22.9,29.6,-4.3,-4.31,22.90507914820507,-0.2940175937722476,0.07305459779914682,22.68,40537273.0,Jaylen Wells (40537273),MEM,SG/SF,IND@MEM 10/25/2025 08:00PM ET,154.0,MEM,IND,28.0,11.60011,4.8062,2.14315,0.67221,0.18779,1.15309,4.13739,9.28759,44.5,1.88457,5.15489,36.6,1.44076,1.78717,80.6,1.4677,3.3385,22.908325000000005,0.028088406195498967,0.00011129091915227587,0.04246648205070528,30.0,0.8%,-0.49002932295374607,2025-10-25 18:37:36
47,Ayo Dosunmu,5300.0,G,23.99887676913192,22.1,29.6,-5.1,-5.14,22.289887676913192,-0.2940175937722476,-0.019651776839148084,21.98,40537278.0,Ayo Dosunmu (40537278),CHI,SG/SF,CHI@ORL 10/25/2025 07:00PM ET,38.0,CHI,ORL,27.0,12.11805,3.51036,3.56654,0.84553,0.28982,1.66223,4.49907,9.41576,47.8,1.34547,3.96377,33.9,1.77445,2.21617,80.1,0.53737,2.97299,23.96813,0.020186328525130665,0.00015575878140778685,0.030746769131919358,26.0,0.5%,-0.49002932295374607,2025-10-25 18:37:36
48,Dillon Brooks,5100.0,F,25.66387838600473,26.7,33.4,0.3,0.53,26.59638783860047,0.23607252054706074,0.11480008225580211,26.95,40537283.0,Dillon Brooks (40537283),PHX,SF,PHX@DEN 10/25/2025 09:00PM ET,17.0,PHX,DEN,32.0,14.31619,4.14143,2.25699,0.83383,0.28777,1.29759,5.28838,12.24943,43.2,2.31152,6.0187,38.4,1.42791,1.78712,79.9,0.98149,3.15994,25.628627500000004,0.023309270884040823,9.565989288821362e-05,0.035250886004725875,31.0,15.6%,0.3934542009117679,2025-10-25 18:37:36
49,Collin Sexton,5100.0,G,18.4891259445522,20.6,28.0,-5.8,-5.87,20.38891259445522,-0.5172134313803779,0.006550592279716032,19.88,40537286.0,Collin Sexton (40537286),CHA,PG/SG,CHA@PHI 10/25/2025 07:30PM ET,129.0,CHA,PHI,19.0,10.47347,2.2385,2.70336,0.58906,0.07563,1.42786,3.79726,7.80047,48.7,1.07418,2.63988,40.7,1.80477,2.16859,83.2,0.74302,1.49548,18.479175,0.006595374662272184,1.9294186263206995e-05,0.009950944552197898,20.0,0.4%,-0.8620223856339632,2025-10-25 18:37:36
50,Obi Toppin,5100.0,F,33.857728670711836,28.8,36.6,2.4,2.4,29.30577286707118,0.6824641957633212,0.15654556671245745,30.14,40537290.0,Obi Toppin (40537290),IND,PF,IND@MEM 10/25/2025 08:00PM ET,142.0,IND,MEM,30.0,16.35574,6.47865,3.87651,1.05524,0.53446,1.67965,6.13184,12.30096,49.8,2.1171,5.9772,35.4,1.97497,2.49102,79.3,1.17184,5.30681,33.666942500000005,0.1229502980626013,0.00212024120597645,0.19078617071183132,26.0,17.7%,1.137440326272202,2025-10-25 18:37:36
51,Zaccharie Risacher,5000.0,F,6.181736613850029e-05,,,,,,0.0,,,40537293.0,Zaccharie Risacher (40537293),ATL,SF/PF,OKC@ATL 10/25/2025 07:30PM ET,126.0,ATL,OKC,0.0,0.0,0.0,0.0,0.0,0.0,0.0,0.0,0.0,0.0,0.0,0.0,0.0,0.0,0.0,0.0,0.0,0.0,0.0,4.1193981709054106e-05,8.797858306379187e-09,6.181736613850029e-05,,,0.0,2025-10-25 18:37:36
52,Aaron Wiggins,5000.0,F,25.989677156648764,22.9,31.0,-3.1,-3.1,23.208967715664876,-0.09872123586513408,0.08349096891331065,23.19,40537297.0,Aaron Wiggins (40537297),OKC,SF/PF,OKC@ATL 10/25/2025 07:30PM ET,156.0,OKC,ATL,26.0,14.0273,4.47761,2.22145,1.00851,0.22885,1.12305,5.34392,11.25994,47.5,2.15437,5.66151,38.1,1.18508,1.43911,82.3,1.19154,3.28607,25.9468675,0.028305759791872775,0.00011700565365150136,0.04280965664876367,23.0,3.9%,-0.1645353931085568,2025-10-25 18:37:36
53,Isaiah Jackson,5000.0,C,14.637834060175633,20.0,27.5,-6.0,-5.99,19.463783406017562,-0.5869621306329185,0.019850534222306735,18.9,40537301.0,Isaiah Jackson (40537301),IND,C,IND@MEM 10/25/2025 08:00PM ET,74.0,IND,MEM,12.0,5.2631,4.07686,1.14686,0.49233,0.98493,0.87169,2.0552,3.64833,56.3,0.06262,0.17238,36.3,1.09009,2.03038,53.7,1.54967,2.52719,14.62945,0.005572923041521974,8.22520445019055e-06,0.008384060175633532,17.5,0.1%,-0.9782702177215308,2025-10-25 18:37:36
54,Kon Knueppel,4900.0,F,22.70192928530901,20.0,27.2,-5.6,-5.65,20.2701929285309,-0.628811350184443,0.041745484456655296,19.68,40537303.0,Kon Knueppel (40537303),CHA,SG/SF,CHA@PHI 10/25/2025 07:30PM ET,88.0,CHA,PHI,26.0,10.76972,4.76054,2.64821,0.85923,0.17273,1.80556,3.79812,8.18264,46.4,1.61583,4.13996,39.0,1.55766,1.82058,85.6,1.00724,3.7533,22.661765,0.02645897981743077,0.00015860519428792936,0.040164285309009944,24.5,0.1%,-1.0480189169740717,2025-10-25 18:37:36
55,T.J. McConnell,4900.0,G,6.181736613850029e-05,,,,,,0.0,,,40537308.0,T.J. McConnell (40537308),IND,PG,IND@MEM 10/25/2025 08:00PM ET,99.0,IND,MEM,0.0,0.0,0.0,0.0,0.0,0.0,0.0,0.0,0.0,0.0,0.0,0.0,0.0,0.0,0.0,0.0,0.0,0.0,0.0,4.1193981709054106e-05,8.797858306379187e-09,6.181736613850029e-05,,,0.0,2025-10-25 18:37:36
56,Scotty Pippen Jr.,4900.0,G,6.181736613850029e-05,,,,,,0.0,,,40537311.0,Scotty Pippen Jr. (40537311),MEM,PG,IND@MEM 10/25/2025 08:00PM ET,119.0,MEM,IND,0.0,0.0,0.0,0.0,0.0,0.0,0.0,0.0,0.0,0.0,0.0,0.0,0.0,0.0,0.0,0.0,0.0,0.0,0.0,4.1193981709054106e-05,8.797858306379187e-09,6.181736613850029e-05,,,0.0,2025-10-25 18:37:36
57,Kentavious Caldwell-Pope,4800.0,G,21.935770661896598,21.2,28.3,-4.0,-4.15,21.27357706618966,-0.47536421182885336,-0.0021835307599053473,20.8,40537314.0,Kentavious Caldwell-Pope (40537314),MEM,SG/SF,IND@MEM 10/25/2025 08:00PM ET,21.0,MEM,IND,31.0,10.23434,3.24651,2.28782,1.40723,0.54665,1.08475,3.69076,8.05478,45.8,1.66528,4.64382,35.9,1.18754,1.40256,84.7,0.6184,2.62812,21.9222325,0.008961671401330758,3.188493153375971e-05,0.013538161896597416,30.0,2.8%,-0.7922736863814223,2025-10-25 18:37:36
58,Luguentz Dort,4800.0,F,28.88369422332587,23.2,30.5,-2.0,-1.98,23.768369422332587,-0.16846993511767472,0.09392734002747449,23.69,40537319.0,Luguentz Dort (40537319),OKC,SG,OKC@ATL 10/25/2025 07:30PM ET,37.0,OKC,ATL,35.0,13.85893,5.16593,2.30987,1.47809,0.51528,1.05235,4.95223,11.34809,43.6,3.15152,7.7817,40.5,0.80295,1.07301,74.8,1.49654,3.6694,28.817472500000004,0.04373707055289017,0.00020537249884375658,0.06622172332586652,31.0,2.9%,-0.28078322519612453,2025-10-25 18:37:36
59,Ajay Mitchell,4600.0,G,19.79226346890448,20.2,27.9,-4.2,-4.1,20.159226346890446,-0.5311631712308862,0.015284715319337401,19.64,40537322.0,Ajay Mitchell (40537322),OKC,PG,OKC@ATL 10/25/2025 07:30PM ET,102.0,OKC,ATL,23.0,9.6484,2.7491,2.89944,1.04988,0.1417,1.22714,3.6471,7.62754,47.8,1.15305,2.98702,38.6,1.20115,1.44258,83.3,0.68233,2.06677,19.78005,0.00807540021677948,3.345619310404841e-05,0.012213468904481365,21.5,0.6%,-0.885271952051477,2025-10-25 18:37:36
60,Tre Jones,4500.0,G,29.461274793303826,25.0,32.9,1.0,0.95,25.446127479330382,0.1663238212945201,-0.032752961398580145,25.58,40537325.0,Tre Jones (40537325),CHI,PG,CHI@ORL 10/25/2025 07:00PM ET,84.0,CHI,ORL,31.0,12.84542,4.37919,5.55452,1.23352,0.29092,1.5867,4.68594,9.19713,51.0,0.89009,2.28687,38.9,2.58345,3.12548,82.7,1.04866,3.33053,29.3517625,0.07012891065038399,0.001439642442749608,0.10951229330382481,28.0,12.5%,0.2772063688242002,2025-10-25 18:37:36
61,Royce O'Neale,4500.0,F,25.75305092504026,22.4,29.6,-1.6,-1.66,22.735305092504028,-0.2940175937722476,0.06261822668498297,22.5,40537328.0,Royce O'Neale (40537328),PHX,SF/PF,PHX@DEN 10/25/2025 09:00PM ET,110.0,PHX,DEN,28.0,10.52518,5.64496,2.94863,0.99122,0.54359,1.23459,3.78835,8.94654,42.3,2.45588,6.25628,39.3,0.4926,0.65448,75.3,0.79988,4.84508,25.684590000000004,0.04490552983169807,0.0003675434309034961,0.0684609250402576,25.0,9.5%,-0.49002932295374607,2025-10-25 18:37:36
62,Cason Wallace,4500.0,G,21.81834353575321,24.3,32.0,0.3,0.27,24.051834353575323,0.040776162639947176,-0.028385899878769473,24.06,40537332.0,Cason Wallace (40537332),OKC,PG/SG,OKC@ATL 10/25/2025 07:30PM ET,150.0,OKC,ATL,26.0,9.11263,3.34144,2.73493,1.74224,0.37289,0.98296,3.55006,7.77818,45.6,1.34717,3.75333,35.9,0.66533,0.81896,81.2,0.95513,2.38631,21.80419,0.009345543098586605,4.507370177809338e-05,0.014153535753214189,28.0,16.2%,0.06796027106657863,2025-10-25 18:37:36
63,Jock Landale,4600.0,C,27.53868326030203,22.8,29.8,-1.6,-1.65,23.273868326030204,-0.2661181140712315,0.035730961600152135,23.04,40537336.0,Jock Landale (40537336),MEM,C,IND@MEM 10/25/2025 08:00PM ET,91.0,MEM,IND,25.0,10.50576,8.97024,2.07259,0.69688,0.68149,1.25631,4.29322,7.70221,55.7,0.56398,1.34253,42.0,1.35534,1.98185,68.4,3.4265,5.54374,27.238020000000006,0.1988361360668431,0.0008030187339191888,0.30066326030202223,23.0,2.4%,-0.44353019011871914,2025-10-25 18:37:36
64,Ryan Dunn,4400.0,F,21.161279326085943,19.7,26.8,-3.9,-4.04,19.846127932608592,-0.6846103095864753,0.031309113342491514,19.19,40537338.0,Ryan Dunn (40537338),PHX,SF/PF,PHX@DEN 10/25/2025 09:00PM ET,40.0,PHX,DEN,25.0,9.59985,4.88993,1.43626,0.77934,0.73018,0.92601,3.83999,8.77379,43.8,1.41072,4.52067,31.2,0.50915,0.88656,57.4,1.43925,3.45068,21.1280475,0.022064274136660355,4.513829364979908e-05,0.03323182608593993,24.5,1.4%,-1.1410171826441255,2025-10-25 18:37:36
65,Kevin Huerter,4400.0,G,22.78317106321153,21.6,28.8,-2.0,-1.86,21.718317106321155,-0.4056155125763128,-0.006550592279716021,21.31,40537342.0,Kevin Huerter (40537342),CHI,SG/SF,CHI@ORL 10/25/2025 07:00PM ET,68.0,CHI,ORL,27.0,11.73285,3.72462,2.20523,1.0183,0.30512,1.33494,4.30701,10.10893,42.6,2.17191,6.26739,34.7,0.94691,1.28,74.0,0.51601,3.20861,22.761794999999996,0.014145900880552354,5.2403963568844336e-05,0.021376063211535064,26.0,7.6%,-0.6760258542938546,2025-10-25 18:37:36
66,Alex Caruso,4400.0,G,6.181736613850029e-05,,,,,,0.0,,,40537347.0,Alex Caruso (40537347),OKC,SG/SF,OKC@ATL 10/25/2025 07:30PM ET,25.0,OKC,ATL,0.0,0.0,0.0,0.0,0.0,0.0,0.0,0.0,0.0,0.0,0.0,0.0,0.0,0.0,0.0,0.0,0.0,0.0,0.0,4.1193981709054106e-05,8.797858306379187e-09,6.181736613850029e-05,,,0.0,2025-10-25 18:37:36
67,Brandon Clarke,4400.0,C,6.181736613850029e-05,,,,,,0.0,,,40537352.0,Brandon Clarke (40537352),MEM,C,IND@MEM 10/25/2025 08:00PM ET,27.0,MEM,IND,0.0,0.0,0.0,0.0,0.0,0.0,0.0,0.0,0.0,0.0,0.0,0.0,0.0,0.0,0.0,0.0,0.0,0.0,0.0,4.1193981709054106e-05,8.797858306379187e-09,6.181736613850029e-05,,,0.0,2025-10-25 18:37:36
68,Jalen Smith,4500.0,C,17.71231480300621,17.2,24.2,-6.8,-6.77,17.251231480300618,-1.0473035456996869,-0.003970106844461344,16.2,40537354.0,Jalen Smith (40537354),CHI,C,CHI@ORL 10/25/2025 07:00PM ET,134.0,CHI,ORL,14.0,7.77275,5.52391,0.82869,0.26448,0.53503,0.67039,2.73611,5.8596,46.7,0.98175,2.97233,33.0,1.31877,1.65587,79.6,1.33112,4.19279,17.6753725,0.02457433808565452,2.6931959242191684e-05,0.036942303006208356,15.0,0.0%,-1.745505909499478,2025-10-25 18:37:36
69,Moussa Diabate,4300.0,C,21.056474788428005,20.7,28.2,-2.5,-2.54,20.7356474788428,0.5608779118987671,0.027790747911229447,21.32,40537356.0,Moussa Diabate (40537356),CHA,C,CHA@PHI 10/25/2025 07:30PM ET,35.0,CHA,PHI,21.0,6.33845,8.36509,1.0629,0.81894,0.67254,0.96689,2.61079,4.36329,59.8,0.09448,0.2908,32.5,1.0224,1.7079,59.9,3.53278,4.8323,20.935917499999995,0.08014214391152481,0.00011469085357445708,0.1205572884280106,20.5,2.0%,0.9347965198312786,2025-10-25 18:37:36
70,Nickeil Alexander-Walker,4300.0,G,21.98450496629924,22.1,29.8,-1.1,-1.12,22.088450496629925,0.7255393172268458,-0.010917653799526717,22.8,40537358.0,Nickeil Alexander-Walker (40537358),ATL,SG/SF,OKC@ATL 10/25/2025 07:30PM ET,2.0,ATL,OKC,28.0,10.8181,3.95371,2.54536,0.67635,0.37235,1.42843,3.74594,8.81278,42.5,1.99795,5.3936,37.0,1.32827,1.72687,76.9,0.86714,3.08658,21.9604375,0.015887466254854498,7.87556389865452e-05,0.02406746629924138,28.5,20.7%,1.2092321953780765,2025-10-25 18:37:36
71,Cedric Coward,4300.0,G,19.65658212381547,16.9,24.5,-6.3,-6.26,17.175658212381546,0.1800984120775858,0.028385899878769463,17.38,40537363.0,Cedric Coward (40537363),MEM,SG,IND@MEM 10/25/2025 08:00PM ET,30.0,MEM,IND,22.0,9.30373,3.87542,2.47118,0.5371,0.41827,1.67553,3.39546,7.4592,45.5,1.42068,3.68063,38.6,1.09215,1.31222,83.2,0.75255,3.12288,19.63809,0.012215095893331659,5.649332515756881e-05,0.018492123815470194,19.0,0.1%,0.3001640201293097,2025-10-25 18:37:36
72,Moritz Wagner,4300.0,C,6.181736613850029e-05,,,,,,0.0,,,40537366.0,Moritz Wagner (40537366),ORL,C,CHI@ORL 10/25/2025 07:00PM ET,147.0,ORL,CHI,0.0,0.0,0.0,0.0,0.0,0.0,0.0,0.0,0.0,0.0,0.0,0.0,0.0,0.0,0.0,0.0,0.0,0.0,0.0,4.1193981709054106e-05,8.797858306379187e-09,6.181736613850029e-05,,,0.0,2025-10-25 18:37:36
73,Jonas Valanciunas,4200.0,C,17.025424436461748,16.1,23.7,-6.7,-6.55,16.192542443646175,0.09776770941354652,-0.019850534222306745,16.27,40537368.0,Jonas Valanciunas (40537368),DEN,C,PHX@DEN 10/25/2025 09:00PM ET,144.0,DEN,PHX,13.0,6.62435,5.79537,1.38281,0.32512,0.44149,1.08852,2.72813,5.04133,54.1,0.11555,0.45529,25.4,1.05255,1.29733,81.1,1.8758,3.91957,16.989512499999996,0.023847192693012942,4.7049140744355674e-05,0.03591193646175248,12.5,0.1%,0.16294618235591088,2025-10-25 18:37:36
74,Vince Williams Jr.,4100.0,F,6.181736613850029e-05,,,,,,0.0,,,40537370.0,Vince Williams Jr. (40537370),MEM,SG/SF,IND@MEM 10/25/2025 08:00PM ET,163.0,MEM,IND,0.0,0.0,0.0,0.0,0.0,0.0,0.0,0.0,0.0,0.0,0.0,0.0,0.0,0.0,0.0,0.0,0.0,0.0,0.0,4.1193981709054106e-05,8.797858306379187e-09,6.181736613850029e-05,,,0.0,2025-10-25 18:37:36
75,Grant Williams,4000.0,F,6.181736613850029e-05,,,,,,0.0,,,40537375.0,Grant Williams (40537375),CHA,PF/C,CHA@PHI 10/25/2025 07:30PM ET,157.0,CHA,PHI,0.0,0.0,0.0,0.0,0.0,0.0,0.0,0.0,0.0,0.0,0.0,0.0,0.0,0.0,0.0,0.0,0.0,0.0,0.0,4.1193981709054106e-05,8.797858306379187e-09,6.181736613850029e-05,,,0.0,2025-10-25 18:37:36
76,Mason Plumlee,4000.0,C,6.181736613850029e-05,0.9,7.5,-21.1,-21.15,0.8100061817366138,-1.5,-0.09925267111153373,0.0,40537379.0,Mason Plumlee (40537379),CHA,C,CHA@PHI 10/25/2025 07:30PM ET,120.0,CHA,PHI,0.0,0.0,0.0,0.0,0.0,0.0,0.0,0.0,0.0,0.0,0.0,0.0,0.0,0.0,0.0,0.0,0.0,0.0,0.0,4.1193981709054106e-05,8.797858306379187e-09,6.181736613850029e-05,1.0,0.0%,-2.5,2025-10-25 18:37:36
77,Anthony Black,4000.0,G,21.206893724109683,20.1,27.8,-1.9,-1.89,20.210689372410968,0.5197125605667477,0.010917653799526717,20.74,40537381.0,Anthony Black (40537381),ORL,PG/SG,CHI@ORL 10/25/2025 07:00PM ET,10.0,ORL,CHI,24.0,9.45452,3.28673,2.68327,1.25455,0.71408,1.69617,3.37436,7.90887,42.7,1.03142,3.09363,33.3,1.67438,2.17582,77.0,0.79238,2.49435,21.1927225,0.00936127025044389,4.3106244673505994e-05,0.014171224109686352,25.5,8.2%,0.8661876009445796,2025-10-25 18:37:36
78,Cam Spencer,3900.0,G,9.583712806000866,8.8,15.7,-12.8,-12.79,8.878371280600087,-0.7255393172268458,0.04585414595801221,8.2,40537385.0,Cam Spencer (40537385),MEM,PG,IND@MEM 10/25/2025 08:00PM ET,136.0,MEM,IND,10.0,4.3682,1.52963,1.45746,0.38534,0.06154,0.31794,1.45516,3.33726,43.6,0.76258,2.01924,37.8,0.6953,0.72097,96.4,0.55088,0.97875,9.5825075,0.0008017165460571337,9.103939268013688e-07,0.0012053060008661047,10.0,0.0%,-1.2092321953780765,2025-10-25 18:37:36
79,Tidjane Salaun,3800.0,F,10.768387520283447,11.5,18.3,-9.7,-9.77,11.426838752028345,-0.45796453356871814,-0.052181855570819134,10.92,40537388.0,Tidjane Salaun (40537388),CHA,PF,CHA@PHI 10/25/2025 07:30PM ET,128.0,CHA,PHI,14.0,3.86074,3.5885,0.89877,0.37023,0.16739,0.58585,1.30184,3.49274,37.3,0.57499,1.94145,29.6,0.68208,0.97165,70.2,0.9255,2.663,10.76433,0.002698988532154862,3.0124950715584213e-06,0.004057520283446969,15.0,0.0%,-0.7632742226145303,2025-10-25 18:37:36
80,Adem Bona,3800.0,C,17.870354117718154,14.4,21.9,-6.8,-6.86,14.747035411771815,-0.08747637158054183,-0.035730961600152135,14.62,40537391.0,Adem Bona (40537391),PHI,C,CHA@PHI 10/25/2025 07:30PM ET,11.0,PHI,CHA,19.0,6.48757,5.71714,0.86287,0.58194,1.15927,1.25279,2.59829,3.97772,65.3,0.10644,0.33728,31.6,1.18455,1.75362,67.5,1.97376,3.74338,17.837545,0.021823045676976915,2.4849734230581237e-05,0.032809117718157116,16.0,0.0%,-0.1457939526342364,2025-10-25 18:37:36
81,Tim Hardaway Jr.,3800.0,F,14.062673626309556,14.1,20.5,-7.1,-7.02,14.096267362630954,-0.23155510124261033,-0.010436371114163838,13.85,40537393.0,Tim Hardaway Jr. (40537393),DEN,SG/SF,PHX@DEN 10/25/2025 09:00PM ET,61.0,DEN,PHX,20.0,8.05915,2.10057,1.21573,0.41459,0.09389,0.5617,2.71124,6.71075,40.4,1.62953,4.50239,36.2,1.00713,1.26048,79.9,0.30892,1.79165,14.059332500000004,0.002222034132678728,2.6917035115126706e-06,0.00334112630955263,19.0,0.0%,-0.3859251687376839,2025-10-25 18:37:36
82,Patrick Williams,3800.0,F,12.215129810340061,13.2,20.4,-8.0,-7.84,13.101512981034006,-0.2418464390756154,-0.031309113342491486,12.83,40537398.0,Patrick Williams (40537398),CHI,PF,CHI@ORL 10/25/2025 07:00PM ET,162.0,CHI,ORL,15.0,5.90447,2.65205,1.0234,0.45603,0.26904,0.92246,2.07499,5.09384,40.7,0.93679,2.58384,36.3,0.81771,1.12626,72.6,0.45403,2.19802,12.2119375,0.002123302425178984,2.4522340974237442e-06,0.003192310340060747,18.0,0.0%,-0.403077398459359,2025-10-25 18:37:36
83,Goga Bitadze,3800.0,C,19.241065393709782,19.2,26.7,-2.0,-2.02,19.204106539370976,0.40650784440369364,0.011910320533384046,19.62,40537401.0,Goga Bitadze (40537401),ORL,C,CHI@ORL 10/25/2025 07:00PM ET,9.0,ORL,CHI,17.0,5.81279,6.05909,1.4348,0.66847,1.3458,0.83267,2.39411,4.01809,59.6,0.10877,0.53521,20.3,0.91581,1.41341,64.8,2.26951,3.78958,19.2054425,0.02364995590869537,4.93199489134264e-05,0.03562289370978333,18.0,1.5%,0.6775130740061561,2025-10-25 18:37:36
84,Ben Sheppard,3800.0,G,24.845128061080157,22.0,28.7,0.8,0.74,22.284512806108015,0.6123346010637917,-0.015284715319337411,22.88,40537403.0,Ben Sheppard (40537403),IND,SG/SF,IND@MEM 10/25/2025 08:00PM ET,130.0,IND,MEM,32.0,9.89717,4.68819,3.69352,1.18056,0.3484,0.96543,3.50979,8.59766,40.8,1.85744,5.51008,33.7,1.02014,1.15726,88.2,1.16245,3.52574,24.801612499999997,0.02833886934142283,0.0003357523560087469,0.04351556108016049,29.5,21.8%,1.020557668439653,2025-10-25 18:37:36
85,Jaylin Williams,3800.0,C,16.71668283809632,16.7,24.5,-4.5,-4.53,16.70166828380963,0.1800984120775858,-0.011910320533384046,16.87,40537408.0,Jaylin Williams (40537408),OKC,C,OKC@ATL 10/25/2025 07:30PM ET,159.0,OKC,ATL,14.0,5.54718,4.75978,2.14129,0.44476,0.44167,0.68274,1.96264,4.36047,45.0,1.12119,2.83946,39.5,0.50071,0.66001,75.9,0.91133,3.84845,16.700924999999998,0.010423891356052121,4.066702074798427e-05,0.015757838096322134,16.0,0.2%,0.3001640201293097,2025-10-25 18:37:36
86,Javon Small,3800.0,G,18.658959386622016,17.2,25.3,-4.0,-4.1,17.3458959386622,0.2624291147416251,0.02401883835895878,17.63,40537410.0,Javon Small (40537410),MEM,PG,IND@MEM 10/25/2025 08:00PM ET,133.0,MEM,IND,18.0,8.36997,4.02192,2.22008,0.59384,0.42458,1.20359,3.11986,6.70189,46.6,0.95937,2.68494,35.7,1.17086,1.50315,77.9,0.89129,3.13063,18.642220000000002,0.011073130895095217,4.3230093123984934e-05,0.01673938662201478,18.0,0.3%,0.43738185790270856,2025-10-25 18:37:36
87,Bruce Brown,3700.0,G,16.80267261208381,14.4,21.6,-6.4,-6.43,14.640267261208379,-0.11835038507955624,0.037120022918390845,14.56,40537413.0,Bruce Brown (40537413),DEN,PG/SG,PHX@DEN 10/25/2025 09:00PM ET,18.0,DEN,PHX,20.0,7.36439,3.88502,1.79705,0.74972,0.238,0.94324,2.8081,6.7174,41.8,0.74124,2.18656,33.9,1.00696,1.3115,76.8,1.01521,2.8698,16.79068,0.007952222947583092,2.142588747951092e-05,0.011992612083813171,19.0,0.1%,-0.1972506417992604,2025-10-25 18:37:36
88,Jordan Goodwin,3700.0,G,6.181736613850029e-05,5.1,12.3,-15.7,-15.66,4.590006181736614,-1.0754448035490123,0.06332239203725495,3.58,40537417.0,Jordan Goodwin (40537417),PHX,PG/SG,PHX@DEN 10/25/2025 09:00PM ET,53.0,PHX,DEN,0.0,0.0,0.0,0.0,0.0,0.0,0.0,0.0,0.0,0.0,0.0,0.0,0.0,0.0,0.0,0.0,0.0,0.0,0.0,4.1193981709054106e-05,8.797858306379187e-09,6.181736613850029e-05,6.0,0.0%,-1.7924080059150207,2025-10-25 18:37:36
89,Isaiah Joe,3700.0,G,6.181736613850029e-05,,,,,,0.0,,,40537421.0,Isaiah Joe (40537421),OKC,SG/SF,OKC@ATL 10/25/2025 07:30PM ET,79.0,OKC,ATL,0.0,0.0,0.0,0.0,0.0,0.0,0.0,0.0,0.0,0.0,0.0,0.0,0.0,0.0,0.0,0.0,0.0,0.0,0.0,4.1193981709054106e-05,8.797858306379187e-09,6.181736613850029e-05,,,0.0,2025-10-25 18:37:36
90,Jonathan Isaac,3600.0,F,6.547611110560324,8.4,15.3,-12.0,-11.88,8.214761111056033,-0.7667046685588652,-0.09392734002747447,7.35,40537426.0,Jonathan Isaac (40537426),ORL,PF/C,CHI@ORL 10/25/2025 07:00PM ET,72.0,ORL,CHI,6.0,2.11293,1.87501,0.2503,0.36335,0.48588,0.20314,0.75764,1.82677,41.5,0.23603,0.90129,26.2,0.36162,0.52355,69.1,0.72672,1.14828,6.5470475,0.00037537214079991606,1.8411637482505087e-07,0.0005636105603243492,8.5,0.0%,-1.2778411142647754,2025-10-25 18:37:36
91,Tre Mann,3500.0,G,17.694573764286684,17.6,25.1,-2.4,-2.38,17.60945737642867,0.2418464390756154,0.019651776839148094,17.87,40537430.0,Tre Mann (40537430),CHA,PG/SG,CHA@PHI 10/25/2025 07:30PM ET,95.0,CHA,PHI,19.0,9.39737,2.61643,2.43316,0.49573,0.21066,1.33627,3.57252,7.97892,44.8,1.24673,3.06,40.7,1.0056,1.15799,86.8,0.80122,1.8152,17.6856575,0.005907040575089197,1.856780801649355e-05,0.008916264286683276,20.0,2.3%,0.403077398459359,2025-10-25 18:37:36
92,Collin Gillespie,3500.0,G,25.08805126446025,20.5,28.0,0.5,0.55,20.958805126446027,0.5402952362327574,0.0021835307599053473,21.5,40537434.0,Collin Gillespie (40537434),PHX,PG,PHX@DEN 10/25/2025 09:00PM ET,52.0,PHX,DEN,23.0,10.07226,4.03119,4.66554,1.01507,0.28946,1.1633,3.57207,8.30038,43.0,1.80448,4.36213,41.4,1.12363,1.35116,83.2,0.9491,3.08208,25.0392075,0.0316752506420331,0.00044362949906719373,0.04884376446025123,21.5,16.1%,0.9004920603879292,2025-10-25 18:37:36
93,Dominick Barlow,3500.0,C,28.28935910421411,25.5,32.2,5.5,5.49,25.77893591042141,0.9725314252189636,0.05161138897799754,26.8,40537437.0,Dominick Barlow (40537437),PHI,PF/C,CHA@PHI 10/25/2025 07:30PM ET,7.0,PHI,CHA,30.0,11.37279,7.85938,1.97915,0.80154,1.10487,0.57958,4.55795,8.95707,50.9,0.76752,2.74877,27.9,1.48938,2.29534,64.9,2.92282,4.93656,28.072529999999997,0.1434992619867627,0.0005267370779900539,0.21682910421411422,29.0,60.2%,1.6208857086982729,2025-10-25 18:37:36
94,Peyton Watson,3500.0,F,13.801016082183818,11.6,18.4,-8.4,-8.27,11.820101608218382,-0.4476731957357135,-0.041745484456655324,11.33,40537441.0,Peyton Watson (40537441),DEN,PF,PHX@DEN 10/25/2025 09:00PM ET,153.0,DEN,PHX,17.0,5.81098,2.79407,1.06309,0.50823,0.9534,0.66543,2.16621,4.6561,46.5,0.6175,1.74481,35.4,0.86106,1.30867,65.8,0.62463,2.16943,13.7974975,0.0023400021996761978,2.859628101167484e-06,0.003518582183817799,15.0,0.0%,-0.7461219928928559,2025-10-25 18:37:36
95,Tyus Jones,3500.0,G,26.411608271803267,22.4,29.5,2.4,2.28,22.801160827180325,0.694665303727831,-0.02401883835895878,23.47,40537444.0,Tyus Jones (40537444),ORL,PG,CHI@ORL 10/25/2025 07:00PM ET,85.0,ORL,CHI,29.0,11.70606,3.05855,5.12307,1.12069,0.18438,1.2996,4.26789,9.61223,44.4,2.35678,5.86362,40.2,0.8135,0.92243,88.2,0.69295,2.36559,26.352582500000004,0.03869238236901035,0.00032906608324956017,0.0590257718032642,26.5,19.8%,1.1577755062130517,2025-10-25 18:37:36
96,Jay Huff,3500.0,C,13.947512766068328,14.1,21.0,-5.9,-5.93,14.084751276606832,-0.1800984120775858,-0.04367117528907484,13.86,40537447.0,Jay Huff (40537447),IND,C,IND@MEM 10/25/2025 08:00PM ET,69.0,IND,MEM,12.0,6.99667,2.37477,1.01002,0.32134,0.78912,0.69629,2.50132,5.02756,49.8,1.18275,3.00727,39.3,0.81129,1.02018,79.5,0.59586,1.77891,13.944312499999997,0.002128869045981831,2.3208331197814953e-06,0.0032002660683320906,14.0,0.1%,-0.3001640201293097,2025-10-25 18:37:36
97,Oso Ighodaro,3500.0,C,15.601513339363493,17.9,24.6,-2.1,-2.22,17.67015133393635,0.19038974991059085,0.003970106844461357,17.86,40537449.0,Oso Ighodaro (40537449),PHX,C,PHX@DEN 10/25/2025 09:00PM ET,71.0,PHX,DEN,19.0,5.61143,4.6302,1.56396,0.52095,0.61021,0.88861,2.4569,4.1054,59.8,0.04905,0.20336,24.1,0.64859,1.09007,59.5,1.21348,3.41672,15.587660000000003,0.00919355737946042,2.1001098099312806e-05,0.013853339363488568,24.5,3.5%,0.3173162498509848,2025-10-25 18:37:36
98,Taelon Peter,3500.0,G,16.49077628403349,13.2,20.0,-6.8,-6.72,13.529077628403348,-0.28301179040763486,0.041487084438201524,13.29,40537451.0,Taelon Peter (40537451),IND,PG/SG,IND@MEM 10/25/2025 08:00PM ET,115.0,IND,MEM,16.0,7.44762,2.94112,2.46375,0.60821,0.28369,1.11111,2.68332,6.21621,43.2,0.87009,2.54728,34.2,1.2109,1.5166,79.8,0.68269,2.25842,16.482935,0.005190050098334218,1.8736295329118828e-05,0.007841284033488684,16.0,0.0%,-0.47168631734605815,2025-10-25 18:37:36
99,Ryan Kalkbrenner,3400.0,C,26.4706805445146,23.8,31.1,4.2,4.29,24.06706805445146,1.5,0.043671175289074854,25.61,40537455.0,Ryan Kalkbrenner (40537455),CHA,C,CHA@PHI 10/25/2025 07:30PM ET,86.0,CHA,PHI,27.0,9.95961,8.26808,1.34682,0.62277,1.59365,1.38041,4.07261,6.76541,60.2,0.39945,1.15209,34.7,1.41494,2.08283,67.9,2.29933,5.96876,26.2573,0.1417039696361539,0.000274863353456428,0.21338054451460012,25.5,35.3%,2.5,2025-10-25 18:37:36
100,Luke Kennard,3400.0,G,20.188769504155477,15.8,23.2,-3.8,-3.85,16.238876950415552,0.9238750917532137,0.032752961398580145,17.2,40537457.0,Luke Kennard (40537457),ATL,PG/SG,OKC@ATL 10/25/2025 07:30PM ET,87.0,ATL,OKC,24.0,9.69352,3.31225,2.8509,0.77256,0.09514,1.24834,3.42038,7.47042,45.8,1.90315,4.6,41.4,0.94961,1.11818,84.9,0.72176,2.5905,20.1729875,0.010415108482390266,5.3113810630401276e-05,0.015782004155476603,22.5,2.1%,1.5397918195886895,2025-10-25 18:37:36
101,Khaman Maluach,3400.0,C,6.181736613850029e-05,8.5,15.4,-11.1,-10.93,7.6500061817366145,0.22716243192086272,-0.05161138897799754,7.83,40537461.0,Khaman Maluach (40537461),PHX,C,PHX@DEN 10/25/2025 09:00PM ET,94.0,PHX,DEN,0.0,0.0,0.0,0.0,0.0,0.0,0.0,0.0,0.0,0.0,0.0,0.0,0.0,0.0,0.0,0.0,0.0,0.0,0.0,4.1193981709054106e-05,8.797858306379187e-09,6.181736613850029e-05,8.5,0.0%,0.37860405320143786,2025-10-25 18:37:36
102,Tristan da Silva,3400.0,F,15.83808352165733,14.8,21.6,-4.8,-4.83,14.903808352165735,0.780959674351706,0.0,15.68,40537463.0,Tristan da Silva (40537463),ORL,SF/PF,CHI@ORL 10/25/2025 07:00PM ET,31.0,ORL,CHI,21.0,7.16039,3.78244,1.39283,0.52474,0.32677,0.78393,2.67119,6.40042,41.7,1.0783,3.30812,32.6,0.73972,0.88896,83.2,1.14819,2.63425,15.827889999999998,0.006770663423663145,1.25088406122185e-05,0.010193521657331372,20.0,0.5%,1.3015994572528433,2025-10-25 18:37:36
103,Isaac Okoro,3400.0,F,16.403602744271495,15.3,22.1,-4.3,-4.44,15.410360274427152,0.8256207422896772,0.010436371114163838,16.25,40537467.0,Isaac Okoro (40537467),CHI,SF,CHI@ORL 10/25/2025 07:00PM ET,112.0,CHI,ORL,23.0,8.11036,3.22246,1.33456,0.69284,0.28914,0.68998,2.87529,6.29073,45.7,1.27293,3.38658,37.6,1.08684,1.48234,73.3,1.05061,2.17185,16.39571,0.005244437538671393,8.695987829632424e-06,0.007892744271495987,23.0,0.6%,1.3760345704827954,2025-10-25 18:37:36
104,Jabari Walker,3400.0,F,18.90907517521604,15.2,22.3,-4.4,-4.43,15.5709075175216,0.8434851694648657,0.020872742228327676,16.44,40537470.0,Jabari Walker (40537470),PHI,PF,CHA@PHI 10/25/2025 07:30PM ET,148.0,PHI,CHA,19.0,7.99263,5.62886,1.20749,0.82267,0.16788,0.87985,2.98037,6.01614,49.5,0.9731,2.48499,39.2,1.05878,1.52415,69.5,1.45912,4.16975,18.867665000000002,0.027516287397366505,4.524803999576465e-05,0.04141017521603705,17.0,0.1%,1.4058086157747762,2025-10-25 18:37:36
105,Justin Edwards,3300.0,F,4.131060248758662,5.4,12.2,-13.8,-13.76,5.273106024875867,-0.05866840288215322,-0.1356728244841298,5.08,40537473.0,Justin Edwards (40537473),PHI,SF,CHA@PHI 10/25/2025 07:30PM ET,44.0,PHI,CHA,5.0,2.07563,0.72299,0.36764,0.19944,0.06198,0.22424,0.77514,1.74022,44.5,0.37856,1.0137,37.3,0.14679,0.2036,72.1,0.20395,0.51904,4.1308275000000005,0.00015504321341062077,6.131284872164894e-08,0.0002327487586620961,7.5,0.0%,-0.09778067147025538,2025-10-25 18:37:36
106,Trendon Watford,3300.0,F,6.181736613850029e-05,,,,,,0.0,,,40537476.0,Trendon Watford (40537476),PHI,PF,CHA@PHI 10/25/2025 07:30PM ET,152.0,PHI,CHA,0.0,0.0,0.0,0.0,0.0,0.0,0.0,0.0,0.0,0.0,0.0,0.0,0.0,0.0,0.0,0.0,0.0,0.0,0.0,4.1193981709054106e-05,8.797858306379187e-09,6.181736613850029e-05,,,0.0,2025-10-25 18:37:36
107,Nick Richards,3300.0,C,9.941192463561716,15.8,23.0,-3.4,-3.17,15.214119246356173,0.9060106645780253,-0.027790747911229447,16.09,40537479.0,Nick Richards (40537479),PHX,C,PHX@DEN 10/25/2025 09:00PM ET,124.0,PHX,DEN,9.0,4.08836,3.48123,0.4792,0.12898,0.42257,0.6721,1.6179,2.73688,59.1,0.02323,0.0939,24.7,0.82933,1.15045,72.1,0.96281,2.51842,9.937362500000003,0.0025496710039789746,1.8190185817708707e-06,0.0038299635617137745,15.0,0.2%,1.510017774296709,2025-10-25 18:37:36
108,Andre Drummond,3300.0,C,5.567095808574382,4.6,11.6,-14.6,-14.51,4.696709580857438,-0.11226168440771866,-0.06749181635584295,4.52,40537481.0,Andre Drummond (40537481),PHI,C,CHA@PHI 10/25/2025 07:30PM ET,39.0,PHI,CHA,5.0,1.80464,2.17488,0.30331,0.25599,0.11517,0.35756,0.71966,1.4647,49.1,0.04936,0.2216,22.3,0.31595,0.49926,63.3,0.71416,1.46072,5.566425,0.00044672530572212375,2.4020526616903224e-07,0.0006708085743816928,4.0,0.0%,-0.18710280734619777,2025-10-25 18:37:36
109,Orlando Robinson,3200.0,C,6.181736613850029e-05,,,,,,0.0,,,40537483.0,Orlando Robinson (40537483),ORL,C,CHI@ORL 10/25/2025 07:00PM ET,127.0,ORL,CHI,0.0,0.0,0.0,0.0,0.0,0.0,0.0,0.0,0.0,0.0,0.0,0.0,0.0,0.0,0.0,0.0,0.0,0.0,0.0,4.1193981709054106e-05,8.797858306379187e-09,6.181736613850029e-05,,,0.0,2025-10-25 18:37:36
110,Jarace Walker,3200.0,F,25.445165724804383,20.7,28.3,1.9,2.04,21.174516572480435,1.3794179847205201,0.052181855570819134,22.61,40537485.0,Jarace Walker (40537485),IND,PF,IND@MEM 10/25/2025 08:00PM ET,149.0,IND,MEM,25.0,10.33332,5.11051,3.54158,1.26686,0.50295,1.95565,3.77208,8.3463,45.2,1.58881,4.11218,38.6,1.20035,1.71545,70.0,0.64401,4.4665,25.390027500000002,0.03591509973192206,0.00042185840216611015,0.055138224804381415,21.0,27.4%,2.2990299745342004,2025-10-25 18:37:36
111,Kyle Lowry,3200.0,G,6.181736613850029e-05,2.9,9.6,-15.9,-16.07,2.6100061817366136,-0.2909059561596036,0.07205651507687634,2.39,40537488.0,Kyle Lowry (40537488),PHI,PG,CHA@PHI 10/25/2025 07:30PM ET,93.0,PHI,CHA,0.0,0.0,0.0,0.0,0.0,0.0,0.0,0.0,0.0,0.0,0.0,0.0,0.0,0.0,0.0,0.0,0.0,0.0,0.0,4.1193981709054106e-05,8.797858306379187e-09,6.181736613850029e-05,4.0,0.0%,-0.48484326026600594,2025-10-25 18:37:36
112,Julian Strawther,3200.0,F,6.181736613850029e-05,2.2,8.9,-16.6,-16.64,1.980006181736614,-0.3534314512727632,-0.2087274222832766,1.42,40537491.0,Julian Strawther (40537491),DEN,SG/SF,PHX@DEN 10/25/2025 09:00PM ET,137.0,DEN,PHX,0.0,0.0,0.0,0.0,0.0,0.0,0.0,0.0,0.0,0.0,0.0,0.0,0.0,0.0,0.0,0.0,0.0,0.0,0.0,4.1193981709054106e-05,8.797858306379187e-09,6.181736613850029e-05,3.0,0.0%,-0.5890524187879387,2025-10-25 18:37:36
113,Josh Green,3200.0,F,6.181736613850029e-05,,,,,,0.0,,,40537496.0,Josh Green (40537496),CHA,SF,CHA@PHI 10/25/2025 07:30PM ET,57.0,CHA,PHI,0.0,0.0,0.0,0.0,0.0,0.0,0.0,0.0,0.0,0.0,0.0,0.0,0.0,0.0,0.0,0.0,0.0,0.0,0.0,4.1193981709054106e-05,8.797858306379187e-09,6.181736613850029e-05,,,0.0,2025-10-25 18:37:36
114,Olivier-Maxence Prosper,3200.0,F,13.309378661789125,9.5,16.4,-9.3,-9.36,9.880937866178913,0.31648456779680495,-0.07305459779914682,10.12,40537499.0,Olivier-Maxence Prosper (40537499),MEM,PF,IND@MEM 10/25/2025 08:00PM ET,122.0,MEM,IND,14.0,5.13588,3.88336,1.11503,0.63438,0.21524,0.45801,1.86341,4.30306,43.3,0.33896,1.30267,26.0,1.0701,1.64408,65.1,1.26362,2.61974,13.30234,0.004679197784771338,6.621703989580941e-06,0.007038661789125749,11.0,0.0%,0.5274742796613416,2025-10-25 18:37:36
115,Nigel Hayes-Davis,3200.0,F,18.684827388629767,13.0,20.3,-5.8,-5.69,13.568482738862977,0.6648408977129808,-0.020872742228327648,14.21,40537502.0,Nigel Hayes-Davis (40537502),PHX,PF,PHX@DEN 10/25/2025 09:00PM ET,63.0,PHX,DEN,17.0,8.86478,4.51435,1.34877,0.7957,0.3406,1.08301,3.06994,6.34841,48.4,0.79984,2.17981,36.7,1.92506,2.31407,83.2,1.50745,3.0069,18.661887500000002,0.015236923102256153,2.816799212716716e-05,0.02293988862976573,14.0,0.0%,1.108068162854968,2025-10-25 18:37:36
116,Ousmane Dieng,3200.0,F,9.143241245929172,6.0,12.9,-12.8,-12.88,6.314324124592917,0.0038570922310065883,-0.1043637111416383,6.21,40537505.0,Ousmane Dieng (40537505),OKC,PF,OKC@ATL 10/25/2025 07:30PM ET,36.0,OKC,ATL,10.0,3.95303,2.10154,0.85648,0.44803,0.15236,0.48828,1.46623,3.45351,42.5,0.6413,1.98663,32.3,0.37928,0.5263,72.1,0.46694,1.6346,9.141965,0.000849300721488671,7.64948979303241e-07,0.0012762459291709163,7.5,0.0%,0.0064284870516776475,2025-10-25 18:37:36
117,KJ Simpson,3100.0,G,6.181736613850029e-05,,,,,,0.0,,,40537508.0,KJ Simpson (40537508),CHA,PG,CHA@PHI 10/25/2025 07:30PM ET,132.0,CHA,PHI,0.0,0.0,0.0,0.0,0.0,0.0,0.0,0.0,0.0,0.0,0.0,0.0,0.0,0.0,0.0,0.0,0.0,0.0,0.0,4.1193981709054106e-05,8.797858306379187e-09,6.181736613850029e-05,,,0.0,2025-10-25 18:37:36
118,John Konchar,3100.0,F,6.181736613850029e-05,5.8,12.9,-12.6,-12.57,5.220006181736613,0.0038570922310065883,-0.14610919559829363,5.08,40537511.0,John Konchar (40537511),MEM,SF,IND@MEM 10/25/2025 08:00PM ET,89.0,MEM,IND,0.0,0.0,0.0,0.0,0.0,0.0,0.0,0.0,0.0,0.0,0.0,0.0,0.0,0.0,0.0,0.0,0.0,0.0,0.0,4.1193981709054106e-05,8.797858306379187e-09,6.181736613850029e-05,7.0,0.0%,0.0064284870516776475,2025-10-25 18:37:36
119,Eric Gordon,3100.0,G,6.181736613850029e-05,2.6,9.2,-15.8,-15.72,2.340006181736614,-0.32663481050998056,0.07860710735659236,2.09,40537514.0,Eric Gordon (40537514),PHI,SG/SF,CHA@PHI 10/25/2025 07:30PM ET,55.0,PHI,CHA,0.0,0.0,0.0,0.0,0.0,0.0,0.0,0.0,0.0,0.0,0.0,0.0,0.0,0.0,0.0,0.0,0.0,0.0,0.0,4.1193981709054106e-05,8.797858306379187e-09,6.181736613850029e-05,4.0,0.0%,-0.5443913508499676,2025-10-25 18:37:36
120,Mouhamed Gueye,3100.0,F,17.80663740558745,10.5,17.7,-7.9,-7.94,11.230663740558745,0.4326033444355302,-0.06261822668498297,11.6,40537519.0,Mouhamed Gueye (40537519),ATL,C,OKC@ATL 10/25/2025 07:30PM ET,59.0,ATL,OKC,18.0,6.75561,5.02626,0.83846,0.83631,0.85338,0.59439,2.43779,5.97687,40.8,0.81242,2.96572,27.4,1.06762,1.44145,74.1,1.67383,3.35243,17.784520000000004,0.01471257273392291,1.618216218694462e-05,0.0221174055874452,10.5,0.0%,0.7210055740592171,2025-10-25 18:37:36
121,Sion James,3100.0,G,12.677658301778871,6.9,13.7,-11.5,-11.53,7.477765830177887,0.07531480093176045,0.05458826899763358,7.61,40537521.0,Sion James (40537521),CHA,PG,CHA@PHI 10/25/2025 07:30PM ET,77.0,CHA,PHI,14.0,5.53174,2.85033,1.40549,0.50368,0.23604,0.68858,2.05057,4.43894,46.2,0.67186,1.87456,35.8,0.75873,1.01564,74.7,0.67277,2.17756,12.673967499999998,0.0024523637601534393,4.085379547682351e-06,0.003690801778873206,10.5,0.0%,0.12552466821960076,2025-10-25 18:37:36
122,Tony Bradley,3100.0,C,10.407662787975987,6.1,12.9,-12.3,-12.22,6.530766278797598,0.0038570922310065883,-0.05955160266692023,6.48,40537524.0,Tony Bradley (40537524),IND,C,IND@MEM 10/25/2025 08:00PM ET,13.0,IND,MEM,8.0,4.31357,2.98697,0.69838,0.18542,0.55768,0.45525,1.98924,3.33018,59.7,0.10294,0.30308,34.0,0.23216,0.52222,44.5,1.23124,1.75573,10.404897499999999,0.0018403087404464185,1.6082884395795082e-06,0.0027652879759883665,6.0,0.0%,0.0064284870516776475,2025-10-25 18:37:36
123,Brooks Barnhizer,3100.0,F,7.721324549820505,8.7,15.8,-9.7,-9.67,8.602132454982051,0.26289128627123975,-0.08349096891331062,8.78,40537526.0,Brooks Barnhizer (40537526),OKC,PF,OKC@ATL 10/25/2025 07:30PM ET,8.0,OKC,ATL,8.0,3.73472,1.49888,0.84544,0.29258,0.12462,0.46122,1.36403,3.06361,44.5,0.48057,1.37298,35.0,0.52609,0.68284,77.0,0.3431,1.15577,7.720555,0.0005122569636250066,3.881250224374948e-07,0.0007695498205048224,10.5,0.0%,0.4381521437853996,2025-10-25 18:37:36
124,Antonio Reeves,3000.0,G,6.181736613850029e-05,,,,,,0.0,,,40537529.0,Antonio Reeves (40537529),CHA,SF,CHA@PHI 10/25/2025 07:30PM ET,123.0,CHA,PHI,0.0,0.0,0.0,0.0,0.0,0.0,0.0,0.0,0.0,0.0,0.0,0.0,0.0,0.0,0.0,0.0,0.0,0.0,0.0,4.1193981709054106e-05,8.797858306379187e-09,6.181736613850029e-05,,,0.0,2025-10-25 18:37:36
125,Gregory Jackson,3000.0,F,6.881514401053567,5.7,12.8,-12.3,-12.27,5.818151440105357,-0.005075121356587625,-0.11480008225580211,5.7,40537532.0,Gregory Jackson (40537532),MEM,PF,IND@MEM 10/25/2025 08:00PM ET,73.0,MEM,IND,7.0,3.2354,1.81766,0.51904,0.19947,0.11164,0.52123,1.17574,2.93592,40.0,0.46619,1.34914,34.6,0.41773,0.57922,72.1,0.50601,1.31165,6.880734999999999,0.0005189479879570246,3.263572110608562e-07,0.0007794010535687195,6.0,0.0%,-0.008458535594312708,2025-10-25 18:37:36
126,Vit Krejci,3000.0,G,6.181736613850029e-05,7.6,14.6,-10.4,-10.39,6.840006181736614,0.1557047232201087,0.058955330517444275,7.05,40537535.0,Vit Krejci (40537535),ATL,SG/SF,OKC@ATL 10/25/2025 07:30PM ET,90.0,ATL,OKC,0.0,0.0,0.0,0.0,0.0,0.0,0.0,0.0,0.0,0.0,0.0,0.0,0.0,0.0,0.0,0.0,0.0,0.0,0.0,4.1193981709054106e-05,8.797858306379187e-09,6.181736613850029e-05,10.5,0.0%,0.2595078720335145,2025-10-25 18:37:36
127,Isaiah Livers,3000.0,F,6.181736613850029e-05,,,,,,0.0,,,40537540.0,Isaiah Livers (40537540),PHX,SG,PHX@DEN 10/25/2025 09:00PM ET,92.0,PHX,DEN,0.0,0.0,0.0,0.0,0.0,0.0,0.0,0.0,0.0,0.0,0.0,0.0,0.0,0.0,0.0,0.0,0.0,0.0,0.0,4.1193981709054106e-05,8.797858306379187e-09,6.181736613850029e-05,,,0.0,2025-10-25 18:37:36
128,Asa Newell,3000.0,F,6.689502266621057,0.8,7.5,-17.2,-17.0,1.3889502266621059,-0.4784824414990827,-0.2191637933974404,0.0,40537543.0,Asa Newell (40537543),ATL,PF,OKC@ATL 10/25/2025 07:30PM ET,108.0,ATL,OKC,7.0,3.1715,1.73384,0.27168,0.21274,0.2971,0.38939,1.19424,2.46219,48.5,0.23504,0.74322,31.6,0.54799,0.74743,73.3,0.39564,1.3382,6.688825,0.0004510685504398862,2.21265132366338e-07,0.0006772666210569284,1.0,0.0%,-0.7974707358318045,2025-10-25 18:37:36
129,Noa Essengue,3000.0,F,6.181736613850029e-05,,,,,,0.0,,,40537546.0,Noa Essengue (40537546),CHI,PF,CHI@ORL 10/25/2025 07:00PM ET,46.0,CHI,ORL,0.0,0.0,0.0,0.0,0.0,0.0,0.0,0.0,0.0,0.0,0.0,0.0,0.0,0.0,0.0,0.0,0.0,0.0,0.0,4.1193981709054106e-05,8.797858306379187e-09,6.181736613850029e-05,,,0.0,2025-10-25 18:37:36
130,Caleb Houstan,3000.0,F,6.181736613850029e-05,0.0,0.0,-18.0,-18.05,6.181736613850029e-06,-1.148398460568651,-0.24525472118284997,0.0,40537549.0,Caleb Houstan (40537549),ATL,PF,OKC@ATL 10/25/2025 07:30PM ET,66.0,ATL,OKC,0.0,0.0,0.0,0.0,0.0,0.0,0.0,0.0,0.0,0.0,0.0,0.0,0.0,0.0,0.0,0.0,0.0,0.0,0.0,4.1193981709054106e-05,8.797858306379187e-09,6.181736613850029e-05,0.0,0.0%,-1.913997434281085,2025-10-25 18:37:36
131,James Wiseman,3000.0,C,6.181736613850029e-05,,,,,,0.0,,,40537552.0,James Wiseman (40537552),IND,C,IND@MEM 10/25/2025 08:00PM ET,164.0,IND,MEM,0.0,0.0,0.0,0.0,0.0,0.0,0.0,0.0,0.0,0.0,0.0,0.0,0.0,0.0,0.0,0.0,0.0,0.0,0.0,4.1193981709054106e-05,8.797858306379187e-09,6.181736613850029e-05,,,0.0,2025-10-25 18:37:36
132,Johnny Furphy,3000.0,F,4.122721886469704,5.8,12.6,-12.2,-12.27,5.63227218864697,-0.02293954853177621,-0.12523645336996594,5.48,40537554.0,Johnny Furphy (40537554),IND,SG/SF,IND@MEM 10/25/2025 08:00PM ET,48.0,IND,MEM,5.0,1.53702,0.93777,0.41526,0.26467,0.12704,0.20165,0.51897,1.36177,38.1,0.21554,0.71096,30.3,0.28355,0.34136,83.1,0.29474,0.64304,4.1224875,0.00015611798481249823,6.983082857663635e-08,0.00023438646970447725,8.0,0.0%,-0.038232580886293686,2025-10-25 18:37:36
133,Rasheer Fleming,3000.0,F,6.181736613850029e-05,5.3,12.2,-12.7,-12.53,4.770006181736614,-0.05866840288215322,-0.15654556671245742,4.55,40537559.0,Rasheer Fleming (40537559),PHX,PF,PHX@DEN 10/25/2025 09:00PM ET,47.0,PHX,DEN,0.0,0.0,0.0,0.0,0.0,0.0,0.0,0.0,0.0,0.0,0.0,0.0,0.0,0.0,0.0,0.0,0.0,0.0,0.0,4.1193981709054106e-05,8.797858306379187e-09,6.181736613850029e-05,6.0,0.0%,-0.09778067147025538,2025-10-25 18:37:36
134,Hunter Sallis,3000.0,,,,,,,,0.0,,,40537562.0,Hunter Sallis (40537562),PHI,SG,CHA@PHI 10/25/2025 07:30PM ET,,,,,,,,,,,,,,,,,,,,,,,,,,,,0.0,2025-10-25 18:37:36
135,Johni Broome,3000.0,,,,,,,,0.0,,,40537565.0,Johni Broome (40537565),PHI,C,CHA@PHI 10/25/2025 07:30PM ET,,,,,,,,,,,,,,,,,,,,,,,,,,,,0.0,2025-10-25 18:37:36
136,PJ Hall,3000.0,C,6.181736613850029e-05,1.1,7.7,-16.9,-16.83,0.9900061817366138,-0.46061801432389415,-0.09131245742261103,0.0,40537567.0,PJ Hall (40537567),MEM,C,IND@MEM 10/25/2025 08:00PM ET,60.0,MEM,IND,0.0,0.0,0.0,0.0,0.0,0.0,0.0,0.0,0.0,0.0,0.0,0.0,0.0,0.0,0.0,0.0,0.0,0.0,0.0,4.1193981709054106e-05,8.797858306379187e-09,6.181736613850029e-05,1.0,0.0%,-0.7676966905398236,2025-10-25 18:37:36
137,Hunter Tyson,3000.0,F,6.181736613850029e-05,0.8,7.5,-17.2,-17.08,0.7200061817366139,-0.4784824414990827,-0.22960016451160425,0.0,40537569.0,Hunter Tyson (40537569),DEN,SF/PF,PHX@DEN 10/25/2025 09:00PM ET,143.0,DEN,PHX,0.0,0.0,0.0,0.0,0.0,0.0,0.0,0.0,0.0,0.0,0.0,0.0,0.0,0.0,0.0,0.0,0.0,0.0,0.0,4.1193981709054106e-05,8.797858306379187e-09,6.181736613850029e-05,1.0,0.0%,-0.7974707358318045,2025-10-25 18:37:36
138,Tamar Bates,3000.0,,,,,,,,0.0,,,40537573.0,Tamar Bates (40537573),DEN,SG,PHX@DEN 10/25/2025 09:00PM ET,,,,,,,,,,,,,,,,,,,,,,,,,,,,0.0,2025-10-25 18:37:36
139,Spencer Jones,3000.0,F,3.893547451945272,3.9,10.6,-14.1,-14.12,3.8993547451945276,-0.20158382028366112,-0.18785468005494893,3.51,40537576.0,Spencer Jones (40537576),DEN,SG,PHX@DEN 10/25/2025 09:00PM ET,83.0,DEN,PHX,6.0,1.41297,0.94623,0.27875,0.24245,0.23858,0.27118,0.5762,1.75434,32.8,0.10596,0.9301,11.4,0.15461,0.17619,87.8,0.43151,0.51472,3.8933325,0.0001431855730924725,5.7861877870605394e-08,0.00021495194527232058,5.5,0.0%,-0.3359730338061019,2025-10-25 18:37:36
140,DaRon Holmes II,3000.0,,,0.9,7.6,-17.1,-17.14,,-0.4695502279114884,,,40537579.0,DaRon Holmes II (40537579),DEN,C,PHX@DEN 10/25/2025 09:00PM ET,,,,,,,,,,,,,,,,,,,,,,,,,,1.0,0.0%,-0.7825837131858141,2025-10-25 18:37:36
141,Jalen Pickett,3000.0,G,6.181736613850029e-05,0.8,7.6,-17.2,-17.17,0.7200061817366139,-0.4695502279114884,0.08952476115611908,0.0,40537581.0,Jalen Pickett (40537581),DEN,PG,PHX@DEN 10/25/2025 09:00PM ET,118.0,DEN,PHX,0.0,0.0,0.0,0.0,0.0,0.0,0.0,0.0,0.0,0.0,0.0,0.0,0.0,0.0,0.0,0.0,0.0,0.0,0.0,4.1193981709054106e-05,8.797858306379187e-09,6.181736613850029e-05,1.0,0.0%,-0.7825837131858141,2025-10-25 18:37:36
142,Zeke Nnaji,3000.0,C,6.181736613850029e-05,1.2,7.8,-16.8,-16.79,1.0800061817366138,-0.45168580073629994,-0.08337224373368833,0.0,40537584.0,Zeke Nnaji (40537584),DEN,PF/C,PHX@DEN 10/25/2025 09:00PM ET,109.0,DEN,PHX,0.0,0.0,0.0,0.0,0.0,0.0,0.0,0.0,0.0,0.0,0.0,0.0,0.0,0.0,0.0,0.0,0.0,0.0,0.0,4.1193981709054106e-05,8.797858306379187e-09,6.181736613850029e-05,1.5,0.0%,-0.7528096678938333,2025-10-25 18:37:36
143,N'Faly Dante,3000.0,C,6.181736613850029e-05,0.8,7.5,-17.2,-17.26,0.7200061817366139,-0.4784824414990827,-0.10719288480045643,0.0,40537588.0,N'Faly Dante (40537588),ATL,C,OKC@ATL 10/25/2025 07:30PM ET,33.0,ATL,OKC,0.0,0.0,0.0,0.0,0.0,0.0,0.0,0.0,0.0,0.0,0.0,0.0,0.0,0.0,0.0,0.0,0.0,0.0,0.0,4.1193981709054106e-05,8.797858306379187e-09,6.181736613850029e-05,1.0,0.0%,-0.7974707358318045,2025-10-25 18:37:36
144,Jacob Toppin,3000.0,F,6.181736613850029e-05,0.0,0.0,-18.0,-17.96,6.181736613850029e-06,-1.148398460568651,-0.24525472118284997,0.0,40537590.0,Jacob Toppin (40537590),ATL,PF,OKC@ATL 10/25/2025 07:30PM ET,141.0,ATL,OKC,0.0,0.0,0.0,0.0,0.0,0.0,0.0,0.0,0.0,0.0,0.0,0.0,0.0,0.0,0.0,0.0,0.0,0.0,0.0,4.1193981709054106e-05,8.797858306379187e-09,6.181736613850029e-05,0.0,0.0%,-1.913997434281085,2025-10-25 18:37:36
145,Nikola Djurisic,3000.0,F,6.181736613850029e-05,,,,,,0.0,,,40537593.0,Nikola Djurisic (40537593),ATL,SF,OKC@ATL 10/25/2025 07:30PM ET,41.0,ATL,OKC,0.0,0.0,0.0,0.0,0.0,0.0,0.0,0.0,0.0,0.0,0.0,0.0,0.0,0.0,0.0,0.0,0.0,0.0,0.0,4.1193981709054106e-05,8.797858306379187e-09,6.181736613850029e-05,,,0.0,2025-10-25 18:37:36
146,Eli Ndiaye,3000.0,,,0.0,0.0,-18.0,-17.98,,-1.148398460568651,,,40537596.0,Eli Ndiaye (40537596),ATL,C,OKC@ATL 10/25/2025 07:30PM ET,,,,,,,,,,,,,,,,,,,,,,,,,,0.0,0.0%,-1.913997434281085,2025-10-25 18:37:36
147,Keaton Wallace,3000.0,G,8.294920258752152,8.4,15.9,-9.6,-9.44,8.389492025875217,0.2718234998588339,0.0502212074778229,8.71,40537598.0,Keaton Wallace (40537598),ATL,PG,OKC@ATL 10/25/2025 07:30PM ET,151.0,ATL,OKC,10.0,3.5594,1.13305,1.37846,0.49958,0.14647,0.6749,1.33806,3.39405,39.4,0.5922,1.80076,32.9,0.29108,0.32303,90.1,0.18556,0.94749,8.2941525,0.00051094378054716,4.47693777364572e-07,0.0007677587521528337,10.5,0.0%,0.4530391664313899,2025-10-25 18:37:36
148,Colin Castleton,3000.0,C,6.181736613850029e-05,,,,,,0.0,,,40537601.0,Colin Castleton (40537601),ORL,C,CHI@ORL 10/25/2025 07:00PM ET,26.0,ORL,CHI,0.0,0.0,0.0,0.0,0.0,0.0,0.0,0.0,0.0,0.0,0.0,0.0,0.0,0.0,0.0,0.0,0.0,0.0,0.0,4.1193981709054106e-05,8.797858306379187e-09,6.181736613850029e-05,,,0.0,2025-10-25 18:37:36
149,Jett Howard,3000.0,F,5.1326383980280115,4.4,11.0,-13.6,-13.62,4.473263839802802,-0.1658549659332841,-0.17741830894078509,4.13,40537603.0,Jett Howard (40537603),ORL,SF,CHI@ORL 10/25/2025 07:00PM ET,67.0,ORL,CHI,7.0,2.74416,0.84468,0.41411,0.16882,0.13643,0.35572,1.00609,2.67617,37.6,0.55702,1.89243,29.4,0.17497,0.24374,71.8,0.25242,0.59226,5.132325,0.00020875204013749823,8.998926833372111e-08,0.00031339802801124854,6.0,0.0%,-0.2764249432221402,2025-10-25 18:37:36
150,Jamal Cain,3000.0,F,6.181736613850029e-05,,,,,,0.0,,,40537606.0,Jamal Cain (40537606),ORL,PF,CHI@ORL 10/25/2025 07:00PM ET,20.0,ORL,CHI,0.0,0.0,0.0,0.0,0.0,0.0,0.0,0.0,0.0,0.0,0.0,0.0,0.0,0.0,0.0,0.0,0.0,0.0,0.0,4.1193981709054106e-05,8.797858306379187e-09,6.181736613850029e-05,,,0.0,2025-10-25 18:37:36
151,Jase Richardson,3000.0,G,6.181736613850029e-05,2.6,9.2,-15.4,-15.46,2.340006181736614,-0.32663481050998056,0.07860710735659236,2.09,40537609.0,Jase Richardson (40537609),ORL,PG/SG,CHI@ORL 10/25/2025 07:00PM ET,125.0,ORL,CHI,0.0,0.0,0.0,0.0,0.0,0.0,0.0,0.0,0.0,0.0,0.0,0.0,0.0,0.0,0.0,0.0,0.0,0.0,0.0,4.1193981709054106e-05,8.797858306379187e-09,6.181736613850029e-05,4.5,0.0%,-0.5443913508499676,2025-10-25 18:37:36
152,Noah Penda,3000.0,F,6.181736613850029e-05,,,,,,0.0,,,40537613.0,Noah Penda (40537613),ORL,SF/PF,CHI@ORL 10/25/2025 07:00PM ET,114.0,ORL,CHI,0.0,0.0,0.0,0.0,0.0,0.0,0.0,0.0,0.0,0.0,0.0,0.0,0.0,0.0,0.0,0.0,0.0,0.0,0.0,4.1193981709054106e-05,8.797858306379187e-09,6.181736613850029e-05,,,0.0,2025-10-25 18:37:36
153,Liam McNeeley,3000.0,F,6.181736613850029e-05,3.5,10.2,-14.5,-14.45,3.1500061817366136,-0.2373126746340381,-0.19829105116911275,2.71,40537617.0,Liam McNeeley (40537617),CHA,SF/PF,CHA@PHI 10/25/2025 07:30PM ET,100.0,CHA,PHI,0.0,0.0,0.0,0.0,0.0,0.0,0.0,0.0,0.0,0.0,0.0,0.0,0.0,0.0,0.0,0.0,0.0,0.0,0.0,4.1193981709054106e-05,8.797858306379187e-09,6.181736613850029e-05,4.5,0.0%,-0.39552112439006354,2025-10-25 18:37:36
154,Drew Peterson,3000.0,F,6.181736613850029e-05,,,,,,0.0,,,40537621.0,Drew Peterson (40537621),CHA,PF,CHA@PHI 10/25/2025 07:30PM ET,116.0,CHA,PHI,0.0,0.0,0.0,0.0,0.0,0.0,0.0,0.0,0.0,0.0,0.0,0.0,0.0,0.0,0.0,0.0,0.0,0.0,0.0,4.1193981709054106e-05,8.797858306379187e-09,6.181736613850029e-05,,,0.0,2025-10-25 18:37:36
155,Pat Connaughton,3000.0,F,6.181736613850029e-05,,,,,,0.0,,,40537624.0,Pat Connaughton (40537624),CHA,SF,CHA@PHI 10/25/2025 07:30PM ET,29.0,CHA,PHI,0.0,0.0,0.0,0.0,0.0,0.0,0.0,0.0,0.0,0.0,0.0,0.0,0.0,0.0,0.0,0.0,0.0,0.0,0.0,4.1193981709054106e-05,8.797858306379187e-09,6.181736613850029e-05,,,0.0,2025-10-25 18:37:36
156,RayJ Dennis,3000.0,G,6.181736613850029e-05,2.3,9.1,-15.7,-15.71,2.0700061817366135,-0.3355670240975748,0.0851576996363084,1.82,40537627.0,RayJ Dennis (40537627),IND,PG,IND@MEM 10/25/2025 08:00PM ET,34.0,IND,MEM,0.0,0.0,0.0,0.0,0.0,0.0,0.0,0.0,0.0,0.0,0.0,0.0,0.0,0.0,0.0,0.0,0.0,0.0,0.0,4.1193981709054106e-05,8.797858306379187e-09,6.181736613850029e-05,2.5,0.0%,-0.559278373495958,2025-10-25 18:37:36
157,Kam Jones,3000.0,,,,,,,,0.0,,,40537630.0,Kam Jones (40537630),IND,PG,IND@MEM 10/25/2025 08:00PM ET,,,,,,,,,,,,,,,,,,,,,,,,,,,,0.0,2025-10-25 18:37:36
158,Tyrese Haliburton,3000.0,,,,,,,,0.0,,,40537633.0,Tyrese Haliburton (40537633),IND,PG,IND@MEM 10/25/2025 08:00PM ET,,,,,,,,,,,,,,,,,,,,,,,,,,,,0.0,2025-10-25 18:37:36
159,Quenton Jackson,3000.0,G,6.181736613850029e-05,,,,,,0.0,,,40537636.0,Quenton Jackson (40537636),IND,PG,IND@MEM 10/25/2025 08:00PM ET,76.0,IND,MEM,0.0,0.0,0.0,0.0,0.0,0.0,0.0,0.0,0.0,0.0,0.0,0.0,0.0,0.0,0.0,0.0,0.0,0.0,0.0,4.1193981709054106e-05,8.797858306379187e-09,6.181736613850029e-05,,,0.0,2025-10-25 18:37:36
160,CJ Huntley,3000.0,F,6.181736613850029e-05,,,,,,0.0,,,40537639.0,CJ Huntley (40537639),PHX,PF,PHX@DEN 10/25/2025 09:00PM ET,70.0,PHX,DEN,0.0,0.0,0.0,0.0,0.0,0.0,0.0,0.0,0.0,0.0,0.0,0.0,0.0,0.0,0.0,0.0,0.0,0.0,0.0,4.1193981709054106e-05,8.797858306379187e-09,6.181736613850029e-05,,,0.0,2025-10-25 18:37:36
161,Koby Brea,3000.0,G,6.181736613850029e-05,,,,,,0.0,,,40537642.0,Koby Brea (40537642),PHX,SG,PHX@DEN 10/25/2025 09:00PM ET,15.0,PHX,DEN,0.0,0.0,0.0,0.0,0.0,0.0,0.0,0.0,0.0,0.0,0.0,0.0,0.0,0.0,0.0,0.0,0.0,0.0,0.0,4.1193981709054106e-05,8.797858306379187e-09,6.181736613850029e-05,,,0.0,2025-10-25 18:37:36
162,Branden Carlson,3000.0,C,6.181736613850029e-05,5.1,12.0,-12.9,-12.98,4.590006181736614,-0.07653283005734166,-0.07543203004476563,4.44,40537645.0,Branden Carlson (40537645),OKC,C,OKC@ATL 10/25/2025 07:30PM ET,22.0,OKC,ATL,0.0,0.0,0.0,0.0,0.0,0.0,0.0,0.0,0.0,0.0,0.0,0.0,0.0,0.0,0.0,0.0,0.0,0.0,0.0,4.1193981709054106e-05,8.797858306379187e-09,6.181736613850029e-05,5.0,0.0%,-0.1275547167622361,2025-10-25 18:37:36
163,Chris Youngblood,3000.0,G,2.941228208342598,2.7,9.4,-15.3,-15.31,2.7241228208342596,-0.308770383334792,0.06768945355706564,2.48,40537647.0,Chris Youngblood (40537647),OKC,SG,OKC@ATL 10/25/2025 07:30PM ET,166.0,OKC,ATL,3.0,1.42738,0.55484,0.33394,0.11102,0.04582,0.17798,0.51669,1.17363,44.0,0.18906,0.53891,35.1,0.20494,0.26479,77.4,0.12356,0.43128,2.9410599999999993,0.00011205892423900365,3.998541332615596e-08,0.00016820834259848396,3.0,0.0%,-0.5146173055579867,2025-10-25 18:37:36
164,Nikola Topic,3000.0,G,6.181736613850029e-05,,,,,,0.0,,,40537650.0,Nikola Topic (40537650),OKC,PG,OKC@ATL 10/25/2025 07:30PM ET,140.0,OKC,ATL,0.0,0.0,0.0,0.0,0.0,0.0,0.0,0.0,0.0,0.0,0.0,0.0,0.0,0.0,0.0,0.0,0.0,0.0,0.0,4.1193981709054106e-05,8.797858306379187e-09,6.181736613850029e-05,,,0.0,2025-10-25 18:37:36
165,Thomas Sorber,3000.0,C,6.181736613850029e-05,,,,,,0.0,,,40537653.0,Thomas Sorber (40537653),OKC,C,OKC@ATL 10/25/2025 07:30PM ET,135.0,OKC,ATL,0.0,0.0,0.0,0.0,0.0,0.0,0.0,0.0,0.0,0.0,0.0,0.0,0.0,0.0,0.0,0.0,0.0,0.0,0.0,4.1193981709054106e-05,8.797858306379187e-09,6.181736613850029e-05,,,0.0,2025-10-25 18:37:36
166,Kenrich Williams,3000.0,F,6.181736613850029e-05,,,,,,0.0,,,40537655.0,Kenrich Williams (40537655),OKC,PF/C,OKC@ATL 10/25/2025 07:30PM ET,160.0,OKC,ATL,0.0,0.0,0.0,0.0,0.0,0.0,0.0,0.0,0.0,0.0,0.0,0.0,0.0,0.0,0.0,0.0,0.0,0.0,0.0,4.1193981709054106e-05,8.797858306379187e-09,6.181736613850029e-05,,,0.0,2025-10-25 18:37:36
167,Julian Phillips,3000.0,F,6.181736613850029e-05,,,,,,0.0,,,40537659.0,Julian Phillips (40537659),CHI,SF/PF,CHI@ORL 10/25/2025 07:00PM ET,117.0,CHI,ORL,0.0,0.0,0.0,0.0,0.0,0.0,0.0,0.0,0.0,0.0,0.0,0.0,0.0,0.0,0.0,0.0,0.0,0.0,0.0,4.1193981709054106e-05,8.797858306379187e-09,6.181736613850029e-05,,,0.0,2025-10-25 18:37:36
168,Jevon Carter,3000.0,G,6.181736613850029e-05,,,,,,0.0,,,40537663.0,Jevon Carter (40537663),CHI,PG,CHI@ORL 10/25/2025 07:00PM ET,23.0,CHI,ORL,0.0,0.0,0.0,0.0,0.0,0.0,0.0,0.0,0.0,0.0,0.0,0.0,0.0,0.0,0.0,0.0,0.0,0.0,0.0,4.1193981709054106e-05,8.797858306379187e-09,6.181736613850029e-05,,,0.0,2025-10-25 18:37:36
169,Dalen Terry,3000.0,F,3.071464152568342,4.9,11.8,-13.1,-13.08,4.717146415256834,-0.09439725723253008,-0.16698193782662127,4.46,40537666.0,Dalen Terry (40537666),CHI,SF,CHI@ORL 10/25/2025 07:00PM ET,139.0,CHI,ORL,4.0,1.45733,0.57247,0.33302,0.16844,0.05042,0.24313,0.5119,1.15991,44.1,0.16538,0.45568,36.3,0.26815,0.37089,72.3,0.1546,0.41787,3.0712924999999998,0.00011435277223571512,4.113666295880212e-08,0.0001716525683424491,6.5,0.0%,-0.1573287620542168,2025-10-25 18:37:36
170,Lachlan Olbrich,3000.0,,,,,,,,0.0,,,40537669.0,Lachlan Olbrich (40537669),CHI,C,CHI@ORL 10/25/2025 07:00PM ET,,,,,,,,,,,,,,,,,,,,,,,,,,,,0.0,2025-10-25 18:37:36
171,Emanuel Miller,3000.0,,,,,,,,0.0,,,40537671.0,Emanuel Miller (40537671),CHI,PF,CHI@ORL 10/25/2025 07:00PM ET,,,,,,,,,,,,,,,,,,,,,,,,,,,,0.0,2025-10-25 18:37:36
172,Trentyn Flowers,3000.0,,,,,,,,0.0,,,40537674.0,Trentyn Flowers (40537674),CHI,SG,CHI@ORL 10/25/2025 07:00PM ET,,,,,,,,,,,,,,,,,,,,,,,,,,,,0.0,2025-10-25 18:37:36
173,Zach Collins,3000.0,C,6.181736613850029e-05,,,,,,0.0,,,40537677.0,Zach Collins (40537677),CHI,C,CHI@ORL 10/25/2025 07:00PM ET,28.0,CHI,ORL,0.0,0.0,0.0,0.0,0.0,0.0,0.0,0.0,0.0,0.0,0.0,0.0,0.0,0.0,0.0,0.0,0.0,0.0,0.0,4.1193981709054106e-05,8.797858306379187e-09,6.181736613850029e-05,,,0.0,2025-10-25 18:37:36
