,Player,Team,Sal,Opp,Pos,Ceiling,Floor,Own,Week
0,Easton Stick,TB,4000,DAL,QB,,,0.0,5
1,Trey Palmer,NO,3000,ATL,WR,,,0.0,5
2,Dean Patterson IV,TB,3000,DAL,WR,,,0.0,5
3,Brian Robinson,ATL,4700,NO,RB,13.5,1.4,0.0,5
4,KaVontae Turpin,DAL,3000,TB,WR,8.7,-0.1,0.35,5
5,Jalen Moreno-Cropper,NO,3000,ATL,WR,,,0.0,5
6,Zach Wilson,NO,4000,ATL,QB,,,0.0,5
7,Olamide Zaccheaus,ATL,3000,NO,WR,9.3,0.5,0.0,5
8,Cooper Rush,ATL,4000,NO,QB,,,0.0,5
9,Tua Tagovailoa,ATL,4000,NO,QB,,,0.0,5
10,Alvin Kamara,NO,5000,ATL,RB,22.5,5.4,0.0,5
11,Jack Velling,ATL,2500,NO,TE,,,0.0,5
12,Cash Jones,ATL,4000,NO,RB,,,0.0,5
13,Javonte Williams,DAL,7300,TB,RB,23.4,5.5,7.27,5
14,Bijan Robinson,ATL,8700,NO,RB,35.4,11.9,0.0,5
15,Jalon Daniels,TB,4700,DAL,QB,26.8,8.3,1.63,5
16,Cade Otton,TB,3700,DAL,TE,13.9,4.1,1.58,5
17,Juwan Johnson,NO,4200,ATL,TE,18.1,6.1,0.0,5
18,Ted Hurst III,TB,3400,DAL,WR,13.1,2.5,0.81,5
19,Brevyn Spann-Ford,DAL,2500,TB,TE,6.0,,0.14,5
20,Nick Muse,ATL,2500,NO,TE,3.9,,0.0,5
21,Jordan Hudson,DAL,3000,TB,WR,,,0.0,5
22,Baker Mayfield,TB,5200,DAL,QB,,,0.0,5
23,Dylan Drummond,ATL,3000,NO,WR,,,0.0,5
24,Michael Penix Jr.,ATL,5000,NO,QB,26.1,9.6,0.0,5
25,Jack Strand,ATL,4000,NO,QB,,,0.0,5
26,Moliki Matavao,NO,2500,ATL,TE,,,0.0,5
27,Chris Olave,NO,7700,ATL,WR,30.5,12.1,0.0,5
28,Saints,NO,3100,ATL,DST,12.4,0.8,0.0,5
29,Payne Durham,TB,2500,DAL,TE,4.2,,0.12,5
30,Princeton Fant,DAL,2500,TB,TE,,,0.0,5
31,Buccaneers,TB,2100,DAL,DST,11.7,0.8,2.62,5
32,Sean Tucker,TB,4000,DAL,RB,6.2,,0.2,5
33,Bauer Sharp,TB,2500,DAL,TE,3.9,,0.12,5
34,Jake Ferguson,DAL,4100,TB,TE,14.2,3.8,1.56,5
35,Bryce Lance,NO,3000,ATL,WR,10.9,1.2,0.0,5
36,Zachariah Branch,ATL,3200,NO,WR,7.7,,0.0,5
37,Dak Prescott,DAL,6600,TB,QB,30.3,12.1,4.16,5
38,CJ Donaldson,NO,4000,ATL,RB,7.7,,0.0,5
39,Cowboys,DAL,3700,TB,DST,11.1,0.8,1.1,5
40,Ty Chandler,NO,4000,ATL,RB,,,0.0,5
41,Sam Howell,DAL,4000,TB,QB,,,0.0,5
42,Jonathan Mingo,DAL,3000,TB,WR,5.0,,0.28,5
43,Cedric Tillman,NO,3000,ATL,WR,,,0.0,5
44,Eric Rivers Jr.,TB,3000,DAL,WR,,,0.0,5
45,Jordyn Tyson,NO,3000,ATL,WR,,,0.0,5
46,Drake London,ATL,6500,NO,WR,29.6,11.4,0.0,5
47,Luke Schoonmaker,DAL,2500,TB,TE,5.3,,0.13,5
48,Garrett Greene,TB,3000,DAL,WR,,,0.0,5
49,Kyle Pitts,ATL,3900,NO,TE,14.5,4.2,0.0,5
50,Cal Adomitis,NO,2500,ATL,TE,,,0.0,5
51,Antwane Wells Jr.,ATL,3000,NO,WR,,,0.0,5
52,CeeDee Lamb,DAL,8100,TB,WR,26.3,9.7,13.46,5
53,Israel Abanikanda,DAL,4000,TB,RB,,,0.0,5
54,Kameron Johnson,TB,3000,DAL,WR,4.6,,0.3,5
55,Charlie Woerner,ATL,2500,NO,TE,5.0,,0.0,5
56,George Pickens,DAL,6100,TB,WR,25.3,9.1,11.28,5
57,Falcons,ATL,2700,NO,DST,12.7,1.8,0.0,5
58,CJ Dippre,TB,2500,DAL,TE,,,0.0,5
59,Zamir White,NO,4000,ATL,RB,,,0.0,5
60,Josh Williams,TB,4000,DAL,RB,,,0.0,5
61,Camden Brown,DAL,3000,TB,WR,,,0.0,5
62,Ulysses Bentley IV,NO,4000,ATL,RB,,,0.0,5
63,Evan Deckers,TB,2500,DAL,TE,,,0.0,5
64,Kendre Miller,NO,4500,ATL,RB,13.6,1.4,0.0,5
65,DJ Rogers,DAL,2500,TB,TE,,,0.0,5
66,James Mitchell,DAL,2500,TB,TE,,,0.0,5
67,Joe Milton III,DAL,4000,TB,QB,,,0.0,5
68,Spencer Rattler,NO,4000,ATL,QB,,,0.0,5
69,Stone Smartt,NO,2500,ATL,TE,,,0.0,5
70,Chris Blair,ATL,3000,NO,WR,5.6,,0.0,5
71,Anthony Smith,DAL,3000,TB,WR,,,0.0,5
72,Jalen McMillan,TB,3000,DAL,WR,,,0.0,5
73,Tez Johnson,TB,3100,DAL,WR,8.7,0.1,0.39,5
74,Mason Tipton,NO,3000,ATL,WR,,,0.0,5
75,Emari Demercado,DAL,4000,TB,RB,,,0.0,5
76,Treyton Welch,NO,2500,ATL,TE,3.9,,0.0,5
77,Vinny Anthony II,ATL,3000,NO,WR,,,0.0,5
78,Barion Brown,NO,3000,ATL,WR,5.2,,0.0,5
79,Austin Hooper,ATL,2600,NO,TE,7.9,0.3,0.0,5
80,Devaughn Vele,NO,4900,ATL,WR,19.6,5.9,0.0,5
81,Jahan Dotson,ATL,3000,NO,WR,11.8,1.7,0.0,5
82,Tyler Shough,NO,5600,ATL,QB,33.0,12.4,0.0,5
83,Bucky Irving,TB,5700,DAL,RB,24.3,6.7,6.98,5
84,Khalil Herbert,ATL,4000,NO,RB,,,0.0,5
85,Ryan Flournoy,DAL,3600,TB,WR,17.5,4.7,4.65,5
86,Travis Etienne,NO,5500,ATL,RB,,,0.0,5
87,Hunter Luepke,DAL,4000,TB,RB,6.9,,0.19,5
88,Zach Wood,NO,2500,ATL,TE,,,0.0,5
89,Oscar Delp,NO,2500,ATL,TE,7.4,0.3,0.0,5
90,Emeka Egbuka,TB,5200,DAL,WR,18.7,5.5,1.73,5
91,Michael Trigg,DAL,2500,TB,TE,,,0.0,5
92,Chris Godwin,TB,4700,DAL,WR,15.6,3.8,0.83,5
93,Kevin Austin,NO,3000,ATL,WR,4.7,,0.0,5
94,Beaux Collins,ATL,3000,NO,WR,,,0.0,5
95,David Sills V,TB,3000,DAL,WR,,,0.0,5
96,Trey Sermon,ATL,4000,NO,RB,,,0.0,5
97,Tyler Goodson,DAL,4000,TB,RB,8.6,-0.1,0.47,5
98,Kyrese Rowan,NO,3000,ATL,WR,,,0.0,5
99,Noah Fant,NO,3200,ATL,TE,,,0.0,5
100,Brett Rypien,TB,4000,DAL,QB,,,0.0,5
101,Malik Davis,DAL,4000,TB,RB,,,0.0,5
102,Kenny Gainwell,TB,4700,DAL,RB,13.6,1.6,0.59,5
103,Ko Kieft,TB,2500,DAL,TE,,,0.0,5
