,Player,Pos,1,2,3,4
0,49ers,DST,2300.0,3800.0,3600.0,2900.0
1,A.J. Brown,WR,7100.0,3000.0,3000.0,3000.0
2,AJ Barner,TE,3600.0,3300.0,3100.0,3000.0
3,AJ Dillon,RB,4000.0,4000.0,4000.0,4400.0
4,AJ Henning,WR,,,,3000.0
5,Aaron Jones,RB,5300.0,5100.0,5900.0,6000.0
6,Aaron Rodgers,QB,5300.0,5100.0,5000.0,5100.0
7,Adam Prentice,RB,4000.0,4000.0,4000.0,4000.0
8,Adam Randall,RB,4000.0,4000.0,4000.0,4000.0
9,Adam Trautman,TE,2700.0,2800.0,2500.0,2500.0
10,Adonai Mitchell,WR,4000.0,4000.0,4300.0,4500.0
11,Ahmani Marshall,RB,4000.0,4000.0,4000.0,4000.0
12,Aidan O'Connell,QB,4000.0,4000.0,4000.0,4000.0
13,Al-Jay Henderson,RB,4000.0,4000.0,4000.0,4000.0
14,Albert Okwuegbunam Jr.,TE,2500.0,,,
15,Alec Ingold,RB,4000.0,4000.0,4000.0,4000.0
16,Alec Pierce,WR,5700.0,5600.0,5600.0,3000.0
17,Alex Bachman,WR,3000.0,3000.0,3000.0,3000.0
18,Alvin Kamara,RB,4900.0,4600.0,4800.0,5000.0
19,Amar Johnson,RB,4000.0,4000.0,4000.0,4000.0
20,Ameer Abdullah,RB,4000.0,4100.0,4000.0,4000.0
21,Amon-Ra St. Brown,WR,7500.0,7700.0,7900.0,8000.0
22,Anderson Castle,RB,4000.0,4000.0,4000.0,
23,Andrei Iosivas,WR,3300.0,3100.0,3000.0,3000.0
24,Andrew Armstrong,WR,3000.0,3000.0,3000.0,3000.0
25,Andrew Beck,RB,4000.0,4000.0,4000.0,4000.0
26,Andrew DePaola,TE,2500.0,2500.0,2500.0,2500.0
27,Andy Dalton,QB,4000.0,4000.0,4000.0,4000.0
28,Anthony Gould,WR,3000.0,3000.0,3000.0,3000.0
29,Anthony Richardson Sr.,QB,4900.0,4000.0,4000.0,4000.0
30,Anthony Smith,WR,3000.0,3000.0,3000.0,3000.0
31,Anthony Tyus III,RB,4000.0,4000.0,4000.0,4000.0
32,Antonio Williams,WR,4200.0,4400.0,4100.0,3800.0
33,Antwane Wells Jr.,WR,3000.0,3000.0,3000.0,3000.0
34,Arian Smith,WR,3000.0,3000.0,3000.0,3000.0
35,Ashton Dulin,WR,3200.0,3000.0,3200.0,3000.0
36,Ashton Jeanty,RB,6600.0,6800.0,7100.0,7100.0
37,Athan Kaliakmanis,QB,4000.0,4000.0,4000.0,4000.0
38,Audric Estime,RB,4000.0,4000.0,4000.0,
39,Austin Hooper,TE,2700.0,2500.0,2500.0,2600.0
40,Austin Trammell,WR,3000.0,3000.0,3000.0,3000.0
41,Bailey Zappe,QB,4000.0,4000.0,4000.0,
42,Baker Mayfield,QB,5900.0,5600.0,5300.0,5200.0
43,Bam Knight,RB,4000.0,4000.0,4000.0,4000.0
44,Barion Brown,WR,3000.0,3000.0,3000.0,3000.0
45,Bauer Sharp,TE,2500.0,2500.0,2500.0,2500.0
46,Bears,DST,2800.0,3000.0,2500.0,3000.0
47,Beaux Collins,WR,3000.0,3000.0,3000.0,3000.0
48,Behren Morton,QB,4000.0,4000.0,4000.0,4000.0
49,Ben Mann,TE,2500.0,2500.0,2500.0,2500.0
50,Ben Sims,TE,2500.0,,,
51,Ben Sinnott,TE,2800.0,2900.0,2600.0,2500.0
52,Ben Skowronek,WR,3000.0,3000.0,3000.0,3000.0
53,Ben VanSumeren,RB,4000.0,4000.0,4000.0,4000.0
54,Ben Yurosek,TE,2500.0,2500.0,2500.0,2500.0
55,Bengals,DST,2700.0,2700.0,2900.0,2800.0
56,Bhayshul Tuten,RB,5800.0,5600.0,5600.0,5600.0
57,Bijan Robinson,RB,7700.0,8200.0,8700.0,8700.0
58,Bills,DST,3100.0,2600.0,2800.0,3300.0
59,Blake Corum,RB,5200.0,4900.0,4600.0,4900.0
60,Blake Whiteheart,TE,2500.0,2500.0,2500.0,2500.0
61,Bo Melton,WR,3000.0,3000.0,3100.0,3000.0
62,Bo Nix,QB,5800.0,5700.0,5500.0,5600.0
63,Brady Cook,QB,4000.0,4000.0,4000.0,4000.0
64,Brady Russell,RB,4000.0,4000.0,4000.0,4000.0
65,Braelon Allen,RB,4700.0,4200.0,4400.0,5200.0
66,Brandin Cooks,WR,,,,3600.0
67,Brandon Aiyuk,WR,3000.0,3000.0,3000.0,3000.0
68,Brandon Johnson,WR,3000.0,3000.0,3000.0,3000.0
69,Brandon Smith,WR,3000.0,3000.0,3000.0,3000.0
70,Brashard Smith,RB,4000.0,4000.0,4000.0,4000.0
71,Braxton Berrios,WR,3000.0,3000.0,3000.0,3000.0
72,Brayden Willis,TE,2500.0,2500.0,2500.0,2500.0
73,Breece Hall,RB,6200.0,6200.0,6400.0,6200.0
74,Brenden Bates,TE,,,,2500.0
75,Brenen Thompson,WR,3300.0,3500.0,3000.0,3000.0
76,Brennan Presley,WR,3000.0,3000.0,3000.0,3000.0
77,Brenton Strange,TE,3600.0,3900.0,3400.0,3200.0
78,Brevin Jordan,TE,2500.0,2500.0,2500.0,2500.0
79,Brevyn Spann-Ford,TE,2900.0,2800.0,2500.0,2500.0
80,Brian Robinson,RB,4700.0,4700.0,4700.0,4700.0
81,Brian Thomas,WR,5500.0,4800.0,4600.0,4300.0
82,Britain Covey,WR,3000.0,3000.0,3000.0,3000.0
83,British Brooks,RB,4000.0,4000.0,4000.0,4000.0
84,Brittain Brown,RB,4000.0,4000.0,4000.0,4000.0
85,Brock Bowers,TE,6900.0,6600.0,6600.0,6900.0
86,Brock Lampe,RB,,,4000.0,4000.0
87,Brock Purdy,QB,5700.0,6200.0,6500.0,6700.0
88,Brock Wright,TE,2900.0,2800.0,2500.0,2500.0
89,Broncos,DST,2900.0,2800.0,2300.0,2500.0
90,Browns,DST,2100.0,2200.0,2500.0,2800.0
91,Bryce Lance,WR,3100.0,3200.0,3000.0,3000.0
92,Bryce Oliver,WR,3000.0,,3000.0,3000.0
93,Bryce Young,QB,5200.0,5400.0,5600.0,5900.0
94,Brycen Tremayne,WR,3000.0,3000.0,3000.0,3100.0
95,Bub Means,WR,,3000.0,3000.0,3000.0
96,Buccaneers,DST,2600.0,3600.0,2600.0,2800.0
97,Bucky Irving,RB,5700.0,6100.0,6300.0,6000.0
98,C.J. Stroud,QB,5200.0,5500.0,5500.0,5700.0
99,CJ Daniels,WR,3000.0,3000.0,3000.0,3000.0
100,CJ Dippre,TE,2500.0,2500.0,2500.0,2500.0
101,CJ Donaldson,RB,4000.0,4000.0,4000.0,4000.0
102,CJ Williams,WR,3000.0,3000.0,3000.0,3000.0
103,Cade Klubnik,QB,4000.0,4000.0,4000.0,4000.0
104,Cade Otton,TE,3700.0,3400.0,3100.0,3400.0
105,Cade Stover,TE,2500.0,2500.0,2500.0,2500.0
106,Cal Adomitis,TE,,,2500.0,2500.0
107,Caleb Douglas,WR,3000.0,3700.0,3900.0,3900.0
108,Caleb Lohner,TE,2500.0,2500.0,2500.0,2500.0
109,Caleb Williams,QB,6300.0,6800.0,6400.0,6300.0
110,Calvin Austin,WR,3700.0,3000.0,3000.0,3000.0
111,Calvin Ridley,WR,4500.0,4100.0,4000.0,3700.0
112,Cam Grandy,TE,2500.0,2500.0,2500.0,2500.0
113,Cam Skattebo,RB,5800.0,5900.0,6200.0,6100.0
114,Cam Ward,QB,5100.0,4900.0,5100.0,4700.0
115,Camden Brown,WR,3000.0,3000.0,3000.0,3000.0
116,Cameron Dorner,WR,3000.0,3000.0,3000.0,3000.0
117,Cameron Latu,TE,2500.0,2500.0,2500.0,2500.0
118,Cardinals,DST,2000.0,2500.0,2300.0,2500.0
119,Carlos Washington Jr.,RB,4000.0,4000.0,4000.0,4000.0
120,Carnell Tate,WR,5300.0,5100.0,5000.0,4800.0
121,Carsen Ryan,TE,2500.0,2500.0,2500.0,2500.0
122,Carson Beck,QB,4100.0,4000.0,4000.0,4000.0
123,Carson Steele,RB,4000.0,4000.0,4000.0,4000.0
124,Carson Towt,TE,2500.0,2500.0,2500.0,2500.0
125,Carson Wentz,QB,4000.0,4600.0,4600.0,4000.0
126,Carter Bradley,QB,4000.0,,,
127,Carter Runyon,TE,2500.0,2500.0,2500.0,2500.0
128,Case Keenum,QB,4000.0,4000.0,4000.0,4600.0
129,Casey Washington,WR,3000.0,3000.0,3000.0,3000.0
130,Cash Jones,RB,4000.0,4000.0,4000.0,4000.0
131,Cedric Tillman,WR,3400.0,3000.0,3000.0,3000.0
132,CeeDee Lamb,WR,7400.0,7300.0,7800.0,7800.0
133,Chandler Brayboy,WR,,,3000.0,3000.0
134,Chargers,DST,3500.0,3200.0,2200.0,2200.0
135,Charlie Jones,WR,3000.0,3000.0,3000.0,3000.0
136,Charlie Kolar,TE,2500.0,2700.0,2500.0,2600.0
137,Charlie Woerner,TE,2500.0,2500.0,2500.0,2500.0
138,Chase Brown,RB,7100.0,6900.0,6600.0,6100.0
139,Chase Roberts,WR,3000.0,,,
140,Chiefs,DST,2700.0,3200.0,3700.0,3400.0
141,Chig Okonkwo,TE,4000.0,3700.0,3600.0,3500.0
142,Chimere Dike,WR,3400.0,3000.0,3000.0,3000.0
143,Chip Trayanum,RB,4000.0,4000.0,4000.0,4000.0
144,Chris Bell,WR,3200.0,3500.0,3400.0,3700.0
145,Chris Blair,WR,3000.0,3000.0,3000.0,3000.0
146,Chris Brazzell II,WR,3000.0,3000.0,3000.0,3000.0
147,Chris Collier,RB,4000.0,4000.0,4000.0,4000.0
148,Chris Godwin,WR,5200.0,5600.0,5300.0,4900.0
149,Chris Hilton Jr.,WR,3000.0,3000.0,,
150,Chris Manhertz,TE,2500.0,2500.0,2500.0,2500.0
151,Chris Moore,WR,3000.0,3300.0,3100.0,3200.0
152,Chris Myarick,TE,2500.0,2500.0,2500.0,2500.0
153,Chris Oladokun,QB,4000.0,,,
154,Chris Olave,WR,6700.0,7200.0,7200.0,7700.0
155,Chris Rodriguez,RB,5100.0,5100.0,4600.0,4600.0
156,Christian Kirk,WR,3000.0,3000.0,3000.0,3000.0
157,Christian McCaffrey,RB,7500.0,8000.0,8300.0,7700.0
158,Christian Watson,WR,5900.0,6200.0,6400.0,6700.0
159,Christopher Brooks,RB,4500.0,4800.0,4800.0,4300.0
160,Chuba Hubbard,RB,5500.0,5800.0,6100.0,6400.0
161,Cody Hardy,TE,,,,2500.0
162,Cody Schrader,RB,4000.0,4000.0,4000.0,4000.0
163,Cody White,WR,3000.0,3000.0,3200.0,3100.0
164,Colbie Young,WR,3100.0,3000.0,3000.0,3000.0
165,Colby Parkinson,TE,3500.0,3100.0,3200.0,2900.0
166,Cole Burgess,WR,3000.0,3000.0,3000.0,3000.0
167,Cole Kmet,TE,3300.0,3000.0,3000.0,2800.0
168,Cole Payton,QB,4000.0,4000.0,4000.0,4000.0
169,Cole Turner,TE,2500.0,2500.0,2500.0,2500.0
170,Coleman Owen,WR,3000.0,,,
171,Colson Yankoff,TE,2500.0,2500.0,2500.0,2500.0
172,Colston Loveland,TE,5300.0,5000.0,5000.0,4700.0
173,Colts,DST,2400.0,2300.0,2500.0,3000.0
174,Commanders,DST,2300.0,2500.0,2300.0,2600.0
175,Connor Heyward,RB,4000.0,4000.0,4000.0,4000.0
176,Cooper Kupp,WR,4100.0,4100.0,4000.0,4100.0
177,Cooper Rush,QB,4000.0,4200.0,4000.0,4000.0
178,Corey Kiner,RB,4000.0,4200.0,4000.0,4000.0
179,Corey Rucker,WR,3000.0,3000.0,3000.0,3000.0
180,Courtland Sutton,WR,6000.0,5800.0,5200.0,4900.0
181,Cowboys,DST,2800.0,2900.0,2400.0,2700.0
182,Craig Reynolds,RB,4000.0,4000.0,4000.0,4000.0
183,Cyrus Allen,WR,4000.0,3900.0,3600.0,3200.0
184,D'Andre Swift,RB,6100.0,6300.0,6200.0,6400.0
185,D.J. Montgomery,WR,3000.0,3000.0,3000.0,3000.0
186,DJ Giddens,RB,4300.0,4000.0,4000.0,4000.0
187,DJ Herman,RB,4000.0,4000.0,4000.0,4000.0
188,DJ Moore,WR,5600.0,5800.0,5800.0,5700.0
189,DJ Rogers,TE,2500.0,2500.0,2500.0,2500.0
190,DJ Uiagalelei,QB,4000.0,4000.0,4000.0,4000.0
191,DK Metcalf,WR,5400.0,5200.0,5400.0,5400.0
192,Dak Prescott,QB,6400.0,6400.0,6700.0,6400.0
193,Dalen Cambre,WR,3000.0,3000.0,3000.0,3000.0
194,Dalevon Campbell,WR,3000.0,,,
195,Dallas Goedert,TE,4100.0,4800.0,4600.0,4600.0
196,Dallen Bentley,TE,2500.0,2500.0,2500.0,2500.0
197,Dalton Kincaid,TE,4600.0,4700.0,5500.0,5300.0
198,Dalton Schultz,TE,3400.0,3200.0,4200.0,4800.0
199,Dameon Pierce,RB,4000.0,4000.0,4000.0,4000.0
200,Damon Bankston,RB,,4000.0,4000.0,4000.0
201,Dan Villari,TE,2500.0,2500.0,2500.0,2500.0
202,Dane Key,WR,3000.0,3000.0,3000.0,3000.0
203,Daniel Bellinger,TE,2700.0,2600.0,2500.0,2500.0
204,Daniel Jones,QB,5400.0,5200.0,5000.0,5300.0
205,Daniel Sobkowicz,WR,3000.0,3000.0,3000.0,3000.0
206,Danny Gray,WR,3000.0,,,
207,Dare Ogunbowale,RB,4000.0,4000.0,4000.0,4000.0
208,Dareke Young,WR,3000.0,3000.0,3000.0,3000.0
209,Darius Cooper,WR,3000.0,3000.0,3100.0,3100.0
210,Darius Slayton,WR,4200.0,,,3500.0
211,Darnell Mooney,WR,4000.0,3800.0,4100.0,3800.0
212,Darnell Washington,TE,3000.0,2900.0,2800.0,2700.0
213,Darren Waller,TE,3200.0,3100.0,3400.0,3300.0
214,Davante Adams,WR,6200.0,5900.0,6200.0,7000.0
215,David Martin-Robinson,TE,2500.0,2500.0,2500.0,2500.0
216,David Montgomery,RB,6000.0,6500.0,6000.0,5700.0
217,David Moore,WR,3000.0,3000.0,3000.0,3000.0
218,David Njoku,TE,3000.0,3000.0,2700.0,2500.0
219,David Sills V,WR,3000.0,3000.0,3000.0,3000.0
220,Davis Allen,TE,2500.0,2500.0,2500.0,2500.0
221,Davis Mills,QB,4200.0,4000.0,4000.0,4000.0
222,Davon Booth,RB,4000.0,4000.0,4000.0,4000.0
223,Dawson Knox,TE,3100.0,2700.0,2800.0,2800.0
224,De'Von Achane,RB,7000.0,6700.0,6500.0,6500.0
225,De'Zhaun Stribling,WR,5100.0,4800.0,3000.0,3000.0
226,DeMario Douglas,WR,3300.0,3800.0,3700.0,3500.0
227,DeVonta Smith,WR,6600.0,6800.0,7100.0,7100.0
228,Dean Connors,RB,4000.0,4000.0,4000.0,4000.0
229,Dean Patterson IV,WR,3000.0,3000.0,3000.0,3000.0
230,DeeJay Dallas,RB,4000.0,4000.0,4200.0,4200.0
231,Deebo Samuel,WR,5000.0,5300.0,5300.0,5600.0
232,Deion Burks,WR,3500.0,3200.0,3300.0,3100.0
233,Demarcus Robinson,WR,3800.0,3900.0,3800.0,3000.0
234,Demond Claiborne,RB,4400.0,4000.0,4400.0,4000.0
235,Denzel Boston,WR,4400.0,4200.0,4500.0,5000.0
236,Derius Davis,WR,3000.0,3000.0,3000.0,3000.0
237,Derrick Henry,RB,6700.0,7200.0,7700.0,8400.0
238,Deshaun Watson,QB,4700.0,4500.0,4700.0,4900.0
239,Devaughn Vele,WR,3500.0,4200.0,4400.0,4900.0
240,Deven Thompkins,WR,3000.0,3000.0,3000.0,3000.0
241,Devin Duvernay,WR,3000.0,3000.0,3000.0,3000.0
242,Devin Neal,RB,4400.0,,,
243,Devin Singletary,RB,4000.0,4100.0,4200.0,4000.0
244,Devontez Walker,WR,3200.0,3400.0,3500.0,3400.0
245,Dillon Bell,WR,3000.0,3000.0,3000.0,3000.0
246,Dillon Gabriel,QB,4000.0,4000.0,4000.0,4000.0
247,Dohnte Meyers,WR,3000.0,3000.0,3000.0,3000.0
248,Dolphins,DST,2700.0,2000.0,2000.0,2000.0
249,Dominic Lovett,WR,3000.0,3000.0,3000.0,3000.0
250,Dominic Richardson,RB,4000.0,,,
251,Dont'e Thornton,WR,3300.0,3000.0,3000.0,3000.0
252,Dontae Fleming,WR,3000.0,,,
253,Dontayvion Wicks,WR,4100.0,4300.0,4100.0,4300.0
254,Drake Dabney,TE,2500.0,2500.0,2500.0,2500.0
255,Drake London,WR,6500.0,6000.0,5700.0,6500.0
256,Drake Maye,QB,6000.0,6100.0,6100.0,6000.0
257,Drew Allar,QB,4000.0,4000.0,4000.0,4000.0
258,Drew Lock,QB,4000.0,4900.0,5200.0,4000.0
259,Drew Ogletree,TE,2500.0,2500.0,2500.0,2500.0
260,Drew Sample,TE,2600.0,2600.0,2600.0,2600.0
261,Durham Smythe,TE,2500.0,2500.0,2500.0,2500.0
262,Dyami Brown,WR,3200.0,3000.0,3200.0,3000.0
263,Dylan Drummond,WR,3000.0,3000.0,3000.0,3000.0
264,Dylan Laube,RB,4000.0,4000.0,4000.0,4000.0
265,Dylan Sampson,RB,4700.0,4400.0,4000.0,4000.0
266,E.J. Jenkins,TE,2500.0,2500.0,2500.0,2500.0
267,E.J. Williams Jr.,WR,,,3000.0,
268,EJ Smith,RB,4000.0,,,
269,Eagles,DST,3200.0,3700.0,3200.0,2700.0
270,Easton Stick,QB,4000.0,4000.0,4000.0,4000.0
271,Efton Chism,WR,3000.0,3100.0,3000.0,3000.0
272,Eli Heidenreich,RB,4000.0,4000.0,4000.0,4200.0
273,Eli Pancol,WR,,,,3000.0
274,Eli Raridon,TE,2800.0,3000.0,2900.0,2700.0
275,Eli Stowers,TE,3100.0,2500.0,2500.0,2500.0
276,Elic Ayomanor,WR,3600.0,3500.0,3300.0,3000.0
277,Elijah Arroyo,TE,2600.0,2500.0,2500.0,2500.0
278,Elijah Higgins,TE,2500.0,2500.0,2500.0,2500.0
279,Elijah Moore,WR,3000.0,3000.0,3000.0,3000.0
280,Elijah Sarratt,WR,3400.0,3700.0,3400.0,3000.0
281,Emanuel Wilson,RB,4100.0,4000.0,4900.0,4700.0
282,Emari Demercado,RB,4000.0,4500.0,4200.0,4000.0
283,Emeka Egbuka,WR,6200.0,6400.0,6200.0,5900.0
284,Emmanuel Henderson Jr.,WR,3000.0,3000.0,3000.0,3000.0
285,Emmett Johnson,RB,4500.0,4500.0,4400.0,4400.0
286,Eric Gray,RB,,,4000.0,4000.0
287,Eric Rivers Jr.,WR,3000.0,3000.0,3000.0,3000.0
288,Eric Saubert,TE,2500.0,2500.0,2500.0,2500.0
289,Erick All Jr.,TE,2500.0,2500.0,2500.0,2500.0
290,Evan Deckers,TE,2500.0,2500.0,2500.0,2500.0
291,Evan Engram,TE,3400.0,3300.0,3100.0,2900.0
292,Evan Hull,RB,4000.0,4000.0,4000.0,4000.0
293,Evan Svoboda,TE,2500.0,2500.0,2500.0,2500.0
294,Falcons,DST,2600.0,2900.0,2400.0,2700.0
295,Feleipe Franks,TE,2500.0,2500.0,2500.0,2500.0
296,Fernando Mendoza,QB,5000.0,4500.0,4300.0,4100.0
297,Foster Moreau,TE,2600.0,2700.0,2500.0,2700.0
298,Frank Gore Jr.,RB,4000.0,4000.0,4000.0,4000.0
299,Gage Larvadain,WR,,,3000.0,3000.0
300,Gardner Minshew,QB,4100.0,4000.0,4000.0,4000.0
301,Garrett Greene,WR,3000.0,3000.0,3000.0,3000.0
302,Garrett Nussmeier,QB,4000.0,4000.0,4000.0,4000.0
303,Garrett Wilson,WR,5800.0,6000.0,6300.0,6800.0
304,Gary Jennings,WR,,,3000.0,3000.0
305,Gary Jennings Jr.,WR,3000.0,3000.0,,
306,Gavin Bartholomew,TE,2500.0,2500.0,2500.0,2500.0
307,Geno Smith,QB,4600.0,4800.0,4900.0,5200.0
308,George Holani,RB,4600.0,4500.0,4500.0,4500.0
309,George Kittle,TE,4800.0,4600.0,4800.0,5100.0
310,George Pickens,WR,6400.0,6300.0,6600.0,6300.0
311,Germie Bernard,WR,3900.0,3400.0,3900.0,3600.0
312,Giants,DST,2400.0,2200.0,3400.0,3100.0
313,Graham Mertz,QB,4000.0,4000.0,4000.0,4000.0
314,Grant Calcaterra,TE,2500.0,2500.0,2500.0,2500.0
315,Grant Finley,RB,4000.0,4000.0,4000.0,4000.0
316,Greg Dortch,WR,3400.0,3000.0,3000.0,3000.0
317,Greg Dulcich,TE,3500.0,3200.0,3000.0,3200.0
318,Gregory Desrosiers,RB,4000.0,4000.0,4000.0,4000.0
319,Gunnar Helm,TE,3200.0,3100.0,2900.0,2800.0
320,Gunner Olszewski,WR,3000.0,3000.0,3000.0,3000.0
321,Harold Fannin,TE,4200.0,4100.0,4000.0,4400.0
322,Harrison Wallace III,WR,3000.0,3000.0,3000.0,3000.0
323,Hassan Haskins,RB,4000.0,4000.0,,
324,Hayden Large,TE,2500.0,2500.0,2500.0,2500.0
325,Hayden Rucci,TE,2500.0,2500.0,2500.0,2500.0
326,Haynes King,QB,4000.0,4000.0,4000.0,4000.0
327,Hendon Hooker,QB,4000.0,4000.0,4000.0,4000.0
328,Hunter Henry,TE,3800.0,4000.0,3900.0,3500.0
329,Hunter Long,TE,2500.0,2500.0,2500.0,2500.0
330,Hunter Luepke,RB,4000.0,4000.0,4000.0,4000.0
331,Ian Thomas,TE,2500.0,2500.0,2500.0,2500.0
332,Ihmir Smith-Marsette,WR,3000.0,3000.0,,3000.0
333,Irvin Charles,WR,3000.0,3000.0,3000.0,3000.0
334,Isaac Guerendo,RB,4000.0,4000.0,4000.0,4000.0
335,Isaac TeSlaa,WR,3900.0,3700.0,3400.0,3700.0
336,Isaiah Bond,WR,3300.0,3000.0,3000.0,3000.0
337,Isaiah Davis,RB,4200.0,4000.0,4000.0,4200.0
338,Isaiah Hodgins,WR,,,,3000.0
339,Isaiah Likely,TE,4300.0,4500.0,4700.0,4500.0
340,Isaiah Neyor,WR,3000.0,3000.0,3000.0,3000.0
341,Isaiah Williams,WR,3000.0,3300.0,3300.0,3500.0
342,Isiah Pacheco,RB,5000.0,4000.0,4000.0,4000.0
343,Israel Abanikanda,RB,4000.0,4000.0,4000.0,4000.0
344,J'Mari Taylor,RB,4000.0,4000.0,4000.0,4000.0
345,J. Michael Sturdivant,WR,3000.0,3000.0,3000.0,3000.0
346,JJ McCarthy,QB,4500.0,4300.0,4100.0,4000.0
347,JK Dobbins,RB,5300.0,5000.0,5400.0,5300.0
348,JP Richardson,WR,3000.0,3000.0,3000.0,3000.0
349,Ja'Kobi Lane,WR,3100.0,3900.0,3000.0,3000.0
350,Ja'Marr Chase,WR,7800.0,7600.0,8100.0,8100.0
351,Ja'Mori Maclin,WR,3000.0,3000.0,3000.0,3000.0
352,Ja'Tavion Sanders,TE,2700.0,2500.0,2500.0,2500.0
353,Ja'seem Reed,WR,3000.0,3000.0,3000.0,3000.0
354,Jabari Small,RB,,4000.0,4000.0,4000.0
355,Jacardia Wright,RB,4000.0,4000.0,4000.0,4000.0
356,Jack Bech,WR,3600.0,3600.0,3500.0,3300.0
357,Jack Endries,TE,2500.0,2500.0,2500.0,2500.0
358,Jack Stoll,TE,,,2500.0,2500.0
359,Jack Strand,QB,4000.0,4000.0,4200.0,4000.0
360,Jack Velling,TE,2500.0,2500.0,2500.0,2500.0
361,Jack Westover,TE,2500.0,2500.0,2500.0,2500.0
362,Jackson Hawes,TE,2500.0,2500.0,2500.0,2500.0
363,Jackson Meeks,TE,3000.0,2500.0,2500.0,2500.0
364,Jacob Cowing,WR,3000.0,3000.0,3300.0,3100.0
365,Jacob Saylors,RB,4000.0,4000.0,4000.0,4000.0
366,Jacoby Brissett,QB,5100.0,5000.0,4800.0,5000.0
367,Jacoby Jones,WR,3000.0,,,
368,Jacory Croskey-Merritt,RB,5300.0,5500.0,5300.0,4800.0
369,Jadarian Price,RB,5600.0,5500.0,5300.0,5100.0
370,Jaden Bradley,WR,3000.0,3000.0,3000.0,3000.0
371,Jaguars,DST,3400.0,2400.0,2900.0,2600.0
372,Jahan Dotson,WR,3700.0,3400.0,3100.0,3000.0
373,Jahdae Walker,WR,3100.0,3400.0,3300.0,3300.0
374,Jahmyr Gibbs,RB,8000.0,8500.0,8800.0,9000.0
375,Jake Bobo,WR,3000.0,3000.0,3000.0,3000.0
376,Jake Briningstool,TE,2500.0,2500.0,2500.0,2500.0
377,Jake Ferguson,TE,3900.0,3800.0,4100.0,4300.0
378,Jake Haener,QB,4000.0,4000.0,4000.0,4000.0
379,Jake Tonges,TE,3300.0,2600.0,2500.0,2500.0
380,Jakobi Meyers,WR,5000.0,4900.0,4800.0,5000.0
381,Jaleel McLaughlin,RB,4000.0,4000.0,4000.0,4000.0
382,Jalen Brooks,WR,3000.0,3000.0,3000.0,3000.0
383,Jalen Coker,WR,4600.0,5100.0,5500.0,5700.0
384,Jalen Hurts,QB,6600.0,6700.0,6800.0,6600.0
385,Jalen McMillan,WR,4400.0,4400.0,4100.0,3900.0
386,Jalen Milroe,QB,4000.0,4400.0,4000.0,4000.0
387,Jalen Moreno-Cropper,WR,3000.0,3000.0,3000.0,3000.0
388,Jalen Nailor,WR,4300.0,3900.0,3700.0,3600.0
389,Jalen Reagor,WR,3000.0,3000.0,3000.0,3000.0
390,Jalen Royals,WR,3200.0,3200.0,3000.0,3000.0
391,Jalen Tolbert,WR,3500.0,3000.0,3000.0,3000.0
392,Jalin Hyatt,WR,3000.0,3000.0,3000.0,3000.0
393,Jalon Daniels,QB,4000.0,4000.0,4000.0,4400.0
394,Jamaal Pritchett,WR,3000.0,3000.0,3000.0,3000.0
395,Jamari Thrash,WR,3000.0,,,
396,Jameis Winston,QB,4000.0,4000.0,4000.0,4500.0
397,James Conner,RB,4200.0,4000.0,4000.0,4000.0
398,James Cook,RB,7200.0,6700.0,6900.0,7400.0
399,James Mitchell,TE,2500.0,2500.0,2500.0,2500.0
400,James Winchester,TE,2500.0,2500.0,2500.0,2500.0
401,Jameson Geers,TE,2500.0,2500.0,2500.0,2500.0
402,Jameson Williams,WR,6000.0,5700.0,5400.0,5500.0
403,Jared Goff,QB,6000.0,6200.0,6300.0,6100.0
404,Jared Wayne,WR,3000.0,3000.0,3100.0,3000.0
405,Jared Wiley,TE,2500.0,2500.0,2500.0,2500.0
406,Jaren Kanak,TE,2500.0,2500.0,2500.0,2500.0
407,Jaret Patterson,RB,,,,4000.0
408,Jarquez Hunter,RB,4000.0,4000.0,4000.0,4000.0
409,Jarrett Stidham,QB,4300.0,4200.0,4000.0,4000.0
410,Jauan Jennings,WR,4300.0,3800.0,3600.0,3800.0
411,Javonte Williams,RB,6300.0,6400.0,6700.0,6600.0
412,Jawhar Jordan,RB,4500.0,4000.0,4000.0,4000.0
413,Jaxon Smith-Njigba,WR,7600.0,8100.0,8600.0,9100.0
414,Jaxson Dart,QB,5600.0,5800.0,5900.0,4000.0
415,Jayden Daniels,QB,6500.0,6300.0,6000.0,5800.0
416,Jayden Higgins,WR,4500.0,3000.0,3000.0,3000.0
417,Jayden Reed,WR,4900.0,4500.0,4200.0,4200.0
418,Jaydn Ott,RB,4000.0,4000.0,4000.0,4000.0
419,Jaydon Blue,RB,4000.0,4000.0,4000.0,4000.0
420,Jaylen Waddle,WR,6300.0,6500.0,6700.0,6200.0
421,Jaylen Warren,RB,5400.0,5400.0,5700.0,6200.0
422,Jaylen Wright,RB,4500.0,4200.0,4000.0,5000.0
423,Jaylin Lane,WR,3100.0,3000.0,3000.0,3000.0
424,Jaylin Noel,WR,3600.0,3700.0,3600.0,3400.0
425,Jeff Caldwell,WR,3000.0,3000.0,3000.0,3000.0
426,Jelani Woods,TE,2500.0,2500.0,2500.0,2500.0
427,Jeremiah Webb,WR,3000.0,3000.0,3000.0,3000.0
428,Jeremiyah Love,RB,6400.0,5900.0,5500.0,5800.0
429,Jeremy McNichols,RB,4300.0,4000.0,4000.0,4000.0
430,Jeremy Ruckert,TE,2500.0,2500.0,2500.0,2500.0
431,Jermar Jefferson,RB,4000.0,,,
432,Jerome Ford,RB,,,4000.0,4000.0
433,Jerry Jeudy,WR,4100.0,3900.0,3800.0,3500.0
434,Jeshaun Jones,WR,3000.0,3000.0,3000.0,3000.0
435,Jets,DST,2500.0,2400.0,2100.0,2400.0
436,Jimmy Holiday,WR,3000.0,3000.0,3000.0,3000.0
437,Jimmy Horn,WR,3000.0,3000.0,3000.0,3000.0
438,Joe Burrow,QB,6900.0,6600.0,6600.0,6800.0
439,Joe Fagnano,QB,4000.0,4000.0,4000.0,4000.0
440,Joe Flacco,QB,4400.0,4100.0,4400.0,4300.0
441,Joe Milton III,QB,4000.0,4000.0,4000.0,4000.0
442,Joe Royer,TE,2500.0,2500.0,2500.0,2500.0
443,Joel Wilson,TE,2500.0,2500.0,2500.0,2500.0
444,Joey Aguilar,QB,4000.0,4000.0,4000.0,4000.0
445,John Bates,TE,2500.0,2700.0,2500.0,2500.0
446,John Metchie,WR,3200.0,3000.0,3000.0,3200.0
447,John Michael Gyllenborg,TE,2500.0,2500.0,2500.0,2500.0
448,Johnny Mundt,TE,2500.0,2500.0,2600.0,2600.0
449,Johnny Wilson,WR,3000.0,3000.0,3000.0,3000.0
450,Jonah Coleman,RB,4300.0,4200.0,5100.0,4000.0
451,Jonathan Mingo,WR,3100.0,3000.0,3000.0,3000.0
452,Jonathan Taylor,RB,7300.0,7500.0,7600.0,7600.0
453,Jonathan Ward,RB,4000.0,4000.0,4000.0,4000.0
454,Jonathon Brooks,RB,5000.0,4800.0,4600.0,4000.0
455,Jonnu Smith,TE,3000.0,2900.0,2800.0,2900.0
456,Jordan Addison,WR,5800.0,5100.0,4900.0,5300.0
457,Jordan Hudson,WR,3000.0,3000.0,3000.0,3000.0
458,Jordan James,RB,4200.0,4000.0,4000.0,4000.0
459,Jordan Love,QB,5700.0,5900.0,5700.0,5800.0
460,Jordan Mason,RB,5400.0,5200.0,4000.0,4000.0
461,Jordan Moore,WR,3000.0,3000.0,3000.0,3000.0
462,Jordan Waters,RB,4000.0,4000.0,4000.0,4000.0
463,Jordan Watkins,WR,3300.0,3000.0,3100.0,3300.0
464,Jordan Whittington,WR,3500.0,3200.0,3200.0,3200.0
465,Jordyn Tyson,WR,5100.0,3000.0,3000.0,3000.0
466,Josh Allen,QB,7000.0,7400.0,8000.0,7700.0
467,Josh Cameron,WR,3000.0,3000.0,3000.0,3000.0
468,Josh Cuevas,TE,2500.0,2500.0,2500.0,2500.0
469,Josh Downs,WR,5200.0,5400.0,5700.0,5800.0
470,Josh Jacobs,RB,6300.0,6300.0,6300.0,6300.0
471,Josh Johnson,QB,4000.0,4000.0,4000.0,4000.0
472,Josh Kelly,WR,3000.0,3000.0,3000.0,3000.0
473,Josh Oliver,TE,2800.0,2500.0,2500.0,2500.0
474,Josh Whyle,TE,2500.0,2500.0,2500.0,2500.0
475,Josh Williams,RB,4000.0,4000.0,4000.0,4000.0
476,Joshua Dobbs,QB,4000.0,4000.0,4000.0,4000.0
477,Joshua Palmer,WR,3500.0,3600.0,3500.0,3300.0
478,Joshua Simon,TE,2500.0,,,
479,Josiah Deguara,TE,,,2500.0,2500.0
480,Julian Hicks,WR,3000.0,3000.0,3000.0,3000.0
481,Julian Hill,TE,2500.0,2500.0,2500.0,2500.0
482,Julius Chestnut,RB,4000.0,4000.0,4000.0,4000.0
483,Justice Hill,RB,4200.0,4200.0,4200.0,4200.0
484,Justin Fields,QB,4500.0,4500.0,4000.0,4000.0
485,Justin Herbert,QB,6100.0,6000.0,5800.0,5400.0
486,Justin Jefferson,WR,7300.0,7800.0,7500.0,7300.0
487,Justin Joly,TE,2500.0,2500.0,2500.0,2500.0
488,Justin Shorter,WR,3000.0,3000.0,3000.0,3000.0
489,Juwan Johnson,TE,3700.0,3900.0,3700.0,4200.0
490,K.J. Osborn,WR,3000.0,3000.0,3000.0,3000.0
491,KC Concepcion,WR,4600.0,4100.0,4300.0,4000.0
492,KaVontae Turpin,WR,3300.0,3100.0,3000.0,3000.0
493,Kaden Davis,WR,3000.0,3000.0,3000.0,3000.0
494,Kaden Wetjen,WR,3000.0,3000.0,3000.0,3000.0
495,Kaelon Black,RB,4500.0,4500.0,4800.0,4600.0
496,Kaleb Johnson,RB,4400.0,4300.0,4300.0,4600.0
497,Kalel Mullings,RB,4000.0,4000.0,4000.0,4000.0
498,Kalif Raymond,WR,3300.0,3600.0,3800.0,3600.0
499,Kameron Johnson,WR,3000.0,3000.0,3000.0,3000.0
500,Kayshon Boutte,WR,4500.0,4000.0,4500.0,4400.0
501,Kaytron Allen,RB,4600.0,4500.0,4300.0,4300.0
502,Ke'Shawn Williams,WR,3000.0,3000.0,3000.0,3000.0
503,KeAndre Lambert-Smith,WR,3000.0,3300.0,3000.0,3000.0
504,Keaton Mitchell,RB,4800.0,4600.0,4300.0,4300.0
505,Kedon Slovis,QB,4000.0,4000.0,4000.0,4000.0
506,Keenan Allen,WR,4700.0,4600.0,4600.0,4500.0
507,Keleki Latu,TE,2500.0,2500.0,2500.0,2500.0
508,Kendall Milton,RB,4000.0,4000.0,4000.0,4000.0
509,Kendre Miller,RB,4000.0,4500.0,4300.0,4500.0
510,Kendrick Bourne,WR,3600.0,3900.0,3700.0,3500.0
511,Kendrick Law,WR,3000.0,3000.0,3000.0,3000.0
512,Kene Nwangwu,RB,4000.0,4000.0,4000.0,4000.0
513,Kenneth Walker,RB,6500.0,6500.0,7400.0,8200.0
514,Kenny Fletcher Jr.,TE,,2500.0,2500.0,2500.0
515,Kenny Gainwell,RB,5200.0,5100.0,4800.0,4700.0
516,Kenny Pickett,QB,4000.0,4000.0,4000.0,4000.0
517,Kentrel Bullock,RB,4000.0,4000.0,4000.0,4000.0
518,Kenyon Sadiq,TE,3800.0,3800.0,3500.0,4000.0
519,Keon Coleman,WR,4000.0,3900.0,4300.0,4000.0
520,Kevin Austin,WR,3000.0,3000.0,3000.0,3000.0
521,Kevin Coleman,WR,3000.0,3000.0,3000.0,3000.0
522,Khadarel Hodge,WR,3000.0,3000.0,3000.0,3000.0
523,Khalil Dinkins,TE,2500.0,2500.0,2500.0,2500.0
524,Khalil Herbert,RB,,,4000.0,4000.0
525,Khalil Shakir,WR,4800.0,4700.0,4800.0,4700.0
526,Kimani Vidal,RB,4800.0,4300.0,4000.0,4000.0
527,Kirk Cousins,QB,5000.0,5000.0,4800.0,5100.0
528,Ko Kieft,TE,2500.0,2500.0,2500.0,2500.0
529,Kolbe Katsis,WR,3000.0,3000.0,3000.0,3000.0
530,Kole Wilson,WR,3000.0,3000.0,,
531,Konata Mumpfield,WR,3200.0,3000.0,3000.0,3400.0
532,Kurtis Rourke,QB,4000.0,4000.0,4000.0,4000.0
533,Kyle Allen,QB,4000.0,4000.0,4000.0,4000.0
534,Kyle Dixon,WR,3000.0,3000.0,3000.0,3000.0
535,Kyle Juszczyk,RB,4000.0,4000.0,4000.0,4000.0
536,Kyle McCord,QB,4000.0,4000.0,4000.0,4000.0
537,Kyle Monangai,RB,5100.0,5300.0,5200.0,4900.0
538,Kyle Pitts,TE,4700.0,4500.0,4200.0,3900.0
539,Kyle Williams,WR,3100.0,3600.0,3400.0,3200.0
540,Kylen Granson,TE,2500.0,2500.0,2500.0,2500.0
541,Kyler Murray,QB,5500.0,5100.0,5100.0,5300.0
542,Kyren Williams,RB,6200.0,6400.0,6100.0,5900.0
543,Kyrese Rowan,WR,,3000.0,3000.0,3000.0
544,LaJohntay Wester,WR,3000.0,3100.0,3000.0,3000.0
545,Ladd McConkey,WR,5900.0,6200.0,5900.0,5800.0
546,Lake McRee,TE,2500.0,2500.0,2500.0,2500.0
547,Lamar Jackson,QB,6800.0,7300.0,7500.0,7300.0
548,Lan Larison,RB,4000.0,4000.0,4000.0,4000.0
549,Laquon Treadwell,WR,3000.0,3000.0,3100.0,3300.0
550,LeQuint Allen,RB,4300.0,4000.0,4000.0,4000.0
551,Lew Nichols,RB,4000.0,4000.0,4000.0,4000.0
552,Lewis Bond,WR,3000.0,3000.0,3000.0,3000.0
553,Lil'Jordan Humphrey,WR,3200.0,3300.0,3000.0,3000.0
554,Lions,DST,3200.0,2500.0,3500.0,2900.0
555,Lucas Krull,TE,2500.0,2500.0,2500.0,2500.0
556,Lucky Jackson,WR,3000.0,3000.0,3000.0,3000.0
557,Luke Altmyer,QB,4000.0,4000.0,4000.0,4000.0
558,Luke Basso,TE,2500.0,,,
559,Luke Farrell,TE,2500.0,2500.0,2500.0,2500.0
560,Luke McCaffrey,WR,3500.0,3000.0,3000.0,3000.0
561,Luke Musgrave,TE,3000.0,2500.0,2500.0,2500.0
562,Luke Schoonmaker,TE,2500.0,2500.0,2500.0,2500.0
563,Luther Burden,WR,5500.0,5700.0,5600.0,5200.0
564,Mac Jones,QB,4000.0,4000.0,4000.0,4000.0
565,Mack Hollins,WR,3600.0,4300.0,4200.0,4000.0
566,Makai Lemon,WR,5100.0,4600.0,4300.0,4100.0
567,Malachi Corley,WR,3000.0,3000.0,3000.0,3000.0
568,Malachi Fields,WR,4300.0,4100.0,4400.0,4000.0
569,Malik Benson,WR,3100.0,3000.0,3000.0,3000.0
570,Malik Davis,RB,4300.0,4000.0,4000.0,4000.0
571,Malik McClain,WR,3000.0,3000.0,3000.0,3000.0
572,Malik Nabers,WR,6800.0,6500.0,6500.0,6000.0
573,Malik Washington,WR,4200.0,4000.0,4200.0,4400.0
574,Malik Willis,QB,5300.0,5200.0,4900.0,4900.0
575,MarShawn Lloyd,RB,4800.0,5300.0,5300.0,4800.0
576,Marcus Mariota,QB,4500.0,4000.0,4500.0,4800.0
577,Mark Andrews,TE,3900.0,4400.0,4400.0,4200.0
578,Mark Gronowski,QB,,4000.0,,
579,Mark Redman,TE,2500.0,2500.0,2500.0,2500.0
580,Marlin Klein,TE,2700.0,2500.0,2500.0,2500.0
581,Marquez Valdes-Scantling,WR,,,3000.0,3000.0
582,Marquise Brown,WR,3800.0,3600.0,3300.0,3300.0
583,Marvin Harrison Jr.,WR,5000.0,4900.0,4700.0,4500.0
584,Marvin Mims,WR,3200.0,3700.0,3700.0,3700.0
585,Mason Rudolph,QB,4000.0,4000.0,4000.0,4000.0
586,Mason Taylor,TE,2800.0,2800.0,2500.0,2500.0
587,Mason Tipton,WR,3000.0,3000.0,3000.0,3000.0
588,Matt Hibner,TE,2500.0,2500.0,2500.0,2500.0
589,Matthew Caldwell,QB,4000.0,4000.0,4000.0,4000.0
590,Matthew Golden,WR,4700.0,4700.0,4900.0,5400.0
591,Matthew Stafford,QB,6200.0,6000.0,5900.0,6200.0
592,Max Bredeson,RB,4000.0,4000.0,4000.0,4000.0
593,Max Brosmer,QB,4000.0,4000.0,4000.0,4000.0
594,Max Hurleman,WR,3000.0,3000.0,,
595,Max Klare,TE,2700.0,2500.0,2500.0,2500.0
596,Messiah Swinson,TE,2500.0,2500.0,2500.0,2500.0
597,Michael Bandy,WR,3000.0,3000.0,3000.0,3000.0
598,Michael Briscoe,WR,3000.0,3000.0,3000.0,3000.0
599,Michael Burton,RB,4000.0,4000.0,4000.0,4000.0
600,Michael Carter,RB,4000.0,4000.0,4000.0,4000.0
601,Michael Mayer,TE,2900.0,3600.0,3300.0,3400.0
602,Michael Penix Jr.,QB,4800.0,4700.0,4700.0,5000.0
603,Michael Pittman Jr.,WR,4900.0,4700.0,4700.0,4400.0
604,Michael Trigg,TE,2500.0,2500.0,2500.0,2500.0
605,Michael Wilson,WR,5300.0,5400.0,5200.0,5500.0
606,Michael Wortham,WR,3000.0,3000.0,3000.0,3000.0
607,Mike Evans,WR,6100.0,6600.0,6800.0,6600.0
608,Mike Gesicki,TE,3100.0,3600.0,3300.0,3300.0
609,Mike Washington Jr.,RB,4600.0,4300.0,4100.0,4100.0
610,Miller Moss,QB,,4000.0,4000.0,4000.0
611,Mitch Tinsley,WR,3000.0,3000.0,3000.0,3000.0
612,Mitch Trubisky,QB,4000.0,4000.0,4000.0,4000.0
613,Mitch Van Vooren,TE,2500.0,,,
614,Mitchell Evans,TE,2600.0,2500.0,2500.0,2500.0
615,Mitchell Fraboni,TE,2500.0,2500.0,2500.0,2500.0
616,Mo Alie-Cox,TE,2500.0,2500.0,2500.0,2500.0
617,Moliki Matavao,TE,2500.0,2500.0,2500.0,2500.0
618,Montorie Foster Jr.,WR,3000.0,3000.0,3000.0,3000.0
619,Myles Montgomery,RB,4000.0,4000.0,4000.0,4000.0
620,Myles Price,WR,3000.0,3000.0,3000.0,3000.0
621,Najee Harris,RB,4300.0,4000.0,4700.0,4500.0
622,Nate Adkins,TE,2500.0,2500.0,2500.0,2500.0
623,Nate Boerkircher,TE,2600.0,2500.0,2500.0,2500.0
624,Nate Carter,RB,4000.0,4000.0,4000.0,4000.0
625,Nick Kallerup,TE,2500.0,2500.0,2500.0,2500.0
626,Nick Mullens,QB,4000.0,4000.0,4000.0,4000.0
627,Nick Muse,TE,2500.0,2500.0,2500.0,2500.0
628,Nick Singleton,RB,4800.0,4300.0,4000.0,4000.0
629,Nick Vannett,TE,2500.0,2500.0,2500.0,2500.0
630,Nick Westbrook,WR,3700.0,3000.0,3000.0,3000.0
631,Nico Collins,WR,7000.0,7000.0,7000.0,7200.0
632,Nikko Remigio,WR,3000.0,3000.0,3000.0,3000.0
633,Nikola Kalinic,TE,2500.0,2500.0,2500.0,2500.0
634,Noah Fant,TE,3200.0,3400.0,3200.0,3200.0
635,Noah Gray,TE,3000.0,3200.0,3000.0,2700.0
636,Noah Thomas,WR,3000.0,3000.0,3000.0,3000.0
637,Noah Whittington,RB,4000.0,4000.0,4000.0,4000.0
638,Odell Beckham Jr.,WR,3200.0,3000.0,3300.0,3100.0
639,Olamide Zaccheaus,WR,3500.0,3200.0,3000.0,3000.0
640,Ollie Gordon,RB,4500.0,4000.0,4000.0,5500.0
641,Omar Cooper Jr.,WR,4100.0,3800.0,3000.0,3000.0
642,Omari Evans,WR,3000.0,3000.0,3000.0,3000.0
643,Omarion Hampton,RB,6800.0,6600.0,6800.0,6300.0
644,Oronde Gadsden,TE,3500.0,3500.0,3500.0,3600.0
645,Oscar Delp,TE,2700.0,2500.0,2500.0,2500.0
646,Packers,DST,3000.0,3400.0,3500.0,3200.0
647,Panthers,DST,2500.0,2700.0,3000.0,2500.0
648,Parker Washington,WR,5600.0,5900.0,6000.0,6500.0
649,Pat Bryant,WR,4200.0,4200.0,4000.0,4200.0
650,Pat Freiermuth,TE,3400.0,3700.0,3800.0,3700.0
651,Patrick Gurd,TE,,2500.0,2500.0,2500.0
652,Patrick Herbert,TE,2500.0,2500.0,2500.0,2500.0
653,Patrick Mahomes,QB,5500.0,5500.0,6200.0,6500.0
654,Patrick Ricard,RB,4000.0,4000.0,4000.0,4000.0
655,Patriots,DST,2600.0,3100.0,2700.0,2300.0
656,Payne Durham,TE,2500.0,2500.0,2500.0,2500.0
657,Pharaoh Brown,TE,2500.0,2500.0,2500.0,2500.0
658,Phil Mafah,RB,,,4000.0,4000.0
659,Pierre Strong,RB,4000.0,4000.0,4000.0,4000.0
660,Princeton Fant,TE,2500.0,2500.0,2500.0,2500.0
661,Puka Nacua,WR,7700.0,7900.0,7700.0,7500.0
662,Qadir Ismail,TE,2500.0,2500.0,2500.0,2500.0
663,Quentin Johnston,WR,4700.0,5000.0,4900.0,4800.0
664,Quentin Moore,TE,2500.0,,,
665,Quincy Skinner Jr.,WR,,,3000.0,3000.0
666,Quinn Ewers,QB,4000.0,4000.0,4000.0,4000.0
667,Quinshon Judkins,RB,5500.0,5400.0,5500.0,5400.0
668,Quintin Morris,TE,2500.0,2500.0,2500.0,2500.0
669,RJ Harvey,RB,5400.0,5200.0,5200.0,5000.0
670,Rachaad White,RB,5200.0,5000.0,5100.0,5100.0
671,Raheim Sanders,RB,4000.0,4000.0,4500.0,4400.0
672,Raiders,DST,2900.0,2600.0,2600.0,2400.0
673,Rams,DST,3000.0,3300.0,3100.0,2600.0
674,Rashee Rice,WR,6500.0,6400.0,6400.0,6400.0
675,Rasheen Ali,RB,4200.0,4000.0,4000.0,4000.0
676,Rashid Shaheed,WR,4400.0,4300.0,4200.0,3900.0
677,Rashod Bateman,WR,3900.0,4400.0,4700.0,4200.0
678,Ravens,DST,3000.0,3300.0,2800.0,3800.0
679,Ray Davis,RB,4600.0,4400.0,4400.0,4000.0
680,Ray-Ray McCloud,WR,3000.0,,,
681,Reggie Gilliam,RB,4000.0,4000.0,4000.0,4000.0
682,Reggie Virgil,WR,3000.0,3000.0,3000.0,3000.0
683,Rhamondre Stevenson,RB,5700.0,5700.0,5400.0,5100.0
684,Ricky Pearsall,WR,3000.0,3000.0,3000.0,3000.0
685,Ricky White III,WR,3000.0,3000.0,3000.0,3000.0
686,Rico Dowdle,RB,5200.0,4900.0,4700.0,4700.0
687,Riley Leonard,QB,4400.0,4000.0,4000.0,4000.0
688,Riley Nowakowski,RB,4000.0,4000.0,4000.0,4000.0
689,River Cracraft,WR,3000.0,3000.0,3000.0,3000.0
690,Robbie Ouzts,RB,4000.0,4000.0,4000.0,4000.0
691,Robert Henry Jr.,RB,4000.0,4000.0,4000.0,4000.0
692,Robert Tonyan,TE,2500.0,2500.0,2500.0,2500.0
693,Rocco Underwood,TE,2500.0,2500.0,2500.0,2500.0
694,Roman Hemby,RB,4100.0,4000.0,4000.0,4000.0
695,Roman Wilson,WR,3100.0,3200.0,3400.0,3400.0
696,Rome Odunze,WR,5400.0,5500.0,5300.0,5000.0
697,Romeo Doubs,WR,4600.0,5000.0,5100.0,4700.0
698,Ronnie Bell,WR,3000.0,3000.0,3000.0,3000.0
699,Ronnie Rivers,RB,4000.0,4000.0,4000.0,4000.0
700,Roschon Johnson,RB,4000.0,4000.0,4000.0,4000.0
701,Ryan Flournoy,WR,3900.0,3800.0,3800.0,3800.0
702,Ryan Miller,WR,3000.0,3000.0,3200.0,3000.0
703,Saints,DST,2200.0,2300.0,3300.0,3100.0
704,Salvon Ahmed,RB,4000.0,4000.0,4000.0,4000.0
705,Sam Darnold,QB,5400.0,5400.0,5400.0,5500.0
706,Sam Ehlinger,QB,4000.0,4000.0,4000.0,4000.0
707,Sam Hartman,QB,4000.0,4000.0,4000.0,4000.0
708,Sam Howell,QB,4000.0,4000.0,4000.0,4000.0
709,Sam LaPorta,TE,4400.0,4300.0,4300.0,4100.0
710,Sam Roush,TE,2800.0,2500.0,2500.0,2500.0
711,Samaje Perine,RB,4600.0,4400.0,4100.0,4100.0
712,Saquon Barkley,RB,6900.0,7000.0,7000.0,6800.0
713,Savion Williams,WR,3200.0,3000.0,3000.0,3000.0
714,Scott Matlock,RB,4000.0,4000.0,4000.0,4000.0
715,Scotty Miller,WR,3000.0,3000.0,3000.0,
716,Seahawks,DST,3300.0,3500.0,3800.0,3500.0
717,Sean Clifford,QB,4000.0,4000.0,4000.0,4000.0
718,Sean Tucker,RB,4700.0,4400.0,4000.0,4000.0
719,Seth McGowan,RB,4300.0,4300.0,4100.0,4300.0
720,Seydou Traore,TE,2500.0,2500.0,2500.0,2500.0
721,Shane Buechele,QB,4000.0,4000.0,4000.0,4000.0
722,Shane Zylstra,TE,2500.0,2500.0,,
723,Shawn Bowman,TE,2500.0,2500.0,2500.0,2500.0
724,Shedeur Sanders,QB,4700.0,4500.0,4200.0,4000.0
725,Shedrick Jackson,WR,,,,3000.0
726,Simi Fehoko,WR,3000.0,3000.0,3000.0,3000.0
727,Sincere Brown,WR,3000.0,,,
728,Sincere McCormick,RB,4000.0,4000.0,4000.0,4000.0
729,Sione Vaki,RB,4000.0,4500.0,4300.0,4500.0
730,Skylar Thompson,QB,4000.0,4000.0,4000.0,4000.0
731,Skyler Bell,WR,3100.0,3000.0,3000.0,3000.0
732,Skyy Moore,WR,3000.0,3000.0,3200.0,3200.0
733,Spencer Rattler,QB,4000.0,4000.0,4000.0,4000.0
734,Steelers,DST,3300.0,2800.0,2700.0,3000.0
735,Stefon Diggs,WR,5200.0,5300.0,5500.0,5300.0
736,Stephen Carlson,TE,2500.0,2500.0,2500.0,2500.0
737,Stephen Gosnell,WR,3000.0,3000.0,3000.0,3000.0
738,Sterling Shepard,WR,,,3000.0,3000.0
739,Stetson Bennett IV,QB,4000.0,4000.0,4000.0,4000.0
740,Stone Smartt,TE,2500.0,2500.0,2500.0,2500.0
741,TJ Hockenson,TE,3300.0,3500.0,3200.0,3300.0
742,Tahj Brooks,RB,4100.0,4000.0,4000.0,4000.0
743,Tai Felton,WR,3000.0,3000.0,3000.0,3000.0
744,Tank Bigsby,RB,4900.0,4700.0,5000.0,5300.0
745,Tank Dell,WR,3700.0,3000.0,3000.0,3000.0
746,Tanner Arkin,TE,2500.0,2500.0,2500.0,2500.0
747,Tanner Conner,TE,,,,2500.0
748,Tanner Hudson,TE,2500.0,2500.0,2500.0,2500.0
749,Tanner Koziol,TE,2600.0,2500.0,2500.0,2500.0
750,Tanner McKee,QB,4000.0,4000.0,4000.0,4000.0
751,Tay Martin,WR,3000.0,3000.0,3000.0,3000.0
752,Taylen Green,QB,4000.0,4000.0,4000.0,4000.0
753,Teagan Quitoriano,TE,2500.0,2500.0,2500.0,2500.0
754,Ted Hurst III,WR,3300.0,3200.0,3000.0,3100.0
755,Tee Higgins,WR,6300.0,6100.0,6100.0,6100.0
756,Terrance Ferguson,TE,3000.0,2700.0,2700.0,3000.0
757,Terry McLaurin,WR,5700.0,5200.0,5100.0,5200.0
758,Tetairoa McMillan,WR,6100.0,6100.0,6000.0,6200.0
759,Texans,DST,2900.0,3000.0,3200.0,2900.0
760,Tez Johnson,WR,3100.0,3000.0,3000.0,3000.0
761,Theo Johnson,TE,2800.0,2600.0,2700.0,2500.0
762,Theo Wease Jr.,WR,3000.0,3000.0,3000.0,3000.0
763,Thomas Fidone II,TE,2500.0,2500.0,2500.0,2500.0
764,Thomas Gordon,TE,2500.0,2500.0,2500.0,2500.0
765,Thomas Odukoya,TE,2500.0,2500.0,2500.0,2500.0
766,Thomas Yassmin,TE,2500.0,2500.0,2500.0,2500.0
767,Tim Jones,WR,3000.0,3000.0,3000.0,3000.0
768,Tim Patrick,WR,3000.0,3000.0,3000.0,3000.0
769,Tip Reiman,TE,2500.0,2500.0,2500.0,2500.0
770,Titans,DST,3100.0,2100.0,2400.0,2100.0
771,Tom Kennedy,WR,3000.0,3000.0,3000.0,3000.0
772,Tommy DeVito,QB,4000.0,4000.0,4000.0,4000.0
773,Tommy Tremble,TE,2900.0,2600.0,2500.0,2500.0
774,Tony Pollard,RB,5600.0,5300.0,5400.0,5400.0
775,Tory Horton,WR,3400.0,3200.0,3000.0,3000.0
776,Travis Etienne,RB,5900.0,6000.0,5800.0,5500.0
777,Travis Homer,RB,4000.0,4000.0,4000.0,4000.0
778,Travis Hunter,WR,3400.0,3300.0,3100.0,3000.0
779,Travis Kelce,TE,4000.0,4200.0,4500.0,5000.0
780,Trayvon Rudolph,WR,3000.0,3000.0,3000.0,
781,Tre Harris,WR,3800.0,4000.0,3900.0,4100.0
782,Tre Tucker,WR,4000.0,4500.0,5000.0,5100.0
783,Tre Watson,TE,2500.0,2500.0,2500.0,2500.0
784,TreVeyon Henderson,RB,5200.0,5200.0,5200.0,5200.0
785,Trebor Pena,WR,3000.0,3000.0,3000.0,3000.0
786,Trent Sherfield Sr.,WR,3000.0,3000.0,3000.0,3000.0
787,Trevor Etienne,RB,4500.0,4000.0,4000.0,4000.0
788,Trevor Lawrence,QB,5800.0,5800.0,5700.0,5900.0
789,Trey Benson,RB,4400.0,4000.0,4000.0,4000.0
790,Trey Lance,QB,4000.0,4000.0,4000.0,4000.0
791,Trey McBride,TE,6800.0,6900.0,6700.0,6500.0
792,Trey Palmer,WR,3000.0,3000.0,3000.0,3000.0
793,Trey Sermon,RB,4000.0,4000.0,4000.0,4000.0
794,Treylon Burks,WR,3400.0,3000.0,3000.0,3000.0
795,Treyton Welch,TE,2500.0,2500.0,2500.0,2500.0
796,Troy Franklin,WR,3800.0,3800.0,3500.0,3400.0
797,Tua Tagovailoa,QB,4800.0,4700.0,4700.0,4000.0
798,Tucker Kraft,TE,4500.0,4900.0,4900.0,4400.0
799,Tutu Atwell,WR,3700.0,3400.0,3700.0,3000.0
800,Ty Chandler,RB,4000.0,4000.0,4000.0,4000.0
801,Ty Johnson,RB,4200.0,4200.0,4000.0,4400.0
802,Ty Pezza,TE,2500.0,2500.0,2500.0,2500.0
803,Ty Simpson,QB,4000.0,4000.0,4000.0,4000.0
804,Tyjae Spears,RB,5100.0,4800.0,4900.0,4900.0
805,Tylan Wallace,WR,3000.0,3000.0,3000.0,3000.0
806,Tyler Allgeier,RB,4900.0,4900.0,5000.0,4800.0
807,Tyler Badie,RB,4000.0,4000.0,4200.0,4500.0
808,Tyler Conklin,TE,2500.0,2500.0,2500.0,2500.0
809,Tyler Goodson,RB,4000.0,4000.0,4000.0,4000.0
810,Tyler Higbee,TE,3200.0,2900.0,2900.0,3100.0
811,Tyler Huntley,QB,4300.0,4000.0,4000.0,4000.0
812,Tyler Johnson,WR,,,3000.0,3000.0
813,Tyler Ott,TE,2500.0,2500.0,2500.0,2500.0
814,Tyler Shough,QB,5600.0,5300.0,5400.0,5600.0
815,Tyler Warren,TE,4900.0,5200.0,5300.0,5500.0
816,Tyquan Thornton,WR,3500.0,3400.0,3300.0,3400.0
817,Tyrell Shavers,WR,3000.0,3000.0,3000.0,3000.0
818,Tyren Montgomery,WR,3000.0,3000.0,3000.0,3000.0
819,Tyrod Taylor,QB,4000.0,4000.0,4000.0,4000.0
820,Tyrone Tracy,RB,4800.0,4400.0,4100.0,4100.0
821,Tyson Bagent,QB,4000.0,4000.0,4400.0,4800.0
822,Van Jefferson,WR,,3000.0,3000.0,3000.0
823,Velus Jones Jr.,RB,4000.0,4000.0,4000.0,4000.0
824,Vikings,DST,2800.0,2600.0,3100.0,4000.0
825,Vinny Anthony II,WR,3000.0,3000.0,3000.0,3000.0
826,Wan'Dale Robinson,WR,4800.0,4600.0,4500.0,4600.0
827,Wesley Grimes,WR,3000.0,3000.0,3000.0,3000.0
828,Will Howard,QB,4000.0,4000.0,4000.0,4000.0
829,Will Kacmarek,TE,2500.0,2500.0,2500.0,2500.0
830,Will Levis,QB,,,,4000.0
831,Will Mallory,TE,2500.0,2500.0,2500.0,2500.0
832,Will Pauling,WR,3000.0,3000.0,3000.0,3000.0
833,Will Sheppard,WR,3000.0,3000.0,3000.0,3000.0
834,Will Shipley,RB,4100.0,4200.0,4500.0,4800.0
835,William Wagner,TE,2500.0,2500.0,2500.0,2500.0
836,Woody Marks,RB,5000.0,4500.0,5000.0,4700.0
837,Xavier Gipson,WR,,3000.0,3000.0,3000.0
838,Xavier Guillory,WR,3000.0,3000.0,3000.0,3000.0
839,Xavier Hutchinson,WR,3200.0,3500.0,4000.0,4300.0
840,Xavier Legette,WR,3700.0,3400.0,3500.0,3700.0
841,Xavier Restrepo,WR,3000.0,3000.0,3000.0,3000.0
842,Xavier Smith,WR,3000.0,3000.0,3000.0,3000.0
843,Xavier Worthy,WR,4500.0,4500.0,4400.0,4600.0
844,Zach Charbonnet,RB,5100.0,4000.0,4000.0,4000.0
845,Zach Ertz,TE,,,,3100.0
846,Zach Wilson,QB,4000.0,4000.0,4000.0,4000.0
847,Zach Wood,TE,2500.0,2500.0,2500.0,2500.0
848,Zachariah Branch,WR,3800.0,3500.0,3300.0,3200.0
849,Zaire Mitchell-Paden,TE,2500.0,2500.0,2500.0,2500.0
850,Zamir White,RB,4000.0,4000.0,4000.0,4000.0
851,Zavier Scott,RB,4000.0,4000.0,4000.0,4000.0
852,Zavion Thomas,WR,3600.0,3100.0,3000.0,3000.0
853,Zay Flowers,WR,6400.0,6700.0,6900.0,6900.0
