,Week,Player,Team,Opp,Pos,Sal
0,1,Pharaoh Brown,IND,BAL,TE,2500
1,1,Mitchell Fraboni,DEN,KC,TE,2500
2,1,Tyler Conklin,DET,NO,TE,2500
3,1,Lamar Jackson,BAL,IND,QB,6800
4,1,Carson Wentz,MIN,GB,QB,4000
5,1,Hunter Henry,NE,SEA,TE,3800
6,1,Kaleb Johnson,GB,MIN,RB,4400
7,1,Mark Andrews,BAL,IND,TE,3900
8,1,Josh Jacobs,GB,MIN,RB,6300
9,1,Jared Goff,DET,NO,QB,6000
10,1,Jauan Jennings,MIN,GB,WR,4300
11,1,Kene Nwangwu,NYJ,TEN,RB,4000
12,1,Andrew Beck,NYJ,TEN,RB,4000
13,1,Christian Watson,GB,MIN,WR,5900
14,1,De'Zhaun Stribling,SF,LAR,WR,5100
15,1,Justice Hill,BAL,IND,RB,4200
16,1,Dalton Schultz,HOU,BUF,TE,3400
17,1,Jelani Woods,NYJ,TEN,TE,2500
18,1,George Holani,SEA,NE,RB,4600
19,1,Hendon Hooker,TEN,NYJ,QB,4000
20,1,Kalif Raymond,CHI,CAR,WR,3300
21,1,Devin Duvernay,ARI,LAC,WR,3000
22,1,Easton Stick,TB,CIN,QB,4000
23,1,Jackson Hawes,BUF,HOU,TE,2500
24,1,Tre Watson,MIA,LV,TE,2500
25,1,Jaleel McLaughlin,CLE,JAX,RB,4000
26,1,Brock Bowers,LV,MIA,TE,6900
27,1,Nick Mullens,JAX,CLE,QB,4000
28,1,Irvin Charles,SEA,NE,WR,3000
29,1,K.J. Osborn,TEN,NYJ,WR,3000
30,1,Cooper Kupp,SEA,NE,WR,4100
31,1,Aaron Jones,MIN,GB,RB,5300
32,1,Geno Smith,NYJ,TEN,QB,4600
33,1,Samaje Perine,CIN,TB,RB,4600
34,1,Braxton Berrios,NYG,DAL,WR,3000
35,1,Wesley Grimes,SF,LAR,WR,3000
36,1,Ben Skowronek,PIT,ATL,WR,3000
37,1,Ray-Ray McCloud,CHI,CAR,WR,3000
38,1,Dalen Cambre,NYG,DAL,WR,3000
39,1,Michael Carter,TEN,NYJ,RB,4000
40,1,Trey Palmer,NO,DET,WR,3000
41,1,Deebo Samuel,SF,LAR,WR,5000
42,1,Quinshon Judkins,CLE,JAX,RB,5500
43,1,David Montgomery,HOU,BUF,RB,6000
44,1,Tyren Montgomery,TEN,NYJ,WR,3000
45,1,Tony Pollard,TEN,NYJ,RB,5600
46,1,Saquon Barkley,PHI,WAS,RB,6900
47,1,Drew Lock,SEA,NE,QB,4000
48,1,Najee Harris,NYG,DAL,RB,4300
49,1,Christian Kirk,SF,LAR,WR,3000
50,1,Nick Westbrook,IND,BAL,WR,3700
51,1,Kenny Pickett,CAR,CHI,QB,4000
52,1,Nikko Remigio,KC,DEN,WR,3000
53,1,Jarrett Stidham,DEN,KC,QB,4300
54,1,Mo Alie-Cox,IND,BAL,TE,2500
55,1,A.J. Brown,NE,SEA,WR,7100
56,1,Dean Patterson IV,TB,CIN,WR,3000
57,1,Lil'Jordan Humphrey,DEN,KC,WR,3200
58,1,TJ Hockenson,MIN,GB,TE,3300
59,1,Tyler Warren,IND,BAL,TE,4900
60,1,Dallas Goedert,PHI,WAS,TE,4100
61,1,Adonai Mitchell,NYJ,TEN,WR,4000
62,1,Alec Ingold,LAC,ARI,RB,4000
63,1,Stephen Carlson,CHI,CAR,TE,2500
64,1,Matthew Stafford,LAR,SF,QB,6200
65,1,Alex Bachman,LAR,SF,WR,3000
66,1,Ronnie Rivers,LAR,SF,RB,4000
67,1,Davante Adams,LAR,SF,WR,6200
68,1,Kirk Cousins,LV,MIA,QB,5000
69,1,William Wagner,CIN,TB,TE,2500
70,1,Trey McBride,ARI,LAC,TE,6800
71,1,DeeJay Dallas,MIN,GB,RB,4000
72,1,Kedon Slovis,GB,MIN,QB,4000
73,1,Isaiah Davis,NYJ,TEN,RB,4200
74,1,Tyrod Taylor,GB,MIN,QB,4000
75,1,Skylar Thompson,BAL,IND,QB,4000
76,1,Jarquez Hunter,MIA,LV,RB,4000
77,1,Sam Darnold,SEA,NE,QB,5400
78,1,Brian Robinson,ATL,PIT,RB,4700
79,1,KaVontae Turpin,DAL,NYG,WR,3300
80,1,Jalen Moreno-Cropper,NO,DET,WR,3000
81,1,Malachi Corley,CLE,JAX,WR,3000
82,1,Josh Johnson,CIN,TB,QB,4000
83,1,Mike Evans,SF,LAR,WR,6100
84,1,Zach Wilson,NO,DET,QB,4000
85,1,Parker Washington,JAX,CLE,WR,5600
86,1,Shane Buechele,BUF,HOU,QB,4000
87,1,Olamide Zaccheaus,ATL,PIT,WR,3500
88,1,Bailey Zappe,NYJ,TEN,QB,4000
89,1,Mac Jones,SF,LAR,QB,4000
90,1,Jonnu Smith,GB,MIN,TE,3000
91,1,Christian McCaffrey,SF,LAR,RB,7500
92,1,Eric Saubert,SEA,NE,TE,2500
93,1,Reggie Virgil,ARI,LAC,WR,3000
94,1,Jalen Royals,KC,DEN,WR,3200
95,1,Cooper Rush,ATL,PIT,QB,4000
96,1,Antonio Williams,WAS,PHI,WR,4200
97,1,Jerry Jeudy,CLE,JAX,WR,4100
98,1,Tanner Arkin,NE,SEA,TE,2500
99,1,Cam Ward,TEN,NYJ,QB,5100
100,1,Jeshaun Jones,MIN,GB,WR,3000
101,1,Greg Dulcich,MIA,LV,TE,3500
102,1,Mack Hollins,NE,SEA,WR,3600
103,1,Roman Hemby,LV,MIA,RB,4100
104,1,Ty Pezza,BAL,IND,TE,2500
105,1,Aaron Rodgers,PIT,ATL,QB,5300
106,1,Darius Slayton,NYG,DAL,WR,4200
107,1,Tua Tagovailoa,ATL,PIT,QB,4800
108,1,Ameer Abdullah,JAX,CLE,RB,4000
109,1,Sam Ehlinger,DEN,KC,QB,4000
110,1,Xavier Restrepo,TEN,NYJ,WR,3000
111,1,James Winchester,KC,DEN,TE,2500
112,1,C.J. Stroud,HOU,BUF,QB,5200
113,1,British Brooks,HOU,BUF,RB,4000
114,1,Matt Hibner,BAL,IND,TE,2500
115,1,Kole Wilson,CLE,JAX,WR,3000
116,1,Jeff Caldwell,KC,DEN,WR,3000
117,1,Max Hurleman,PIT,ATL,WR,3000
118,1,Kentrel Bullock,CIN,TB,RB,4000
119,1,Andy Dalton,PHI,WAS,QB,4000
120,1,Alvin Kamara,NO,DET,RB,4900
121,1,Josh Oliver,MIN,GB,TE,2800
122,1,Johnny Mundt,PHI,WAS,TE,2500
123,1,Trey Benson,ARI,LAC,RB,4400
124,1,Blake Corum,LAR,SF,RB,5200
125,1,Jack Velling,ATL,PIT,TE,2500
126,1,Rasheen Ali,BAL,IND,RB,4200
127,1,Brennan Presley,LAR,SF,WR,3000
128,1,Malik Benson,LV,MIA,WR,3100
129,1,Audric Estime,NO,DET,RB,4000
130,1,Omari Evans,KC,DEN,WR,3000
131,1,Tyrell Shavers,BUF,HOU,WR,3000
132,1,Jordan Addison,MIN,GB,WR,5800
133,1,Drake Dabney,GB,MIN,TE,2500
134,1,Ben Sims,MIA,LV,TE,2500
135,1,Noah Thomas,CIN,TB,WR,3000
136,1,Chig Okonkwo,WAS,PHI,TE,4000
137,1,Christopher Brooks,GB,MIN,RB,4500
138,1,Kalel Mullings,TEN,NYJ,RB,4000
139,1,Colson Yankoff,WAS,PHI,TE,2500
140,1,Jameis Winston,NYG,DAL,QB,4000
141,1,Rachaad White,WAS,PHI,RB,5200
142,1,Brandon Aiyuk,SF,LAR,WR,3000
143,1,Cash Jones,ATL,PIT,RB,4000
144,1,Emmett Johnson,KC,DEN,RB,4500
145,1,Javonte Williams,DAL,NYG,RB,6300
146,1,Tyson Bagent,CHI,CAR,QB,4000
147,1,Tanner Hudson,CIN,TB,TE,2500
148,1,Braelon Allen,NYJ,TEN,RB,4700
149,1,Dan Villari,LAR,SF,TE,2500
150,1,Anthony Richardson Sr.,IND,BAL,QB,4900
151,1,Jaxon Smith-Njigba,SEA,NE,WR,7600
152,1,Bijan Robinson,ATL,PIT,RB,7700
153,1,Josh Downs,IND,BAL,WR,5200
154,1,Quintin Morris,JAX,CLE,TE,2500
155,1,Dylan Laube,LV,MIA,RB,4000
156,1,Kevin Coleman Jr.,MIA,LV,WR,3000
157,1,Jaden Bradley,WAS,PHI,WR,3000
158,1,Jalon Daniels,TB,CIN,QB,4000
159,1,Cade Otton,TB,CIN,TE,3700
160,1,Juwan Johnson,NO,DET,TE,3700
161,1,Tory Horton,SEA,NE,WR,3400
162,1,Tutu Atwell,LAR,SF,WR,3700
163,1,Adam Randall,BAL,IND,RB,4000
164,1,Jimmy Horn,CAR,CHI,WR,3000
165,1,Jahmyr Gibbs,DET,NO,RB,8000
166,1,Blake Whiteheart,CLE,JAX,TE,2500
167,1,Arian Smith,NYJ,TEN,WR,3000
168,1,Danny Gray,PHI,WAS,WR,3000
169,1,Ted Hurst III,TB,CIN,WR,3300
170,1,Brevyn Spann-Ford,DAL,NYG,TE,2900
171,1,Efton Chism III,NE,SEA,WR,3000
172,1,Stephen Gosnell,BUF,HOU,WR,3000
173,1,Luke Musgrave,GB,MIN,TE,3000
174,1,Lew Nichols,PIT,ATL,RB,4000
175,1,Corey Kiner,NE,SEA,RB,4000
176,1,Malachi Fields,NYG,DAL,WR,4300
177,1,Mitchell Evans,CAR,CHI,TE,2600
178,1,Jake Bobo,SEA,NE,WR,3000
179,1,Britain Covey,PHI,WAS,WR,3000
180,1,Nick Muse,ATL,PIT,TE,2500
181,1,Myles Montgomery,NE,SEA,RB,4000
182,1,Carson Beck,ARI,LAC,QB,4100
183,1,Kayshon Boutte,HOU,BUF,WR,4500
184,1,Elijah Moore,PHI,WAS,WR,3000
185,1,Nick Singleton,TEN,NYJ,RB,4800
186,1,Max Bredeson,MIN,GB,RB,4000
187,1,Nate Carter,KC,DEN,RB,4000
188,1,Jordan Mason,MIN,GB,RB,5400
189,1,Tank Dell,HOU,BUF,WR,3700
190,1,Jalen Coker,CAR,CHI,WR,4600
191,1,Josh Cameron,JAX,CLE,WR,3000
192,1,Ladd McConkey,LAC,ARI,WR,5900
193,1,Tank Bigsby,PHI,WAS,RB,4900
194,1,Kyle Williams,NE,SEA,WR,3100
195,1,Dominic Lovett,DET,NO,WR,3000
196,1,Jaylin Noel,HOU,BUF,WR,3600
197,1,Josh Whyle,GB,MIN,TE,2500
198,1,Tip Reiman,ARI,LAC,TE,2500
199,1,Jaxson Dart,NYG,DAL,QB,5600
200,1,Cade Stover,HOU,BUF,TE,2500
201,1,Lake McRee,PIT,ATL,TE,2500
202,1,Bhayshul Tuten,JAX,CLE,RB,5800
203,1,Kyren Williams,LAR,SF,RB,6200
204,1,Dane Key,DEN,KC,WR,3000
205,1,Brandon Smith,PIT,ATL,WR,3000
206,1,Jordan Hudson,DAL,NYG,WR,3000
207,1,Jake Haener,NYG,DAL,QB,4000
208,1,Pat Freiermuth,PIT,ATL,TE,3400
209,1,Kaelon Black,SF,LAR,RB,4500
210,1,Tahj Brooks,CIN,TB,RB,4100
211,1,Trebor Pena,JAX,CLE,WR,3000
212,1,Max Klare,LAR,SF,TE,2700
213,1,Skyler Bell,BUF,HOU,WR,3100
214,1,Baker Mayfield,TB,CIN,QB,5900
215,1,Dylan Drummond,ATL,PIT,WR,3000
216,1,Michael Penix Jr.,ATL,PIT,QB,4800
217,1,Jack Strand,ATL,PIT,QB,4000
218,1,CJ Williams,JAX,CLE,WR,3000
219,1,Alec Pierce,IND,BAL,WR,5700
220,1,Moliki Matavao,NO,DET,TE,2500
221,1,Chris Olave,NO,DET,WR,6700
222,1,Zay Flowers,BAL,IND,WR,6400
223,1,Michael Mayer,LV,MIA,TE,2900
224,1,Tyjae Spears,TEN,NYJ,RB,5100
225,1,Zaire Mitchell-Paden,HOU,BUF,TE,2500
226,1,Saints,NO,DET,DST,2200
227,1,Ihmir Smith-Marsette,ARI,LAC,WR,3000
228,1,Dominic Richardson,NYJ,TEN,RB,4000
229,1,Seahawks,SEA,NE,DST,3300
230,1,Zavion Thomas,CHI,CAR,WR,3600
231,1,Brenen Thompson,LAC,ARI,WR,3300
232,1,Will Howard,PIT,ATL,QB,4000
233,1,Travis Hunter,JAX,CLE,WR,3400
234,1,Isaiah Likely,NYG,DAL,TE,4300
235,1,Cade Klubnik,NYJ,TEN,QB,4000
236,1,Brady Cook,MIA,LV,QB,4000
237,1,Sam Hartman,WAS,PHI,QB,4000
238,1,Chimere Dike,TEN,NYJ,WR,3400
239,1,Ahmani Marshall,CAR,CHI,RB,4000
240,1,Kyle Dixon,NE,SEA,WR,3000
241,1,Payne Durham,TB,CIN,TE,2500
242,1,Jayden Higgins,HOU,BUF,WR,4500
243,1,Tay Martin,DET,NO,WR,3000
244,1,Jameson Williams,DET,NO,WR,6000
245,1,Cole Turner,MIA,LV,TE,2500
246,1,Omarion Hampton,LAC,ARI,RB,6800
247,1,Andrew Armstrong,KC,DEN,WR,3000
248,1,Cody White,LV,MIA,WR,3000
249,1,Brian Thomas,JAX,CLE,WR,5500
250,1,Dallen Bentley,DEN,KC,TE,2500
251,1,Princeton Fant,DAL,NYG,TE,2500
252,1,Giants,NYG,DAL,DST,2400
253,1,Buccaneers,TB,CIN,DST,2600
254,1,Makai Lemon,PHI,WAS,WR,5100
255,1,Isaac TeSlaa,DET,NO,WR,3900
256,1,Seth McGowan,IND,BAL,RB,4300
257,1,Jimmy Holiday,KC,DEN,WR,3000
258,1,Anderson Castle,IND,BAL,RB,4000
259,1,Joe Fagnano,BAL,IND,QB,4000
260,1,Sam Roush,CHI,CAR,TE,2800
261,1,Johnny Wilson,PHI,WAS,WR,3000
262,1,Matthew Golden,GB,MIN,WR,4700
263,1,David Martin-Robinson,TEN,NYJ,TE,2500
264,1,Sean Tucker,TB,CIN,RB,4700
265,1,Nate Boerkircher,JAX,CLE,TE,2600
266,1,DJ Herman,MIA,LV,RB,4000
267,1,Bauer Sharp,TB,CIN,TE,2500
268,1,Davon Booth,IND,BAL,RB,4000
269,1,Xavier Guillory,BAL,IND,WR,3000
270,1,Mitch Van Vooren,DAL,NYG,TE,2500
271,1,Thomas Yassmin,GB,MIN,TE,2500
272,1,Jake Ferguson,DAL,NYG,TE,3900
273,1,Bryce Lance,NO,DET,WR,3100
274,1,Austin Trammell,JAX,CLE,WR,3000
275,1,Jared Wiley,KC,DEN,TE,2500
276,1,Colbie Young,CIN,TB,WR,3100
277,1,Justin Fields,KC,DEN,QB,4500
278,1,Charlie Jones,NYG,DAL,WR,3000
279,1,Patrick Mahomes,KC,DEN,QB,5500
280,1,Dont'e Thornton,LV,MIA,WR,3300
281,1,Eli Stowers,PHI,WAS,TE,3100
282,1,Konata Mumpfield,LAR,SF,WR,3200
283,1,Carson Steele,PHI,WAS,RB,4000
284,1,Raiders,LV,MIA,DST,2900
285,1,Jets,NYJ,TEN,DST,2500
286,1,Zachariah Branch,ATL,PIT,WR,3800
287,1,Savion Williams,GB,MIN,WR,3200
288,1,Commanders,WAS,PHI,DST,2300
289,1,Joel Wilson,TEN,NYJ,TE,2500
290,1,Will Pauling,SF,LAR,WR,3000
291,1,Rocco Underwood,PHI,WAS,TE,2500
292,1,Simi Fehoko,ARI,LAC,WR,3000
293,1,Keon Coleman,BUF,HOU,WR,4000
294,1,Ben Mann,NYG,DAL,TE,2500
295,1,Ben Sinnott,WAS,PHI,TE,2800
296,1,Carter Runyon,LV,MIA,TE,2500
297,1,Salvon Ahmed,CHI,CAR,RB,4000
298,1,Bryce Oliver,CLE,JAX,WR,3000
299,1,Dak Prescott,DAL,NYG,QB,6400
300,1,Ja'Mori Maclin,BUF,HOU,WR,3000
301,1,Jacardia Wright,SEA,NE,RB,4000
302,1,AJ Barner,SEA,NE,TE,3600
303,1,Dameon Pierce,PHI,WAS,RB,4000
304,1,Joe Royer,CLE,JAX,TE,2500
305,1,Thomas Odukoya,KC,DEN,TE,2500
306,1,CJ Donaldson,NO,DET,RB,4000
307,1,Joey Aguilar,JAX,CLE,QB,4000
308,1,Darnell Washington,PIT,ATL,TE,3000
309,1,Roman Wilson,PIT,ATL,WR,3100
310,1,Jalen Hurts,PHI,WAS,QB,6600
311,1,Jordan Whittington,LAR,SF,WR,3500
312,1,Jalin Hyatt,NYG,DAL,WR,3000
313,1,Gunner Olszewski,NYG,DAL,WR,3000
314,1,Dohnte Meyers,CIN,TB,WR,3000
315,1,LeQuint Allen,JAX,CLE,RB,4300
316,1,Troy Franklin,DEN,KC,WR,3800
317,1,Nikola Kalinic,CHI,CAR,TE,2500
318,1,Cowboys,DAL,NYG,DST,2800
319,1,John Michael Gyllenborg,KC,DEN,TE,2500
320,1,Ty Chandler,NO,DET,RB,4000
321,1,Mark Redman,GB,MIN,TE,2500
322,1,LaJohntay Wester,BAL,IND,WR,3000
323,1,Sean Clifford,CIN,TB,QB,4000
324,1,Evan Svoboda,LAC,ARI,TE,2500
325,1,Sam Howell,DAL,NYG,QB,4000
326,1,Panthers,CAR,CHI,DST,2500
327,1,Messiah Swinson,CLE,JAX,TE,2500
328,1,Jayden Reed,GB,MIN,WR,4900
329,1,Isiah Pacheco,DET,NO,RB,5000
330,1,Chris Collier,LV,MIA,RB,4000
331,1,Kendall Milton,CIN,TB,RB,4000
332,1,Jonathon Brooks,CAR,CHI,RB,5000
333,1,Drew Allar,PIT,ATL,QB,4000
334,1,Bryce Young,CAR,CHI,QB,5200
335,1,Ryan Miller,MIA,LV,WR,3000
336,1,Pat Bryant,DEN,KC,WR,4200
337,1,Jonathan Mingo,DAL,NYG,WR,3100
338,1,DeMario Douglas,NE,SEA,WR,3300
339,1,Kolbe Katsis,DEN,KC,WR,3000
340,1,Ja'Marr Chase,CIN,TB,WR,7800
341,1,Jake Tonges,SF,LAR,TE,3300
342,1,Jordan Waters,LAR,SF,RB,4000
343,1,Hassan Haskins,NE,SEA,RB,4000
344,1,Marlin Klein,HOU,BUF,TE,2700
345,1,Evan Engram,DEN,KC,TE,3400
346,1,Rashod Bateman,BAL,IND,WR,3900
347,1,Stetson Bennett IV,LAR,SF,QB,4000
348,1,Julian Hill,NE,SEA,TE,2500
349,1,Andrei Iosivas,CIN,TB,WR,3300
350,1,Kaden Davis,CHI,CAR,WR,3000
351,1,Taylen Green,CLE,JAX,QB,4000
352,1,Jeremy Ruckert,NYJ,TEN,TE,2500
353,1,Tyler Allgeier,ARI,LAC,RB,4900
354,1,Case Keenum,CHI,CAR,QB,4000
355,1,Broncos,DEN,KC,DST,2900
356,1,Carter Bradley,JAX,CLE,QB,4000
357,1,Cedric Tillman,NO,DET,WR,3400
358,1,Michael Wortham,JAX,CLE,WR,3000
359,1,Rams,LAR,SF,DST,3000
360,1,Jalen Brooks,ARI,LAC,WR,3000
361,1,Eagles,PHI,WAS,DST,3200
362,1,Jaguars,JAX,CLE,DST,3400
363,1,Daniel Bellinger,TEN,NYJ,TE,2700
364,1,Jahdae Walker,CHI,CAR,WR,3100
365,1,Tre Harris,LAC,ARI,WR,3800
366,1,Derius Davis,LAC,ARI,WR,3000
367,1,Ke'Shawn Williams,CIN,TB,WR,3000
368,1,Jack Endries,CIN,TB,TE,2500
369,1,Eric Rivers Jr.,TB,CIN,WR,3000
370,1,Will Kacmarek,MIA,LV,TE,2500
371,1,Chip Trayanum,NYJ,TEN,RB,4000
372,1,Fernando Mendoza,LV,MIA,QB,5000
373,1,Haynes King,CAR,CHI,QB,4000
374,1,Kaytron Allen,WAS,PHI,RB,4600
375,1,Ja'Kobi Lane,BAL,IND,WR,3100
376,1,Amon-Ra St. Brown,DET,NO,WR,7500
377,1,Dyami Brown,WAS,PHI,WR,3200
378,1,Ricky White III,SEA,NE,WR,3000
379,1,Jadarian Price,SEA,NE,RB,5600
380,1,Ian Thomas,LV,MIA,TE,2500
381,1,Jordyn Tyson,NO,DET,WR,5100
382,1,Noah Gray,KC,DEN,TE,3000
383,1,Mike Gesicki,CIN,TB,TE,3100
384,1,Jordan Moore,CIN,TB,WR,3000
385,1,Casey Washington,CAR,CHI,WR,3000
386,1,Brevin Jordan,HOU,BUF,TE,2500
387,1,Drake London,ATL,PIT,WR,6500
388,1,Brock Purdy,SF,LAR,QB,5700
389,1,Josh Cuevas,BAL,IND,TE,2500
390,1,Luke Schoonmaker,DAL,NYG,TE,2500
391,1,Tyler Huntley,BAL,IND,QB,4300
392,1,Patrick Herbert,LAC,ARI,TE,2500
393,1,Caleb Lohner,DEN,KC,TE,2500
394,1,Tom Kennedy,DET,NO,WR,3000
395,1,James Cook,BUF,HOU,RB,7200
396,1,Tanner McKee,PHI,WAS,QB,4000
397,1,Jack Bech,LV,MIA,WR,3600
398,1,Craig Reynolds,WAS,PHI,RB,4000
399,1,Ashton Dulin,IND,BAL,WR,3200
400,1,Reggie Gilliam,NE,SEA,RB,4000
401,1,Riley Nowakowski,PIT,ATL,RB,4000
402,1,Cardinals,ARI,LAC,DST,2000
403,1,Chase Roberts,LV,MIA,WR,3000
404,1,Ravens,BAL,IND,DST,3000
405,1,Corey Rucker,LV,MIA,WR,3000
406,1,Garrett Greene,TB,CIN,WR,3000
407,1,Kyle Pitts,ATL,PIT,TE,4700
408,1,Darren Waller,CAR,CHI,TE,3200
409,1,Brayden Willis,SF,LAR,TE,2500
410,1,Theo Johnson,NYG,DAL,TE,2800
411,1,Oronde Gadsden,LAC,ARI,TE,3500
412,1,Trayvon Rudolph,MIN,GB,WR,3000
413,1,River Cracraft,WAS,PHI,WR,3000
414,1,Jaylin Lane,WAS,PHI,WR,3100
415,1,Rico Dowdle,PIT,ATL,RB,5200
416,1,Mitch Tinsley,HOU,BUF,WR,3000
417,1,Antwane Wells Jr.,ATL,PIT,WR,3000
418,1,Cyrus Allen,KC,DEN,WR,4000
419,1,CeeDee Lamb,DAL,NYG,WR,7400
420,1,Rhamondre Stevenson,NE,SEA,RB,5700
421,1,Kylen Granson,TEN,NYJ,TE,2500
422,1,Israel Abanikanda,DAL,NYG,RB,4000
423,1,Kameron Johnson,TB,CIN,WR,3000
424,1,Charlie Woerner,ATL,PIT,TE,2500
425,1,Montorie Foster Jr.,SEA,NE,WR,3000
426,1,George Pickens,DAL,NYG,WR,6400
427,1,DJ Giddens,IND,BAL,RB,4300
428,1,Lewis Bond,HOU,BUF,WR,3000
429,1,Sione Vaki,DET,NO,RB,4000
430,1,Isaiah Williams,NYJ,TEN,WR,3000
431,1,Jaylen Warren,PIT,ATL,RB,5400
432,1,Scott Matlock,LAC,ARI,RB,4000
433,1,Roschon Johnson,CHI,CAR,RB,4000
434,1,Dillon Gabriel,CLE,JAX,QB,4000
435,1,Woody Marks,HOU,BUF,RB,5000
436,1,Emmanuel Henderson Jr.,SEA,NE,WR,3000
437,1,Joshua Palmer,BUF,HOU,WR,3500
438,1,Chris Bell,MIA,LV,WR,3200
439,1,Romeo Doubs,NE,SEA,WR,4600
440,1,Tai Felton,MIN,GB,WR,3000
441,1,Colston Loveland,CHI,CAR,TE,5300
442,1,Luther Burden,CHI,CAR,WR,5500
443,1,Sincere McCormick,SF,LAR,RB,4000
444,1,Behren Morton,NE,SEA,QB,4000
445,1,Lucas Krull,DEN,KC,TE,2500
446,1,Terrance Ferguson,LAR,SF,TE,3000
447,1,Carson Towt,IND,BAL,TE,2500
448,1,Falcons,ATL,PIT,DST,2600
449,1,Lions,DET,NO,DST,3200
450,1,KC Concepcion,CLE,JAX,WR,4600
451,1,Dolphins,MIA,LV,DST,2700
452,1,Jaydon Blue,PHI,WAS,RB,4000
453,1,Quentin Johnston,LAC,ARI,WR,4700
454,1,Steelers,PIT,ATL,DST,3300
455,1,Xavier Smith,LAR,SF,WR,3000
456,1,Ashton Jeanty,LV,MIA,RB,6600
457,1,Shawn Bowman,ARI,LAC,TE,2500
458,1,Chase Brown,CIN,TB,RB,7100
459,1,Cole Payton,PHI,WAS,QB,4000
460,1,MarShawn Lloyd,GB,MIN,RB,4800
461,1,Marvin Mims,DEN,KC,WR,3200
462,1,Cole Burgess,PIT,ATL,WR,3000
463,1,Isaac Guerendo,SF,LAR,RB,4000
464,1,Jermar Jefferson,MIN,GB,RB,4000
465,1,Lan Larison,NE,SEA,RB,4000
466,1,Teagan Quitoriano,ARI,LAC,TE,2500
467,1,Chris Brazzell II,CAR,CHI,WR,3000
468,1,Brashard Smith,KC,DEN,RB,4000
469,1,Noah Whittington,HOU,BUF,RB,4000
470,1,EJ Smith,KC,DEN,RB,4000
471,1,Zach Charbonnet,SEA,NE,RB,5100
472,1,Mason Taylor,NYJ,TEN,TE,2800
473,1,Jeremy McNichols,WAS,PHI,RB,4300
474,1,Devin Neal,NO,DET,RB,4400
475,1,Quentin Moore,WAS,PHI,TE,2500
476,1,Will Mallory,IND,BAL,TE,2500
477,1,Kendrick Law,DET,NO,WR,3000
478,1,Dalevon Campbell,LAC,ARI,WR,3000
479,1,Tyquan Thornton,KC,DEN,WR,3500
480,1,Joshua Simon,WAS,PHI,TE,2500
481,1,Justin Jefferson,MIN,GB,WR,7300
482,1,CJ Dippre,TB,CIN,TE,2500
483,1,JJ McCarthy,MIN,GB,QB,4500
484,1,Connor Heyward,LV,MIA,RB,4000
485,1,Zamir White,NO,DET,RB,4000
486,1,Garrett Nussmeier,KC,DEN,QB,4000
487,1,Dalton Kincaid,BUF,HOU,TE,4600
488,1,Gavin Bartholomew,MIN,GB,TE,2500
489,1,Chris Hilton Jr.,GB,MIN,WR,3000
490,1,James Conner,ARI,LAC,RB,4200
491,1,Ollie Gordon,MIA,LV,RB,4500
492,1,Al-Jay Henderson,NYJ,TEN,RB,4000
493,1,Malik Nabers,NYG,DAL,WR,6800
494,1,Ja'seem Reed,CAR,CHI,WR,3000
495,1,Bills,BUF,HOU,DST,3100
496,1,Chris Rodriguez,JAX,CLE,RB,5100
497,1,Packers,GB,MIN,DST,3000
498,1,Chargers,LAC,ARI,DST,3500
499,1,Josh Williams,TB,CIN,RB,4000
500,1,Frank Gore Jr.,BUF,HOU,RB,4000
501,1,Camden Brown,DAL,NYG,WR,3000
502,1,E.J. Jenkins,PHI,WAS,TE,2500
503,1,Hayden Rucci,JAX,CLE,TE,2500
504,1,Kenyon Sadiq,NYJ,TEN,TE,3800
505,1,KeAndre Lambert-Smith,LAC,ARI,WR,3000
506,1,DeVonta Smith,PHI,WAS,WR,6600
507,1,Daniel Sobkowicz,HOU,BUF,WR,3000
508,1,Jordan James,SF,LAR,RB,4200
509,1,Brock Wright,DET,NO,TE,2900
510,1,Chris Moore,BAL,IND,WR,3000
511,1,Elijah Arroyo,SEA,NE,TE,2600
512,1,Skyy Moore,GB,MIN,WR,3000
513,1,Xavier Worthy,KC,DEN,WR,4500
514,1,Emanuel Wilson,SEA,NE,RB,4100
515,1,Will Sheppard,MIA,LV,WR,3000
516,1,Thomas Gordon,DET,NO,TE,2500
517,1,D.J. Montgomery,IND,BAL,WR,3000
518,1,Dylan Sampson,CLE,JAX,RB,4700
519,1,Jack Westover,WAS,PHI,TE,2500
520,1,Thomas Fidone II,NYG,DAL,TE,2500
521,1,Caleb Williams,CHI,CAR,QB,6300
522,1,Ben VanSumeren,KC,DEN,RB,4000
523,1,Luke Altmyer,DET,NO,QB,4000
524,1,Deion Burks,IND,BAL,WR,3500
525,1,Jacoby Brissett,ARI,LAC,QB,5100
526,1,Devin Singletary,NYG,DAL,RB,4000
527,1,Tim Patrick,NYJ,TEN,WR,3000
528,1,Evan Deckers,TB,CIN,TE,2500
529,1,DJ Moore,BUF,HOU,WR,5600
530,1,Travis Kelce,KC,DEN,TE,4000
531,1,Texans,HOU,BUF,DST,2900
532,1,Velus Jones Jr.,SEA,NE,RB,4000
533,1,Titans,TEN,NYJ,DST,3100
534,1,Kyle Juszczyk,SF,LAR,RB,4000
535,1,Kimani Vidal,LAC,ARI,RB,4800
536,1,Robert Henry Jr.,WAS,PHI,RB,4000
537,1,Vikings,MIN,GB,DST,2800
538,1,Kendre Miller,NO,DET,RB,4000
539,1,Xavier Hutchinson,HOU,BUF,WR,3200
540,1,Tyler Badie,DEN,KC,RB,4000
541,1,Grant Finley,NYG,DAL,RB,4000
542,1,CJ Daniels,LAR,SF,WR,3000
543,1,Dontae Fleming,MIN,GB,WR,3000
544,1,Kyle Allen,BUF,HOU,QB,4000
545,1,Anthony Gould,IND,BAL,WR,3000
546,1,Brandon Johnson,PIT,ATL,WR,3000
547,1,Myles Price,MIN,GB,WR,3000
548,1,Jonah Coleman,DEN,KC,RB,4300
549,1,Kaden Wetjen,PIT,ATL,WR,3000
550,1,Elijah Sarratt,BAL,IND,WR,3400
551,1,Ja'Tavion Sanders,CAR,CHI,TE,2700
552,1,Shedeur Sanders,CLE,JAX,QB,4700
553,1,Coleman Owen,IND,BAL,WR,3000
554,1,Eli Raridon,NE,SEA,TE,2800
555,1,Raheim Sanders,CLE,JAX,RB,4000
556,1,Tyrone Tracy,NYG,DAL,RB,4800
557,1,Malik Washington,MIA,LV,WR,4200
558,1,Tyler Higbee,LAR,SF,TE,3200
559,1,DJ Rogers,DAL,NYG,TE,2500
560,1,Evan Hull,ARI,LAC,RB,4000
561,1,Ronnie Bell,LV,MIA,WR,3000
562,1,Qadir Ismail,CHI,CAR,TE,2500
563,1,Jeremiyah Love,ARI,LAC,RB,6400
564,1,James Mitchell,DAL,NYG,TE,2500
565,1,Isaiah Bond,CLE,JAX,WR,3300
566,1,Jawhar Jordan,HOU,BUF,RB,4500
567,1,Mitch Trubisky,TEN,NYJ,QB,4000
568,1,Brycen Tremayne,CAR,CHI,WR,3000
569,1,Jaydn Ott,KC,DEN,RB,4000
570,1,Hayden Large,CHI,CAR,TE,2500
571,1,Julius Chestnut,TEN,NYJ,RB,4000
572,1,Dawson Knox,BUF,HOU,TE,3100
573,1,Bears,CHI,CAR,DST,2800
574,1,Keaton Mitchell,LAC,ARI,RB,4800
575,1,Hunter Long,ARI,LAC,TE,2500
576,1,Tommy DeVito,NE,SEA,QB,4000
577,1,Patriots,NE,SEA,DST,2600
578,1,Joe Milton III,DAL,NYG,QB,4000
579,1,Max Brosmer,MIN,GB,QB,4000
580,1,49ers,SF,LAR,DST,2300
581,1,Michael Bandy,DEN,KC,WR,3000
582,1,Jacory Croskey-Merritt,WAS,PHI,RB,5300
583,1,Brenton Strange,JAX,CLE,TE,3600
584,1,Mason Rudolph,PIT,ATL,QB,4000
585,1,Jamaal Pritchett,NYJ,TEN,WR,3000
586,1,Graham Mertz,HOU,BUF,QB,4000
587,1,Spencer Rattler,NO,DET,QB,4000
588,1,Brittain Brown,CHI,CAR,RB,4000
589,1,Luke Farrell,SF,LAR,TE,2500
590,1,Harold Fannin,CLE,JAX,TE,4200
591,1,Jameson Geers,ARI,LAC,TE,2500
592,1,Travis Homer,PIT,ATL,RB,4000
593,1,Harrison Wallace III,ARI,LAC,WR,3000
594,1,Eli Heidenreich,PIT,ATL,RB,4000
595,1,Treylon Burks,WAS,PHI,WR,3400
596,1,Erick All Jr.,CIN,TB,TE,2500
597,1,Cole Kmet,CHI,CAR,TE,3300
598,1,Josh Allen,BUF,HOU,QB,7000
599,1,Justin Joly,MIA,LV,TE,2500
600,1,De'Von Achane,MIA,LV,RB,7000
601,1,Stone Smartt,NO,DET,TE,2500
602,1,Jalen Tolbert,MIA,LV,WR,3500
603,1,Shane Zylstra,NE,SEA,TE,2500
604,1,Demarcus Robinson,SF,LAR,WR,3800
605,1,Justin Shorter,LV,MIA,WR,3000
606,1,Anthony Tyus III,CAR,CHI,RB,4000
607,1,Jacob Saylors,DET,NO,RB,4000
608,1,Amar Johnson,LAC,ARI,RB,4000
609,1,Sincere Brown,LAC,ARI,WR,3000
610,1,Chris Blair,ATL,PIT,WR,3000
611,1,Charlie Kolar,LAC,ARI,TE,2500
612,1,Anthony Smith,DAL,NYG,WR,3000
613,1,Mike Washington Jr.,LV,MIA,RB,4600
614,1,Daniel Jones,IND,BAL,QB,5400
615,1,Quinn Ewers,JAX,CLE,QB,4000
616,1,Bengals,CIN,TB,DST,2700
617,1,Jalen McMillan,TB,CIN,WR,4400
618,1,Colts,IND,BAL,DST,2400
619,1,Marquise Brown,PHI,WAS,WR,3800
620,1,Tez Johnson,TB,CIN,WR,3100
621,1,Darius Cooper,PHI,WAS,WR,3000
622,1,Drew Ogletree,IND,BAL,TE,2500
623,1,Mason Tipton,NO,DET,WR,3000
624,1,Riley Leonard,IND,BAL,QB,4400
625,1,Michael Briscoe,MIN,GB,WR,3000
626,1,Jalen Reagor,MIA,LV,WR,3000
627,1,David Njoku,LAC,ARI,TE,3000
628,1,Dillon Bell,MIN,GB,WR,3000
629,1,Jared Wayne,HOU,BUF,WR,3000
630,1,Wan'Dale Robinson,TEN,NYJ,WR,4800
631,1,Kenneth Walker,KC,DEN,RB,6500
632,1,Malik McClain,NYJ,TEN,WR,3000
633,1,Deshaun Watson,CLE,JAX,QB,4700
634,1,Chuba Hubbard,CAR,CHI,RB,5500
635,1,Jaylen Wright,MIA,LV,RB,4500
636,1,Tommy Tremble,CAR,CHI,TE,2900
637,1,Nick Vannett,BAL,IND,TE,2500
638,1,Trevor Lawrence,JAX,CLE,QB,5800
639,1,Carlos Washington Jr.,MIA,LV,RB,4000
640,1,Will Shipley,PHI,WAS,RB,4100
641,1,Julian Hicks,SEA,NE,WR,3000
642,1,David Moore,CAR,CHI,WR,3000
643,1,Michael Burton,CLE,JAX,RB,4000
644,1,Jordan Watkins,SF,LAR,WR,3300
645,1,Denzel Boston,CLE,JAX,WR,4400
646,1,Jaylen Waddle,DEN,KC,WR,6300
647,1,Rome Odunze,CHI,CAR,WR,5400
648,1,Chiefs,KC,DEN,DST,2700
649,1,Emari Demercado,DAL,NYG,RB,4000
650,1,Trent Sherfield Sr.,BUF,HOU,WR,3000
651,1,Grant Calcaterra,PHI,WAS,TE,2500
652,1,Treyton Welch,NO,DET,TE,2500
653,1,Justin Herbert,LAC,ARI,QB,6100
654,1,Matthew Caldwell,LAR,SF,QB,4000
655,1,Laquon Treadwell,IND,BAL,WR,3000
656,1,Davis Allen,LAR,SF,TE,2500
657,1,Aidan O'Connell,LV,MIA,QB,4000
658,1,Vinny Anthony II,ATL,PIT,WR,3000
659,1,Nico Collins,HOU,BUF,WR,7000
660,1,Gregory Desrosiers,LAC,ARI,RB,4000
661,1,Barion Brown,NO,DET,WR,3000
662,1,Dean Connors,LAR,SF,RB,4000
663,1,Jacoby Jones,WAS,PHI,WR,3000
664,1,Jonathan Ward,BAL,IND,RB,4000
665,1,Albert Okwuegbunam Jr.,LV,MIA,TE,2500
666,1,Austin Hooper,ATL,PIT,TE,2700
667,1,Caleb Douglas,MIA,LV,WR,3000
668,1,Devaughn Vele,NO,DET,WR,3500
669,1,Cody Schrader,DEN,KC,RB,4000
670,1,Kurtis Rourke,SF,LAR,QB,4000
671,1,Jahan Dotson,ATL,PIT,WR,3700
672,1,Gunnar Helm,TEN,NYJ,TE,3200
673,1,Ray Davis,BUF,HOU,RB,4600
674,1,Joe Flacco,CIN,TB,QB,4400
675,1,Tyler Shough,NO,DET,QB,5600
676,1,Keenan Allen,IND,BAL,WR,4700
677,1,Joshua Dobbs,DET,NO,QB,4000
678,1,Jacob Cowing,SF,LAR,WR,3000
679,1,George Kittle,SF,LAR,TE,4800
680,1,Foster Moreau,HOU,BUF,TE,2600
681,1,Jalen Nailor,LV,MIA,WR,4300
682,1,Xavier Legette,CAR,CHI,WR,3700
683,1,Cameron Latu,NE,SEA,TE,2500
684,1,Browns,CLE,JAX,DST,2100
685,1,Davis Mills,HOU,BUF,QB,4200
686,1,RJ Harvey,DEN,KC,RB,5400
687,1,Ben Yurosek,MIN,GB,TE,2500
688,1,Marcus Mariota,WAS,PHI,QB,4500
689,1,Tetairoa McMillan,CAR,CHI,WR,6100
690,1,Trey Lance,LAC,ARI,QB,4000
691,1,Kyle Monangai,CHI,CAR,RB,5100
692,1,Bucky Irving,TB,CIN,RB,5700
693,1,Cam Grandy,MIN,GB,TE,2500
694,1,Bo Melton,GB,MIN,WR,3000
695,1,Andrew DePaola,MIN,GB,TE,2500
696,1,Dare Ogunbowale,LV,MIA,RB,4000
697,1,Chris Manhertz,NYG,DAL,TE,2500
698,1,Tim Jones,JAX,CLE,WR,3000
699,1,J'Mari Taylor,JAX,CLE,RB,4000
700,1,Sam LaPorta,DET,NO,TE,4400
701,1,JP Richardson,CHI,CAR,WR,3000
702,1,Darnell Mooney,NYG,DAL,WR,4000
703,1,Jamari Thrash,CLE,JAX,WR,3000
704,1,Michael Wilson,ARI,LAC,WR,5300
705,1,J. Michael Sturdivant,GB,MIN,WR,3000
706,1,Ty Johnson,BUF,HOU,RB,4200
707,1,Khadarel Hodge,SF,LAR,WR,3000
708,1,Khalil Dinkins,SF,LAR,TE,2500
709,1,Joe Burrow,CIN,TB,QB,6900
710,1,Colby Parkinson,LAR,SF,TE,3500
711,1,Luke Basso,DEN,KC,TE,2500
712,1,Jalen Milroe,SEA,NE,QB,4000
713,1,Elijah Higgins,ARI,LAC,TE,2500
714,1,Calvin Austin,NYG,DAL,WR,3700
715,1,Ryan Flournoy,DAL,NYG,WR,3900
716,1,Seydou Traore,MIA,LV,TE,2500
717,1,Patrick Ricard,NYG,DAL,RB,4000
718,1,Pierre Strong,GB,MIN,RB,4000
719,1,Travis Etienne,NO,DET,RB,5900
720,1,Rashid Shaheed,SEA,NE,WR,4400
721,1,Deven Thompkins,LV,MIA,WR,3000
722,1,Bam Knight,ARI,LAC,RB,4000
723,1,Chris Oladokun,KC,DEN,QB,4000
724,1,Hunter Luepke,DAL,NYG,RB,4000
725,1,Feleipe Franks,CAR,CHI,TE,2500
726,1,Tanner Koziol,JAX,CLE,TE,2600
727,1,Zach Wood,NO,DET,TE,2500
728,1,Oscar Delp,NO,DET,TE,2700
729,1,Emeka Egbuka,TB,CIN,WR,6200
730,1,Garrett Wilson,NYJ,TEN,WR,5800
731,1,Terry McLaurin,WAS,PHI,WR,5700
732,1,Devontez Walker,BAL,IND,WR,3200
733,1,Puka Nacua,LAR,SF,WR,7700
734,1,Jordan Love,GB,MIN,QB,5700
735,1,Adam Prentice,DEN,KC,RB,4000
736,1,Nate Adkins,DEN,KC,TE,2500
737,1,Jake Briningstool,KC,DEN,TE,2500
738,1,Zavier Scott,CHI,CAR,RB,4000
739,1,Ty Simpson,LAR,SF,QB,4000
740,1,Keleki Latu,BUF,HOU,TE,2500
741,1,Tucker Kraft,GB,MIN,TE,4500
742,1,DJ Uiagalelei,LAC,ARI,QB,4000
743,1,Michael Trigg,DAL,NYG,TE,2500
744,1,Malik Willis,MIA,LV,QB,5300
745,1,Derrick Henry,BAL,IND,RB,6700
746,1,Theo Wease Jr.,LAC,ARI,WR,3000
747,1,DK Metcalf,PIT,ATL,WR,5400
748,1,Brady Russell,SEA,NE,RB,4000
749,1,Tylan Wallace,CLE,JAX,WR,3000
750,1,Drake Maye,NE,SEA,QB,6000
751,1,Khalil Shakir,BUF,HOU,WR,4800
752,1,Luke McCaffrey,WAS,PHI,WR,3500
753,1,Nick Kallerup,SEA,NE,TE,2500
754,1,Stefon Diggs,WAS,PHI,WR,5200
755,1,Athan Kaliakmanis,WAS,PHI,QB,4000
756,1,Jonathan Taylor,IND,BAL,RB,7300
757,1,Courtland Sutton,DEN,KC,WR,6000
758,1,Chris Godwin,TB,CIN,WR,5200
759,1,John Bates,WAS,PHI,TE,2500
760,1,Carsen Ryan,CLE,JAX,TE,2500
761,1,Kevin Austin,NO,DET,WR,3000
762,1,Beaux Collins,ATL,PIT,WR,3000
763,1,Kyle McCord,MIA,LV,QB,4000
764,1,TreVeyon Henderson,NE,SEA,RB,5200
765,1,Elic Ayomanor,TEN,NYJ,WR,3600
766,1,David Sills V,TB,CIN,WR,3000
767,1,Gary Jennings Jr.,LAC,ARI,WR,3000
768,1,AJ Dillon,CAR,CHI,RB,4000
769,1,Greg Dortch,BUF,HOU,WR,3400
770,1,Gardner Minshew,ARI,LAC,QB,4100
771,1,Trey Sermon,ATL,PIT,RB,4000
772,1,Kyler Murray,MIN,GB,QB,5500
773,1,Bo Nix,DEN,KC,QB,5800
774,1,Tee Higgins,CIN,TB,WR,6300
775,1,John Metchie,CAR,CHI,WR,3200
776,1,Breece Hall,NYJ,TEN,RB,6200
777,1,Robert Tonyan,PIT,ATL,TE,2500
778,1,Tre Tucker,LV,MIA,WR,4000
779,1,Jayden Daniels,WAS,PHI,QB,6500
780,1,Jeremiah Webb,NE,SEA,WR,3000
781,1,Jakobi Meyers,JAX,CLE,WR,5000
782,1,Dareke Young,LV,MIA,WR,3000
783,1,Chris Myarick,LV,MIA,TE,2500
784,1,Calvin Ridley,TEN,NYJ,WR,4500
785,1,Carnell Tate,TEN,NYJ,WR,5300
786,1,Adam Trautman,DEN,KC,TE,2700
787,1,Scotty Miller,CHI,CAR,WR,3000
788,1,Germie Bernard,PIT,ATL,WR,3900
789,1,Isaiah Neyor,GB,MIN,WR,3000
790,1,Trevor Etienne,CAR,CHI,RB,4500
791,1,Drew Sample,CIN,TB,TE,2600
792,1,Omar Cooper Jr.,NYJ,TEN,WR,4100
793,1,Ricky Pearsall,SF,LAR,WR,3000
794,1,Lucky Jackson,DET,NO,WR,3000
795,1,Rashee Rice,KC,DEN,WR,6500
796,1,Robbie Ouzts,SEA,NE,RB,4000
797,1,Michael Pittman Jr.,PIT,ATL,WR,4900
798,1,Marvin Harrison Jr.,ARI,LAC,WR,5000
799,1,D'Andre Swift,CHI,CAR,RB,6100
800,1,Tyler Goodson,ATL,PIT,RB,4000
801,1,Cameron Dorner,NE,SEA,WR,3000
802,1,Kendrick Bourne,ARI,LAC,WR,3600
803,1,Josh Kelly,HOU,BUF,WR,3000
804,1,Demond Claiborne,MIN,GB,RB,4400
805,1,JK Dobbins,DEN,KC,RB,5300
806,1,Noah Fant,NO,DET,TE,3200
807,1,Cam Skattebo,NYG,DAL,RB,5800
808,1,Durham Smythe,BAL,IND,TE,2500
809,1,Malik Davis,DAL,NYG,RB,4300
810,1,Jackson Meeks,DET,NO,TE,3000
811,1,Dontayvion Wicks,PHI,WAS,WR,4100
812,1,Kenny Gainwell,TB,CIN,RB,5200
813,1,Jaren Kanak,TEN,NYJ,TE,2500
814,1,Odell Beckham Jr.,NYG,DAL,WR,3200
815,1,Ko Kieft,TB,CIN,TE,2500
816,1,Tyler Ott,WAS,PHI,TE,2500
0,2,Pharaoh Brown,IND,KC,TE,2500
1,2,Mitchell Fraboni,DEN,JAX,TE,2500
2,2,Tyler Conklin,DET,BUF,TE,2500
3,2,Lamar Jackson,BAL,NO,QB,7300
4,2,Carson Wentz,MIN,CHI,QB,4600
5,2,Hunter Henry,NE,PIT,TE,4000
6,2,Kaleb Johnson,GB,NYJ,RB,4300
7,2,Mark Andrews,BAL,NO,TE,4400
8,2,Josh Jacobs,GB,NYJ,RB,6300
9,2,Jared Goff,DET,BUF,QB,6200
10,2,Jauan Jennings,MIN,CHI,WR,3800
11,2,Kene Nwangwu,NYJ,GB,RB,4000
12,2,Andrew Beck,NYJ,GB,RB,4000
13,2,Christian Watson,GB,NYJ,WR,6200
14,2,De'Zhaun Stribling,SF,MIA,WR,4800
15,2,Justice Hill,BAL,NO,RB,4200
16,2,Dalton Schultz,HOU,CIN,TE,3200
17,2,Jelani Woods,NYJ,GB,TE,2500
18,2,George Holani,SEA,ARI,RB,4500
19,2,Hendon Hooker,TEN,PHI,QB,4000
20,2,Kalif Raymond,CHI,MIN,WR,3600
21,2,Devin Duvernay,ARI,SEA,WR,3000
22,2,Easton Stick,TB,CLE,QB,4000
23,2,Jackson Hawes,BUF,DET,TE,2500
24,2,Tre Watson,MIA,SF,TE,2500
25,2,Jaleel McLaughlin,CLE,TB,RB,4000
26,2,Brock Bowers,LV,LAC,TE,6600
27,2,Nick Mullens,JAX,DEN,QB,4000
28,2,Irvin Charles,SEA,ARI,WR,3000
29,2,K.J. Osborn,TEN,PHI,WR,3000
30,2,Cooper Kupp,SEA,ARI,WR,4100
31,2,Aaron Jones,MIN,CHI,RB,5100
32,2,Geno Smith,NYJ,GB,QB,4800
33,2,Samaje Perine,CIN,HOU,RB,4400
34,2,Braxton Berrios,NYG,LAR,WR,3000
35,2,Wesley Grimes,SF,MIA,WR,3000
36,2,Ben Skowronek,PIT,NE,WR,3000
37,2,Dalen Cambre,NYG,LAR,WR,3000
38,2,Michael Carter,TEN,PHI,RB,4000
39,2,Trey Palmer,NO,BAL,WR,3000
40,2,Deebo Samuel,SF,MIA,WR,5300
41,2,Quinshon Judkins,CLE,TB,RB,5400
42,2,David Montgomery,HOU,CIN,RB,6500
43,2,Tyren Montgomery,TEN,PHI,WR,3000
44,2,Tony Pollard,TEN,PHI,RB,5300
45,2,Saquon Barkley,PHI,TEN,RB,7000
46,2,Drew Lock,SEA,ARI,QB,4900
47,2,Najee Harris,NYG,LAR,RB,4000
48,2,Christian Kirk,SF,MIA,WR,3000
49,2,Nick Westbrook,IND,KC,WR,3000
50,2,Kenny Pickett,CAR,ATL,QB,4000
51,2,Nikko Remigio,KC,IND,WR,3000
52,2,Jarrett Stidham,DEN,JAX,QB,4200
53,2,Mo Alie-Cox,IND,KC,TE,2500
54,2,A.J. Brown,NE,PIT,WR,3000
55,2,Dean Patterson IV,TB,CLE,WR,3000
56,2,Lil'Jordan Humphrey,DEN,JAX,WR,3300
57,2,TJ Hockenson,MIN,CHI,TE,3500
58,2,Tyler Warren,IND,KC,TE,5200
59,2,Dallas Goedert,PHI,TEN,TE,4800
60,2,Adonai Mitchell,NYJ,GB,WR,4000
61,2,Alec Ingold,LAC,LV,RB,4000
62,2,Stephen Carlson,CHI,MIN,TE,2500
63,2,Matthew Stafford,LAR,NYG,QB,6000
64,2,Alex Bachman,LAR,NYG,WR,3000
65,2,Ronnie Rivers,LAR,NYG,RB,4000
66,2,Davante Adams,LAR,NYG,WR,5900
67,2,Kirk Cousins,LV,LAC,QB,5000
68,2,William Wagner,CIN,HOU,TE,2500
69,2,Trey McBride,ARI,SEA,TE,6900
70,2,DeeJay Dallas,MIN,CHI,RB,4000
71,2,Kedon Slovis,GB,NYJ,QB,4000
72,2,Isaiah Davis,NYJ,GB,RB,4000
73,2,Tyrod Taylor,GB,NYJ,QB,4000
74,2,Skylar Thompson,BAL,NO,QB,4000
75,2,Jarquez Hunter,MIA,SF,RB,4000
76,2,Sam Darnold,SEA,ARI,QB,5400
77,2,Brian Robinson,ATL,CAR,RB,4700
78,2,KaVontae Turpin,DAL,WAS,WR,3100
79,2,Jalen Moreno-Cropper,NO,BAL,WR,3000
80,2,Malachi Corley,CLE,TB,WR,3000
81,2,Josh Johnson,CIN,HOU,QB,4000
82,2,Mike Evans,SF,MIA,WR,6600
83,2,Zach Wilson,NO,BAL,QB,4000
84,2,Parker Washington,JAX,DEN,WR,5900
85,2,Shane Buechele,BUF,DET,QB,4000
86,2,Olamide Zaccheaus,ATL,CAR,WR,3200
87,2,Bailey Zappe,NYJ,GB,QB,4000
88,2,Mac Jones,SF,MIA,QB,4000
89,2,Jonnu Smith,GB,NYJ,TE,2900
90,2,Christian McCaffrey,SF,MIA,RB,8000
91,2,Eric Saubert,SEA,ARI,TE,2500
92,2,Reggie Virgil,ARI,SEA,WR,3000
93,2,Jalen Royals,KC,IND,WR,3200
94,2,Cooper Rush,ATL,CAR,QB,4200
95,2,Antonio Williams,WAS,DAL,WR,4400
96,2,Jerry Jeudy,CLE,TB,WR,3900
97,2,Tanner Arkin,NE,PIT,TE,2500
98,2,Cam Ward,TEN,PHI,QB,4900
99,2,Jeshaun Jones,MIN,CHI,WR,3000
100,2,Greg Dulcich,MIA,SF,TE,3200
101,2,Mack Hollins,NE,PIT,WR,4300
102,2,Roman Hemby,LV,LAC,RB,4000
103,2,Ty Pezza,BAL,NO,TE,2500
104,2,Aaron Rodgers,PIT,NE,QB,5100
105,2,Tua Tagovailoa,ATL,CAR,QB,4700
106,2,Ameer Abdullah,JAX,DEN,RB,4100
107,2,Sam Ehlinger,DEN,JAX,QB,4000
108,2,Xavier Restrepo,TEN,PHI,WR,3000
109,2,James Winchester,KC,IND,TE,2500
110,2,C.J. Stroud,HOU,CIN,QB,5500
111,2,British Brooks,HOU,CIN,RB,4000
112,2,Matt Hibner,BAL,NO,TE,2500
113,2,Kole Wilson,CLE,TB,WR,3000
114,2,Jeff Caldwell,KC,IND,WR,3000
115,2,Max Hurleman,PIT,NE,WR,3000
116,2,Kentrel Bullock,CIN,HOU,RB,4000
117,2,Andy Dalton,PHI,TEN,QB,4000
118,2,Alvin Kamara,NO,BAL,RB,4600
119,2,Josh Oliver,MIN,CHI,TE,2500
120,2,Johnny Mundt,PHI,TEN,TE,2500
121,2,Trey Benson,ARI,SEA,RB,4000
122,2,Blake Corum,LAR,NYG,RB,4900
123,2,Jack Velling,ATL,CAR,TE,2500
124,2,Rasheen Ali,BAL,NO,RB,4000
125,2,Brennan Presley,LAR,NYG,WR,3000
126,2,Malik Benson,LV,LAC,WR,3000
127,2,Audric Estime,NO,BAL,RB,4000
128,2,Omari Evans,KC,IND,WR,3000
129,2,Tyrell Shavers,BUF,DET,WR,3000
130,2,Jordan Addison,MIN,CHI,WR,5100
131,2,Drake Dabney,GB,NYJ,TE,2500
132,2,Noah Thomas,CIN,HOU,WR,3000
133,2,Chig Okonkwo,WAS,DAL,TE,3700
134,2,Christopher Brooks,GB,NYJ,RB,4800
135,2,Kalel Mullings,TEN,PHI,RB,4000
136,2,Colson Yankoff,WAS,DAL,TE,2500
137,2,Jameis Winston,NYG,LAR,QB,4000
138,2,Rachaad White,WAS,DAL,RB,5000
139,2,Brandon Aiyuk,SF,MIA,WR,3000
140,2,Cash Jones,ATL,CAR,RB,4000
141,2,Emmett Johnson,KC,IND,RB,4500
142,2,Javonte Williams,DAL,WAS,RB,6400
143,2,Tyson Bagent,CHI,MIN,QB,4000
144,2,Tanner Hudson,CIN,HOU,TE,2500
145,2,Braelon Allen,NYJ,GB,RB,4200
146,2,Dan Villari,LAR,NYG,TE,2500
147,2,Anthony Richardson Sr.,IND,KC,QB,4000
148,2,Jaxon Smith-Njigba,SEA,ARI,WR,8100
149,2,Bijan Robinson,ATL,CAR,RB,8200
150,2,Josh Downs,IND,KC,WR,5400
151,2,Quintin Morris,JAX,DEN,TE,2500
152,2,Dylan Laube,LV,LAC,RB,4000
153,2,Kevin Coleman Jr.,MIA,SF,WR,3000
154,2,Jaden Bradley,WAS,DAL,WR,3000
155,2,Jalon Daniels,TB,CLE,QB,4000
156,2,Cade Otton,TB,CLE,TE,3400
157,2,Juwan Johnson,NO,BAL,TE,3900
158,2,Tory Horton,SEA,ARI,WR,3200
159,2,Tutu Atwell,LAR,NYG,WR,3400
160,2,Adam Randall,BAL,NO,RB,4000
161,2,Jimmy Horn,CAR,ATL,WR,3000
162,2,Jahmyr Gibbs,DET,BUF,RB,8500
163,2,Blake Whiteheart,CLE,TB,TE,2500
164,2,Arian Smith,NYJ,GB,WR,3000
165,2,Ted Hurst III,TB,CLE,WR,3200
166,2,Brevyn Spann-Ford,DAL,WAS,TE,2800
167,2,Efton Chism III,NE,PIT,WR,3100
168,2,Stephen Gosnell,BUF,DET,WR,3000
169,2,Luke Musgrave,GB,NYJ,TE,2500
170,2,Lew Nichols,PIT,NE,RB,4000
171,2,Corey Kiner,NE,PIT,RB,4200
172,2,Malachi Fields,NYG,LAR,WR,4100
173,2,Mitchell Evans,CAR,ATL,TE,2500
174,2,Jake Bobo,SEA,ARI,WR,3000
175,2,Britain Covey,PHI,TEN,WR,3000
176,2,Nick Muse,ATL,CAR,TE,2500
177,2,Myles Montgomery,NE,PIT,RB,4000
178,2,Carson Beck,ARI,SEA,QB,4000
179,2,Kayshon Boutte,HOU,CIN,WR,4000
180,2,Elijah Moore,PHI,TEN,WR,3000
181,2,Nick Singleton,TEN,PHI,RB,4300
182,2,Max Bredeson,MIN,CHI,RB,4000
183,2,Nate Carter,KC,IND,RB,4000
184,2,Jordan Mason,MIN,CHI,RB,5200
185,2,Tank Dell,HOU,CIN,WR,3000
186,2,Jalen Coker,CAR,ATL,WR,5100
187,2,Josh Cameron,JAX,DEN,WR,3000
188,2,Ladd McConkey,LAC,LV,WR,6200
189,2,Bub Means,CLE,TB,WR,3000
190,2,Tank Bigsby,PHI,TEN,RB,4700
191,2,Kyle Williams,NE,PIT,WR,3600
192,2,Dominic Lovett,DET,BUF,WR,3000
193,2,Jaylin Noel,HOU,CIN,WR,3700
194,2,Josh Whyle,GB,NYJ,TE,2500
195,2,Tip Reiman,ARI,SEA,TE,2500
196,2,Jaxson Dart,NYG,LAR,QB,5800
197,2,Cade Stover,HOU,CIN,TE,2500
198,2,Lake McRee,PIT,NE,TE,2500
199,2,Bhayshul Tuten,JAX,DEN,RB,5600
200,2,Kyren Williams,LAR,NYG,RB,6400
201,2,Dane Key,DEN,JAX,WR,3000
202,2,Brandon Smith,PIT,NE,WR,3000
203,2,Jordan Hudson,DAL,WAS,WR,3000
204,2,Jake Haener,NYG,LAR,QB,4000
205,2,Pat Freiermuth,PIT,NE,TE,3700
206,2,Kaelon Black,SF,MIA,RB,4500
207,2,Tahj Brooks,CIN,HOU,RB,4000
208,2,Trebor Pena,JAX,DEN,WR,3000
209,2,Max Klare,LAR,NYG,TE,2500
210,2,Skyler Bell,BUF,DET,WR,3000
211,2,Baker Mayfield,TB,CLE,QB,5600
212,2,Dylan Drummond,ATL,CAR,WR,3000
213,2,Michael Penix Jr.,ATL,CAR,QB,4700
214,2,Jack Strand,ATL,CAR,QB,4000
215,2,CJ Williams,JAX,DEN,WR,3000
216,2,Alec Pierce,IND,KC,WR,5600
217,2,Moliki Matavao,NO,BAL,TE,2500
218,2,Chris Olave,NO,BAL,WR,7200
219,2,Zay Flowers,BAL,NO,WR,6700
220,2,Michael Mayer,LV,LAC,TE,3600
221,2,Tyjae Spears,TEN,PHI,RB,4800
222,2,Zaire Mitchell-Paden,HOU,CIN,TE,2500
223,2,Saints,NO,BAL,DST,2300
224,2,Ihmir Smith-Marsette,ARI,SEA,WR,3000
225,2,Seahawks,SEA,ARI,DST,3500
226,2,Zavion Thomas,CHI,MIN,WR,3100
227,2,Brenen Thompson,LAC,LV,WR,3500
228,2,Will Howard,PIT,NE,QB,4000
229,2,Travis Hunter,JAX,DEN,WR,3300
230,2,Isaiah Likely,NYG,LAR,TE,4500
231,2,Cade Klubnik,NYJ,GB,QB,4000
232,2,Brady Cook,MIA,SF,QB,4000
233,2,Sam Hartman,WAS,DAL,QB,4000
234,2,Chimere Dike,TEN,PHI,WR,3000
235,2,Ahmani Marshall,CAR,ATL,RB,4000
236,2,Kyle Dixon,NE,PIT,WR,3000
237,2,Payne Durham,TB,CLE,TE,2500
238,2,Jayden Higgins,HOU,CIN,WR,3000
239,2,Tay Martin,DET,BUF,WR,3000
240,2,Miller Moss,CHI,MIN,QB,4000
241,2,Jameson Williams,DET,BUF,WR,5700
242,2,Cole Turner,MIA,SF,TE,2500
243,2,Omarion Hampton,LAC,LV,RB,6600
244,2,Andrew Armstrong,KC,IND,WR,3000
245,2,Cody White,LV,LAC,WR,3000
246,2,Brian Thomas,JAX,DEN,WR,4800
247,2,Dallen Bentley,DEN,JAX,TE,2500
248,2,Princeton Fant,DAL,WAS,TE,2500
249,2,Giants,NYG,LAR,DST,2200
250,2,Buccaneers,TB,CLE,DST,3600
251,2,Makai Lemon,PHI,TEN,WR,4600
252,2,Isaac TeSlaa,DET,BUF,WR,3700
253,2,Seth McGowan,IND,KC,RB,4300
254,2,Jimmy Holiday,KC,IND,WR,3000
255,2,Anderson Castle,IND,KC,RB,4000
256,2,Joe Fagnano,BAL,NO,QB,4000
257,2,Sam Roush,CHI,MIN,TE,2500
258,2,Johnny Wilson,PHI,TEN,WR,3000
259,2,Matthew Golden,GB,NYJ,WR,4700
260,2,David Martin-Robinson,TEN,PHI,TE,2500
261,2,Sean Tucker,TB,CLE,RB,4400
262,2,Nate Boerkircher,JAX,DEN,TE,2500
263,2,DJ Herman,MIA,SF,RB,4000
264,2,Bauer Sharp,TB,CLE,TE,2500
265,2,Davon Booth,IND,KC,RB,4000
266,2,Xavier Guillory,BAL,NO,WR,3000
267,2,Thomas Yassmin,GB,NYJ,TE,2500
268,2,Jake Ferguson,DAL,WAS,TE,3800
269,2,Bryce Lance,NO,BAL,WR,3200
270,2,Austin Trammell,JAX,DEN,WR,3000
271,2,Jared Wiley,KC,IND,TE,2500
272,2,Colbie Young,CIN,HOU,WR,3000
273,2,Justin Fields,KC,IND,QB,4500
274,2,Charlie Jones,NYG,LAR,WR,3000
275,2,Patrick Mahomes,KC,IND,QB,5500
276,2,Dont'e Thornton,LV,LAC,WR,3000
277,2,Eli Stowers,PHI,TEN,TE,2500
278,2,Konata Mumpfield,LAR,NYG,WR,3000
279,2,Carson Steele,PHI,TEN,RB,4000
280,2,Raiders,LV,LAC,DST,2600
281,2,Jets,NYJ,GB,DST,2400
282,2,Zachariah Branch,ATL,CAR,WR,3500
283,2,Savion Williams,GB,NYJ,WR,3000
284,2,Commanders,WAS,DAL,DST,2500
285,2,Joel Wilson,TEN,PHI,TE,2500
286,2,Will Pauling,SF,MIA,WR,3000
287,2,Rocco Underwood,PHI,TEN,TE,2500
288,2,Simi Fehoko,ARI,SEA,WR,3000
289,2,Keon Coleman,BUF,DET,WR,3900
290,2,Ben Mann,NYG,LAR,TE,2500
291,2,Ben Sinnott,WAS,DAL,TE,2900
292,2,Carter Runyon,LV,LAC,TE,2500
293,2,Salvon Ahmed,CHI,MIN,RB,4000
294,2,Dak Prescott,DAL,WAS,QB,6400
295,2,Ja'Mori Maclin,BUF,DET,WR,3000
296,2,Jacardia Wright,SEA,ARI,RB,4000
297,2,AJ Barner,SEA,ARI,TE,3300
298,2,Dameon Pierce,PHI,TEN,RB,4000
299,2,Joe Royer,CLE,TB,TE,2500
300,2,Thomas Odukoya,KC,IND,TE,2500
301,2,CJ Donaldson,NO,BAL,RB,4000
302,2,Joey Aguilar,JAX,DEN,QB,4000
303,2,Darnell Washington,PIT,NE,TE,2900
304,2,Roman Wilson,PIT,NE,WR,3200
305,2,Jalen Hurts,PHI,TEN,QB,6700
306,2,Jordan Whittington,LAR,NYG,WR,3200
307,2,Jalin Hyatt,NYG,LAR,WR,3000
308,2,Gunner Olszewski,NYG,LAR,WR,3000
309,2,Dohnte Meyers,CIN,HOU,WR,3000
310,2,LeQuint Allen,JAX,DEN,RB,4000
311,2,Troy Franklin,DEN,JAX,WR,3800
312,2,Nikola Kalinic,CHI,MIN,TE,2500
313,2,Cowboys,DAL,WAS,DST,2900
314,2,John Michael Gyllenborg,KC,IND,TE,2500
315,2,Ty Chandler,NO,BAL,RB,4000
316,2,Mark Redman,GB,NYJ,TE,2500
317,2,LaJohntay Wester,BAL,NO,WR,3100
318,2,Sean Clifford,CIN,HOU,QB,4000
319,2,Evan Svoboda,LAC,LV,TE,2500
320,2,Sam Howell,DAL,WAS,QB,4000
321,2,Panthers,CAR,ATL,DST,2700
322,2,Messiah Swinson,CLE,TB,TE,2500
323,2,Jayden Reed,GB,NYJ,WR,4500
324,2,Isiah Pacheco,DET,BUF,RB,4000
325,2,Chris Collier,LV,LAC,RB,4000
326,2,Kendall Milton,CIN,HOU,RB,4000
327,2,Jonathon Brooks,CAR,ATL,RB,4800
328,2,Drew Allar,PIT,NE,QB,4000
329,2,Bryce Young,CAR,ATL,QB,5400
330,2,Ryan Miller,MIA,SF,WR,3000
331,2,Pat Bryant,DEN,JAX,WR,4200
332,2,Jonathan Mingo,DAL,WAS,WR,3000
333,2,DeMario Douglas,NE,PIT,WR,3800
334,2,Kolbe Katsis,DEN,JAX,WR,3000
335,2,Ja'Marr Chase,CIN,HOU,WR,7600
336,2,Jake Tonges,SF,MIA,TE,2600
337,2,Jordan Waters,LAR,NYG,RB,4000
338,2,Hassan Haskins,NE,PIT,RB,4000
339,2,Marlin Klein,HOU,CIN,TE,2500
340,2,Evan Engram,DEN,JAX,TE,3300
341,2,Rashod Bateman,BAL,NO,WR,4400
342,2,Stetson Bennett IV,LAR,NYG,QB,4000
343,2,Julian Hill,NE,PIT,TE,2500
344,2,Andrei Iosivas,CIN,HOU,WR,3100
345,2,Kaden Davis,CHI,MIN,WR,3000
346,2,Taylen Green,CLE,TB,QB,4000
347,2,Jeremy Ruckert,NYJ,GB,TE,2500
348,2,Tyler Allgeier,ARI,SEA,RB,4900
349,2,Case Keenum,CHI,MIN,QB,4000
350,2,Broncos,DEN,JAX,DST,2800
351,2,Cedric Tillman,NO,BAL,WR,3000
352,2,Michael Wortham,JAX,DEN,WR,3000
353,2,Rams,LAR,NYG,DST,3300
354,2,Jalen Brooks,ARI,SEA,WR,3000
355,2,Eagles,PHI,TEN,DST,3700
356,2,Jaguars,JAX,DEN,DST,2400
357,2,Daniel Bellinger,TEN,PHI,TE,2600
358,2,Jahdae Walker,CHI,MIN,WR,3400
359,2,Tre Harris,LAC,LV,WR,4000
360,2,Derius Davis,LAC,LV,WR,3000
361,2,Ke'Shawn Williams,CIN,HOU,WR,3000
362,2,Jack Endries,CIN,HOU,TE,2500
363,2,Eric Rivers Jr.,TB,CLE,WR,3000
364,2,Will Kacmarek,MIA,SF,TE,2500
365,2,Chip Trayanum,NYJ,GB,RB,4000
366,2,Fernando Mendoza,LV,LAC,QB,4500
367,2,Haynes King,CAR,ATL,QB,4000
368,2,Kaytron Allen,WAS,DAL,RB,4500
369,2,Ja'Kobi Lane,BAL,NO,WR,3900
370,2,Amon-Ra St. Brown,DET,BUF,WR,7700
371,2,Dyami Brown,WAS,DAL,WR,3000
372,2,Ricky White III,SEA,ARI,WR,3000
373,2,Jadarian Price,SEA,ARI,RB,5500
374,2,Xavier Gipson,PHI,TEN,WR,3000
375,2,Ian Thomas,LV,LAC,TE,2500
376,2,Jordyn Tyson,NO,BAL,WR,3000
377,2,Noah Gray,KC,IND,TE,3200
378,2,Mike Gesicki,CIN,HOU,TE,3600
379,2,Jordan Moore,CIN,HOU,WR,3000
380,2,Casey Washington,CAR,ATL,WR,3000
381,2,Brevin Jordan,HOU,CIN,TE,2500
382,2,Drake London,ATL,CAR,WR,6000
383,2,Brock Purdy,SF,MIA,QB,6200
384,2,Josh Cuevas,BAL,NO,TE,2500
385,2,Luke Schoonmaker,DAL,WAS,TE,2500
386,2,Tyler Huntley,BAL,NO,QB,4000
387,2,Patrick Herbert,LAC,LV,TE,2500
388,2,Caleb Lohner,DEN,JAX,TE,2500
389,2,Tom Kennedy,DET,BUF,WR,3000
390,2,James Cook,BUF,DET,RB,6700
391,2,Tanner McKee,PHI,TEN,QB,4000
392,2,Jack Bech,LV,LAC,WR,3600
393,2,Craig Reynolds,WAS,DAL,RB,4000
394,2,Ashton Dulin,IND,KC,WR,3000
395,2,Reggie Gilliam,NE,PIT,RB,4000
396,2,Riley Nowakowski,PIT,NE,RB,4000
397,2,Cardinals,ARI,SEA,DST,2500
398,2,Ravens,BAL,NO,DST,3300
399,2,Corey Rucker,LV,LAC,WR,3000
400,2,Garrett Greene,TB,CLE,WR,3000
401,2,Kyle Pitts,ATL,CAR,TE,4500
402,2,Darren Waller,CAR,ATL,TE,3100
403,2,Brayden Willis,SF,MIA,TE,2500
404,2,Theo Johnson,NYG,LAR,TE,2600
405,2,Oronde Gadsden,LAC,LV,TE,3500
406,2,Trayvon Rudolph,MIN,CHI,WR,3000
407,2,River Cracraft,WAS,DAL,WR,3000
408,2,Jaylin Lane,WAS,DAL,WR,3000
409,2,Rico Dowdle,PIT,NE,RB,4900
410,2,Mitch Tinsley,HOU,CIN,WR,3000
411,2,Antwane Wells Jr.,ATL,CAR,WR,3000
412,2,Cyrus Allen,KC,IND,WR,3900
413,2,CeeDee Lamb,DAL,WAS,WR,7300
414,2,Rhamondre Stevenson,NE,PIT,RB,5700
415,2,Kylen Granson,TEN,PHI,TE,2500
416,2,Israel Abanikanda,DAL,WAS,RB,4000
417,2,Kameron Johnson,TB,CLE,WR,3000
418,2,Charlie Woerner,ATL,CAR,TE,2500
419,2,Montorie Foster Jr.,SEA,ARI,WR,3000
420,2,George Pickens,DAL,WAS,WR,6300
421,2,DJ Giddens,IND,KC,RB,4000
422,2,Lewis Bond,HOU,CIN,WR,3000
423,2,Sione Vaki,DET,BUF,RB,4500
424,2,Isaiah Williams,NYJ,GB,WR,3300
425,2,Jaylen Warren,PIT,NE,RB,5400
426,2,Scott Matlock,LAC,LV,RB,4000
427,2,Roschon Johnson,CHI,MIN,RB,4000
428,2,Dillon Gabriel,CLE,TB,QB,4000
429,2,Woody Marks,HOU,CIN,RB,4500
430,2,Emmanuel Henderson Jr.,SEA,ARI,WR,3000
431,2,Joshua Palmer,BUF,DET,WR,3600
432,2,Chris Bell,MIA,SF,WR,3500
433,2,Romeo Doubs,NE,PIT,WR,5000
434,2,Tai Felton,MIN,CHI,WR,3000
435,2,Colston Loveland,CHI,MIN,TE,5000
436,2,Luther Burden,CHI,MIN,WR,5700
437,2,Sincere McCormick,SF,MIA,RB,4000
438,2,Behren Morton,NE,PIT,QB,4000
439,2,Lucas Krull,DEN,JAX,TE,2500
440,2,Van Jefferson,WAS,DAL,WR,3000
441,2,Terrance Ferguson,LAR,NYG,TE,2700
442,2,Carson Towt,IND,KC,TE,2500
443,2,Falcons,ATL,CAR,DST,2900
444,2,Lions,DET,BUF,DST,2500
445,2,KC Concepcion,CLE,TB,WR,4100
446,2,Dolphins,MIA,SF,DST,2000
447,2,Jaydon Blue,PHI,TEN,RB,4000
448,2,Quentin Johnston,LAC,LV,WR,5000
449,2,Steelers,PIT,NE,DST,2800
450,2,Xavier Smith,LAR,NYG,WR,3000
451,2,Ashton Jeanty,LV,LAC,RB,6800
452,2,Shawn Bowman,ARI,SEA,TE,2500
453,2,Chase Brown,CIN,HOU,RB,6900
454,2,Cole Payton,PHI,TEN,QB,4000
455,2,MarShawn Lloyd,GB,NYJ,RB,5300
456,2,Marvin Mims,DEN,JAX,WR,3700
457,2,Cole Burgess,PIT,NE,WR,3000
458,2,Isaac Guerendo,SF,MIA,RB,4000
459,2,Lan Larison,NE,PIT,RB,4000
460,2,Teagan Quitoriano,ARI,SEA,TE,2500
461,2,Chris Brazzell II,CAR,ATL,WR,3000
462,2,Brashard Smith,KC,IND,RB,4000
463,2,Noah Whittington,HOU,CIN,RB,4000
464,2,Zach Charbonnet,SEA,ARI,RB,4000
465,2,Patrick Gurd,LV,LAC,TE,2500
466,2,Mason Taylor,NYJ,GB,TE,2800
467,2,Jeremy McNichols,WAS,DAL,RB,4000
468,2,Will Mallory,IND,KC,TE,2500
469,2,Kendrick Law,DET,BUF,WR,3000
470,2,Tyquan Thornton,KC,IND,WR,3400
471,2,Justin Jefferson,MIN,CHI,WR,7800
472,2,CJ Dippre,TB,CLE,TE,2500
473,2,JJ McCarthy,MIN,CHI,QB,4300
474,2,Connor Heyward,LV,LAC,RB,4000
475,2,Zamir White,NO,BAL,RB,4000
476,2,Garrett Nussmeier,KC,IND,QB,4000
477,2,Dalton Kincaid,BUF,DET,TE,4700
478,2,Gavin Bartholomew,MIN,CHI,TE,2500
479,2,Chris Hilton Jr.,GB,NYJ,WR,3000
480,2,James Conner,ARI,SEA,RB,4000
481,2,Ollie Gordon,MIA,SF,RB,4000
482,2,Al-Jay Henderson,NYJ,GB,RB,4000
483,2,Malik Nabers,NYG,LAR,WR,6500
484,2,Ja'seem Reed,CAR,ATL,WR,3000
485,2,Bills,BUF,DET,DST,2600
486,2,Chris Rodriguez,JAX,DEN,RB,5100
487,2,Packers,GB,NYJ,DST,3400
488,2,Chargers,LAC,LV,DST,3200
489,2,Josh Williams,TB,CLE,RB,4000
490,2,Frank Gore Jr.,BUF,DET,RB,4000
491,2,Camden Brown,DAL,WAS,WR,3000
492,2,E.J. Jenkins,PHI,TEN,TE,2500
493,2,Hayden Rucci,JAX,DEN,TE,2500
494,2,Kenyon Sadiq,NYJ,GB,TE,3800
495,2,KeAndre Lambert-Smith,LAC,LV,WR,3300
496,2,DeVonta Smith,PHI,TEN,WR,6800
497,2,Daniel Sobkowicz,HOU,CIN,WR,3000
498,2,Jordan James,SF,MIA,RB,4000
499,2,Brock Wright,DET,BUF,TE,2800
500,2,Chris Moore,BAL,NO,WR,3300
501,2,Elijah Arroyo,SEA,ARI,TE,2500
502,2,Skyy Moore,GB,NYJ,WR,3000
503,2,Xavier Worthy,KC,IND,WR,4500
504,2,Emanuel Wilson,SEA,ARI,RB,4000
505,2,Will Sheppard,MIA,SF,WR,3000
506,2,Thomas Gordon,DET,BUF,TE,2500
507,2,D.J. Montgomery,IND,KC,WR,3000
508,2,Dylan Sampson,CLE,TB,RB,4400
509,2,Jack Westover,WAS,DAL,TE,2500
510,2,Thomas Fidone II,NYG,LAR,TE,2500
511,2,Caleb Williams,CHI,MIN,QB,6800
512,2,Ben VanSumeren,KC,IND,RB,4000
513,2,Luke Altmyer,DET,BUF,QB,4000
514,2,Deion Burks,IND,KC,WR,3200
515,2,Jacoby Brissett,ARI,SEA,QB,5000
516,2,Devin Singletary,NYG,LAR,RB,4100
517,2,Tim Patrick,NYJ,GB,WR,3000
518,2,Evan Deckers,TB,CLE,TE,2500
519,2,DJ Moore,BUF,DET,WR,5800
520,2,Travis Kelce,KC,IND,TE,4200
521,2,Texans,HOU,CIN,DST,3000
522,2,Velus Jones Jr.,SEA,ARI,RB,4000
523,2,Titans,TEN,PHI,DST,2100
524,2,Kyle Juszczyk,SF,MIA,RB,4000
525,2,Kimani Vidal,LAC,LV,RB,4300
526,2,Robert Henry Jr.,WAS,DAL,RB,4000
527,2,Vikings,MIN,CHI,DST,2600
528,2,Kendre Miller,NO,BAL,RB,4500
529,2,Xavier Hutchinson,HOU,CIN,WR,3500
530,2,Tyler Badie,DEN,JAX,RB,4000
531,2,Grant Finley,NYG,LAR,RB,4000
532,2,CJ Daniels,LAR,NYG,WR,3000
533,2,Kyle Allen,BUF,DET,QB,4000
534,2,Anthony Gould,IND,KC,WR,3000
535,2,Brandon Johnson,PIT,NE,WR,3000
536,2,Myles Price,MIN,CHI,WR,3000
537,2,Jonah Coleman,DEN,JAX,RB,4200
538,2,Kaden Wetjen,PIT,NE,WR,3000
539,2,Elijah Sarratt,BAL,NO,WR,3700
540,2,Ja'Tavion Sanders,CAR,ATL,TE,2500
541,2,Shedeur Sanders,CLE,TB,QB,4500
542,2,Eli Raridon,NE,PIT,TE,3000
543,2,Raheim Sanders,CLE,TB,RB,4000
544,2,Tyrone Tracy,NYG,LAR,RB,4400
545,2,Malik Washington,MIA,SF,WR,4000
546,2,Tyler Higbee,LAR,NYG,TE,2900
547,2,DJ Rogers,DAL,WAS,TE,2500
548,2,Evan Hull,ARI,SEA,RB,4000
549,2,Ronnie Bell,LV,LAC,WR,3000
550,2,Qadir Ismail,CHI,MIN,TE,2500
551,2,Jeremiyah Love,ARI,SEA,RB,5900
552,2,James Mitchell,DAL,WAS,TE,2500
553,2,Isaiah Bond,CLE,TB,WR,3000
554,2,Jawhar Jordan,HOU,CIN,RB,4000
555,2,Mitch Trubisky,TEN,PHI,QB,4000
556,2,Jabari Small,DET,BUF,RB,4000
557,2,Brycen Tremayne,CAR,ATL,WR,3000
558,2,Jaydn Ott,KC,IND,RB,4000
559,2,Hayden Large,CHI,MIN,TE,2500
560,2,Julius Chestnut,TEN,PHI,RB,4000
561,2,Dawson Knox,BUF,DET,TE,2700
562,2,Bears,CHI,MIN,DST,3000
563,2,Keaton Mitchell,LAC,LV,RB,4600
564,2,Hunter Long,ARI,SEA,TE,2500
565,2,Tommy DeVito,NE,PIT,QB,4000
566,2,Patriots,NE,PIT,DST,3100
567,2,Joe Milton III,DAL,WAS,QB,4000
568,2,Max Brosmer,MIN,CHI,QB,4000
569,2,49ers,SF,MIA,DST,3800
570,2,Michael Bandy,DEN,JAX,WR,3000
571,2,Jacory Croskey-Merritt,WAS,DAL,RB,5500
572,2,Brenton Strange,JAX,DEN,TE,3900
573,2,Mason Rudolph,PIT,NE,QB,4000
574,2,Jamaal Pritchett,NYJ,GB,WR,3000
575,2,Graham Mertz,HOU,CIN,QB,4000
576,2,Spencer Rattler,NO,BAL,QB,4000
577,2,Brittain Brown,CHI,MIN,RB,4000
578,2,Luke Farrell,SF,MIA,TE,2500
579,2,Harold Fannin,CLE,TB,TE,4100
580,2,Jameson Geers,ARI,SEA,TE,2500
581,2,Travis Homer,PIT,NE,RB,4000
582,2,Harrison Wallace III,ARI,SEA,WR,3000
583,2,Eli Heidenreich,PIT,NE,RB,4000
584,2,Treylon Burks,WAS,DAL,WR,3000
585,2,Erick All Jr.,CIN,HOU,TE,2500
586,2,Cole Kmet,CHI,MIN,TE,3000
587,2,Josh Allen,BUF,DET,QB,7400
588,2,Justin Joly,MIA,SF,TE,2500
589,2,De'Von Achane,MIA,SF,RB,6700
590,2,Stone Smartt,NO,BAL,TE,2500
591,2,Jalen Tolbert,MIA,SF,WR,3000
592,2,Shane Zylstra,NE,PIT,TE,2500
593,2,Demarcus Robinson,SF,MIA,WR,3900
594,2,Justin Shorter,LV,LAC,WR,3000
595,2,Anthony Tyus III,CAR,ATL,RB,4000
596,2,Jacob Saylors,DET,BUF,RB,4000
597,2,Amar Johnson,LAC,LV,RB,4000
598,2,Chris Blair,ATL,CAR,WR,3000
599,2,Charlie Kolar,LAC,LV,TE,2700
600,2,Anthony Smith,DAL,WAS,WR,3000
601,2,Mike Washington Jr.,LV,LAC,RB,4300
602,2,Daniel Jones,IND,KC,QB,5200
603,2,Quinn Ewers,JAX,DEN,QB,4000
604,2,Bengals,CIN,HOU,DST,2700
605,2,Jalen McMillan,TB,CLE,WR,4400
606,2,Colts,IND,KC,DST,2300
607,2,Marquise Brown,PHI,TEN,WR,3600
608,2,Tez Johnson,TB,CLE,WR,3000
609,2,Darius Cooper,PHI,TEN,WR,3000
610,2,Drew Ogletree,IND,KC,TE,2500
611,2,Mason Tipton,NO,BAL,WR,3000
612,2,Riley Leonard,IND,KC,QB,4000
613,2,Michael Briscoe,MIN,CHI,WR,3000
614,2,Jalen Reagor,MIA,SF,WR,3000
615,2,David Njoku,LAC,LV,TE,3000
616,2,Dillon Bell,MIN,CHI,WR,3000
617,2,Jared Wayne,HOU,CIN,WR,3000
618,2,Wan'Dale Robinson,TEN,PHI,WR,4600
619,2,Kenneth Walker,KC,IND,RB,6500
620,2,Malik McClain,NYJ,GB,WR,3000
621,2,Deshaun Watson,CLE,TB,QB,4500
622,2,Chuba Hubbard,CAR,ATL,RB,5800
623,2,Jaylen Wright,MIA,SF,RB,4200
624,2,Tommy Tremble,CAR,ATL,TE,2600
625,2,Nick Vannett,BAL,NO,TE,2500
626,2,Trevor Lawrence,JAX,DEN,QB,5800
627,2,Carlos Washington Jr.,MIA,SF,RB,4000
628,2,Will Shipley,PHI,TEN,RB,4200
629,2,Julian Hicks,SEA,ARI,WR,3000
630,2,David Moore,CAR,ATL,WR,3000
631,2,Michael Burton,CLE,TB,RB,4000
632,2,Jordan Watkins,SF,MIA,WR,3000
633,2,Denzel Boston,CLE,TB,WR,4200
634,2,Jaylen Waddle,DEN,JAX,WR,6500
635,2,Rome Odunze,CHI,MIN,WR,5500
636,2,Chiefs,KC,IND,DST,3200
637,2,Emari Demercado,DAL,WAS,RB,4500
638,2,Trent Sherfield Sr.,BUF,DET,WR,3000
639,2,Grant Calcaterra,PHI,TEN,TE,2500
640,2,Treyton Welch,NO,BAL,TE,2500
641,2,Kenny Fletcher Jr.,IND,KC,TE,2500
642,2,Justin Herbert,LAC,LV,QB,6000
643,2,Matthew Caldwell,LAR,NYG,QB,4000
644,2,Laquon Treadwell,IND,KC,WR,3000
645,2,Davis Allen,LAR,NYG,TE,2500
646,2,Aidan O'Connell,LV,LAC,QB,4000
647,2,Vinny Anthony II,ATL,CAR,WR,3000
648,2,Nico Collins,HOU,CIN,WR,7000
649,2,Gregory Desrosiers,LAC,LV,RB,4000
650,2,Barion Brown,NO,BAL,WR,3000
651,2,Dean Connors,LAR,NYG,RB,4000
652,2,Jonathan Ward,BAL,NO,RB,4000
653,2,Austin Hooper,ATL,CAR,TE,2500
654,2,Caleb Douglas,MIA,SF,WR,3700
655,2,Devaughn Vele,NO,BAL,WR,4200
656,2,Cody Schrader,DEN,JAX,RB,4000
657,2,Kurtis Rourke,SF,MIA,QB,4000
658,2,Jahan Dotson,ATL,CAR,WR,3400
659,2,Gunnar Helm,TEN,PHI,TE,3100
660,2,Ray Davis,BUF,DET,RB,4400
661,2,Joe Flacco,CIN,HOU,QB,4100
662,2,Tyler Shough,NO,BAL,QB,5300
663,2,Keenan Allen,IND,KC,WR,4600
664,2,Joshua Dobbs,DET,BUF,QB,4000
665,2,Jacob Cowing,SF,MIA,WR,3000
666,2,George Kittle,SF,MIA,TE,4600
667,2,Foster Moreau,HOU,CIN,TE,2700
668,2,Jalen Nailor,LV,LAC,WR,3900
669,2,Xavier Legette,CAR,ATL,WR,3400
670,2,Cameron Latu,NE,PIT,TE,2500
671,2,Browns,CLE,TB,DST,2200
672,2,Davis Mills,HOU,CIN,QB,4000
673,2,RJ Harvey,DEN,JAX,RB,5200
674,2,Ben Yurosek,MIN,CHI,TE,2500
675,2,Marcus Mariota,WAS,DAL,QB,4000
676,2,Tetairoa McMillan,CAR,ATL,WR,6100
677,2,Trey Lance,LAC,LV,QB,4000
678,2,Kyle Monangai,CHI,MIN,RB,5300
679,2,Bucky Irving,TB,CLE,RB,6100
680,2,Cam Grandy,MIN,CHI,TE,2500
681,2,Bo Melton,GB,NYJ,WR,3000
682,2,Andrew DePaola,MIN,CHI,TE,2500
683,2,Dare Ogunbowale,LV,LAC,RB,4000
684,2,Chris Manhertz,NYG,LAR,TE,2500
685,2,Tim Jones,JAX,DEN,WR,3000
686,2,J'Mari Taylor,JAX,DEN,RB,4000
687,2,Sam LaPorta,DET,BUF,TE,4300
688,2,JP Richardson,CHI,MIN,WR,3000
689,2,Darnell Mooney,NYG,LAR,WR,3800
690,2,Michael Wilson,ARI,SEA,WR,5400
691,2,J. Michael Sturdivant,GB,NYJ,WR,3000
692,2,Ty Johnson,BUF,DET,RB,4200
693,2,Khadarel Hodge,SF,MIA,WR,3000
694,2,Khalil Dinkins,SF,MIA,TE,2500
695,2,Joe Burrow,CIN,HOU,QB,6600
696,2,Colby Parkinson,LAR,NYG,TE,3100
697,2,Jalen Milroe,SEA,ARI,QB,4400
698,2,Elijah Higgins,ARI,SEA,TE,2500
699,2,Calvin Austin,NYG,LAR,WR,3000
700,2,Ryan Flournoy,DAL,WAS,WR,3800
701,2,Seydou Traore,MIA,SF,TE,2500
702,2,Patrick Ricard,NYG,LAR,RB,4000
703,2,Pierre Strong,GB,NYJ,RB,4000
704,2,Travis Etienne,NO,BAL,RB,6000
705,2,Mark Gronowski,HOU,CIN,QB,4000
706,2,Rashid Shaheed,SEA,ARI,WR,4300
707,2,Deven Thompkins,LV,LAC,WR,3000
708,2,Bam Knight,ARI,SEA,RB,4000
709,2,Hunter Luepke,DAL,WAS,RB,4000
710,2,Feleipe Franks,CAR,ATL,TE,2500
711,2,Tanner Koziol,JAX,DEN,TE,2500
712,2,Zach Wood,NO,BAL,TE,2500
713,2,Oscar Delp,NO,BAL,TE,2500
714,2,Emeka Egbuka,TB,CLE,WR,6400
715,2,Garrett Wilson,NYJ,GB,WR,6000
716,2,Terry McLaurin,WAS,DAL,WR,5200
717,2,Devontez Walker,BAL,NO,WR,3400
718,2,Puka Nacua,LAR,NYG,WR,7900
719,2,Jordan Love,GB,NYJ,QB,5900
720,2,Adam Prentice,DEN,JAX,RB,4000
721,2,Nate Adkins,DEN,JAX,TE,2500
722,2,Jake Briningstool,KC,IND,TE,2500
723,2,Zavier Scott,CHI,MIN,RB,4000
724,2,Ty Simpson,LAR,NYG,QB,4000
725,2,Keleki Latu,BUF,DET,TE,2500
726,2,Tucker Kraft,GB,NYJ,TE,4900
727,2,DJ Uiagalelei,LAC,LV,QB,4000
728,2,Michael Trigg,DAL,WAS,TE,2500
729,2,Malik Willis,MIA,SF,QB,5200
730,2,Derrick Henry,BAL,NO,RB,7200
731,2,Theo Wease Jr.,LAC,LV,WR,3000
732,2,DK Metcalf,PIT,NE,WR,5200
733,2,Brady Russell,SEA,ARI,RB,4000
734,2,Tylan Wallace,CLE,TB,WR,3000
735,2,Drake Maye,NE,PIT,QB,6100
736,2,Khalil Shakir,BUF,DET,WR,4700
737,2,Luke McCaffrey,WAS,DAL,WR,3000
738,2,Nick Kallerup,SEA,ARI,TE,2500
739,2,Stefon Diggs,WAS,DAL,WR,5300
740,2,Athan Kaliakmanis,WAS,DAL,QB,4000
741,2,Jonathan Taylor,IND,KC,RB,7500
742,2,Courtland Sutton,DEN,JAX,WR,5800
743,2,Chris Godwin,TB,CLE,WR,5600
744,2,John Bates,WAS,DAL,TE,2700
745,2,Carsen Ryan,CLE,TB,TE,2500
746,2,Kevin Austin,NO,BAL,WR,3000
747,2,Beaux Collins,ATL,CAR,WR,3000
748,2,Kyle McCord,MIA,SF,QB,4000
749,2,TreVeyon Henderson,NE,PIT,RB,5200
750,2,Elic Ayomanor,TEN,PHI,WR,3500
751,2,David Sills V,TB,CLE,WR,3000
752,2,Gary Jennings Jr.,LAC,LV,WR,3000
753,2,AJ Dillon,CAR,ATL,RB,4000
754,2,Greg Dortch,BUF,DET,WR,3000
755,2,Gardner Minshew,ARI,SEA,QB,4000
756,2,Trey Sermon,ATL,CAR,RB,4000
757,2,Kyler Murray,MIN,CHI,QB,5100
758,2,Bo Nix,DEN,JAX,QB,5700
759,2,Tee Higgins,CIN,HOU,WR,6100
760,2,John Metchie,CAR,ATL,WR,3000
761,2,Breece Hall,NYJ,GB,RB,6200
762,2,Robert Tonyan,PIT,NE,TE,2500
763,2,Tre Tucker,LV,LAC,WR,4500
764,2,Jayden Daniels,WAS,DAL,QB,6300
765,2,Jeremiah Webb,NE,PIT,WR,3000
766,2,Jakobi Meyers,JAX,DEN,WR,4900
767,2,Dareke Young,LV,LAC,WR,3000
768,2,Chris Myarick,LV,LAC,TE,2500
769,2,Calvin Ridley,TEN,PHI,WR,4100
770,2,Carnell Tate,TEN,PHI,WR,5100
771,2,Adam Trautman,DEN,JAX,TE,2800
772,2,Scotty Miller,CHI,MIN,WR,3000
773,2,Germie Bernard,PIT,NE,WR,3400
774,2,Isaiah Neyor,GB,NYJ,WR,3000
775,2,Trevor Etienne,CAR,ATL,RB,4000
776,2,Drew Sample,CIN,HOU,TE,2600
777,2,Omar Cooper Jr.,NYJ,GB,WR,3800
778,2,Ricky Pearsall,SF,MIA,WR,3000
779,2,Lucky Jackson,DET,BUF,WR,3000
780,2,Damon Bankston,GB,NYJ,RB,4000
781,2,Rashee Rice,KC,IND,WR,6400
782,2,Robbie Ouzts,SEA,ARI,RB,4000
783,2,Michael Pittman Jr.,PIT,NE,WR,4700
784,2,Marvin Harrison Jr.,ARI,SEA,WR,4900
785,2,D'Andre Swift,CHI,MIN,RB,6300
786,2,Tyler Goodson,ATL,CAR,RB,4000
787,2,Cameron Dorner,NE,PIT,WR,3000
788,2,Kendrick Bourne,ARI,SEA,WR,3900
789,2,Josh Kelly,HOU,CIN,WR,3000
790,2,Demond Claiborne,MIN,CHI,RB,4000
791,2,JK Dobbins,DEN,JAX,RB,5000
792,2,Kyrese Rowan,NO,BAL,WR,3000
793,2,Noah Fant,NO,BAL,TE,3400
794,2,Cam Skattebo,NYG,LAR,RB,5900
795,2,Durham Smythe,BAL,NO,TE,2500
796,2,Malik Davis,DAL,WAS,RB,4000
797,2,Jackson Meeks,DET,BUF,TE,2500
798,2,Dontayvion Wicks,PHI,TEN,WR,4300
799,2,Kenny Gainwell,TB,CLE,RB,5100
800,2,Jaren Kanak,TEN,PHI,TE,2500
801,2,Odell Beckham Jr.,NYG,LAR,WR,3000
802,2,Ko Kieft,TB,CLE,TE,2500
803,2,Tyler Ott,WAS,DAL,TE,2500
