,Player,Pos,1,2,3,4,5,6
0,49ers,DST,2900.0,3600.0,3100.0,3200.0,2700.0,
1,A.J. Brown,WR,6900.0,6600.0,6300.0,6400.0,6000.0,5700.0
2,A.J. Henning,WR,3000.0,3000.0,3000.0,3000.0,3000.0,
3,A.T. Perry,WR,3000.0,3000.0,3000.0,3000.0,3000.0,
4,AJ Barner,TE,2800.0,2800.0,3000.0,2800.0,3100.0,
5,AJ Dillon,RB,4000.0,4100.0,4000.0,4000.0,4000.0,4000.0
6,Aaron Jones,RB,5500.0,5300.0,5300.0,4000.0,4000.0,
7,Aaron Rodgers,QB,5200.0,5500.0,5200.0,5300.0,,
8,Adam Prentice,RB,4000.0,4000.0,4000.0,4000.0,4000.0,
9,Adam Thielen,WR,4700.0,4800.0,4300.0,4000.0,3500.0,
10,Adam Trautman,TE,2800.0,3000.0,2700.0,2600.0,2800.0,
11,Adonai Mitchell,WR,3400.0,3100.0,3200.0,3100.0,3600.0,
12,Adrian Martinez,QB,,4000.0,4000.0,4000.0,4000.0,
13,Ahmani Marshall,RB,4000.0,4000.0,4000.0,4000.0,4000.0,
14,Aidan O'Connell,QB,4200.0,4000.0,4000.0,4000.0,4000.0,
15,Ainias Smith,WR,3000.0,3000.0,3000.0,3000.0,3000.0,
16,Albert Okwuegbunam Jr.,TE,2500.0,2500.0,2500.0,2500.0,2500.0,
17,Alec Ingold,RB,4000.0,4000.0,4000.0,4000.0,4000.0,
18,Alec Pierce,WR,4400.0,4100.0,4300.0,4400.0,4400.0,
19,Alex Bachman,WR,3000.0,3000.0,3000.0,3000.0,3000.0,
20,Alexander Mattison,RB,4400.0,4000.0,4000.0,4000.0,4000.0,
21,Allen Lazard,WR,3900.0,3400.0,3300.0,3200.0,3400.0,
22,Alvin Kamara,RB,6300.0,6100.0,6300.0,6100.0,5900.0,
23,Amar Johnson,RB,,4000.0,4000.0,4000.0,4000.0,
24,Amari Cooper,WR,4600.0,,,,,
25,Ameer Abdullah,RB,,,4000.0,4000.0,4000.0,
26,Amon-Ra St. Brown,WR,7100.0,7000.0,7400.0,7300.0,7900.0,
27,Andre Baccellia,WR,3000.0,3000.0,3000.0,3000.0,3000.0,
28,Andrei Iosivas,WR,3700.0,3500.0,3300.0,3100.0,3200.0,
29,Andrew Beck,RB,4000.0,4000.0,4000.0,4000.0,4000.0,
30,Andrew DePaola,TE,2500.0,2500.0,2500.0,2500.0,2500.0,
31,Andy Dalton,QB,4700.0,4100.0,4500.0,4400.0,4200.0,
32,Anthony Gould,WR,3000.0,3000.0,3000.0,3000.0,3000.0,
33,Anthony Miller,WR,3000.0,3000.0,3000.0,3000.0,,
34,Anthony Richardson Sr.,QB,5100.0,4700.0,4400.0,4100.0,4000.0,
35,Anthony Tyus III,RB,4000.0,,,,,
36,Antonio Gibson,RB,4500.0,4500.0,4600.0,4600.0,4300.0,
37,Arian Smith,WR,3000.0,3000.0,3000.0,3000.0,3200.0,
38,Ashton Dulin,WR,3000.0,3000.0,3000.0,3000.0,3000.0,
39,Ashton Jeanty,RB,7000.0,7000.0,6700.0,6200.0,6700.0,
40,Audric Estime,RB,,4000.0,4000.0,4000.0,4000.0,4000.0
41,Austin Ekeler,RB,4800.0,4800.0,4000.0,4000.0,4000.0,
42,Austin Hooper,TE,2900.0,3000.0,2800.0,3000.0,3000.0,
43,Austin Trammell,WR,,3000.0,3000.0,3000.0,3000.0,3000.0
44,Bailey Zappe,QB,4000.0,4000.0,4000.0,4000.0,4000.0,
45,Baker Mayfield,QB,6600.0,6500.0,6600.0,6500.0,6300.0,
46,Bears,DST,2400.0,2500.0,2600.0,2900.0,,
47,Beaux Collins,WR,3000.0,3000.0,3000.0,3000.0,3000.0,3100.0
48,Ben Sims,TE,2500.0,2500.0,2500.0,2500.0,,
49,Ben Sinnott,TE,2500.0,2500.0,2500.0,2500.0,2500.0,
50,Ben Skowronek,WR,3000.0,3300.0,3200.0,3000.0,,
51,Ben VanSumeren,RB,4000.0,4000.0,4000.0,4000.0,4000.0,4000.0
52,Ben Yurosek,TE,2500.0,2500.0,2500.0,2500.0,2500.0,
53,Bengals,DST,3600.0,2900.0,2400.0,2300.0,2100.0,
54,Bhayshul Tuten,RB,4400.0,4200.0,4900.0,4800.0,4900.0,4900.0
55,Bijan Robinson,RB,8000.0,7900.0,7900.0,8200.0,,
56,Bills,DST,3000.0,3300.0,3800.0,3700.0,3200.0,
57,Blake Corum,RB,4500.0,4300.0,4200.0,4300.0,4500.0,
58,Blake Whiteheart,TE,2500.0,2500.0,2500.0,2500.0,2500.0,
59,Bo Nix,QB,6300.0,6100.0,5800.0,5600.0,5700.0,
60,Brady Cook,QB,4000.0,4000.0,4000.0,4000.0,4000.0,
61,Brady Russell,RB,4000.0,4000.0,4000.0,4000.0,4000.0,
62,Braelon Allen,RB,4900.0,5200.0,5000.0,5200.0,5100.0,
63,Brandin Cooks,WR,4100.0,4000.0,3800.0,3600.0,3500.0,
64,Brandon Aiyuk,WR,4800.0,3000.0,3000.0,3000.0,5000.0,
65,Brandon Allen,QB,4000.0,4000.0,4000.0,4000.0,4000.0,
66,Brandon Johnson,WR,3000.0,,,,,
67,Brandon Smith,WR,3000.0,3000.0,3000.0,3000.0,3000.0,
68,Brashard Smith,RB,4000.0,4000.0,4000.0,4000.0,4200.0,4200.0
69,Braxton Berrios,WR,3000.0,3000.0,3000.0,3000.0,3000.0,
70,Brayden Willis,TE,2500.0,2500.0,2500.0,2500.0,2500.0,
71,Breece Hall,RB,6400.0,6200.0,6000.0,5700.0,5600.0,
72,Brenden Bates,TE,,2500.0,2500.0,2500.0,2500.0,
73,Brennan Presley,WR,3000.0,3000.0,3000.0,3000.0,3000.0,
74,Brenton Strange,TE,3300.0,3600.0,3500.0,3200.0,3600.0,3600.0
75,Brett Rypien,QB,4000.0,4000.0,4000.0,4000.0,4000.0,
76,Brevin Jordan,TE,2500.0,2500.0,2500.0,2500.0,2500.0,
77,Brevyn Spann-Ford,TE,2500.0,2500.0,2500.0,2500.0,2500.0,
78,Brian Robinson,RB,5800.0,5000.0,4800.0,4500.0,4100.0,
79,Brian Thomas,WR,6800.0,6700.0,6400.0,6100.0,6100.0,6100.0
80,Britain Covey,WR,,3000.0,3000.0,3000.0,3000.0,3000.0
81,British Brooks,RB,4000.0,4000.0,4000.0,4000.0,4000.0,
82,Brittain Brown,RB,4000.0,4000.0,4000.0,4000.0,,
83,Brock Bowers,TE,6500.0,6300.0,6000.0,5800.0,5500.0,
84,Brock Lampe,RB,4000.0,4000.0,4000.0,4000.0,4000.0,
85,Brock Purdy,QB,6200.0,6300.0,6000.0,6100.0,6200.0,
86,Brock Wright,TE,2500.0,2500.0,2700.0,2900.0,2500.0,
87,Broncos,DST,3800.0,3500.0,3000.0,3200.0,2700.0,
88,Browns,DST,2300.0,2200.0,2200.0,2200.0,2500.0,
89,Bryce Ford-Wheaton,WR,3000.0,3000.0,3000.0,3000.0,3000.0,3000.0
90,Bryce Oliver,WR,3000.0,3000.0,3000.0,3000.0,3000.0,
91,Bryce Pierre,TE,2500.0,2500.0,2500.0,2500.0,2500.0,
92,Bryce Young,QB,5700.0,5100.0,5000.0,4900.0,4700.0,
93,Brycen Tremayne,WR,3000.0,3000.0,3000.0,3000.0,3100.0,
94,Bryson Nesbit,TE,2500.0,2500.0,2500.0,2500.0,2500.0,
95,Bub Means,WR,3100.0,3000.0,3000.0,3000.0,3200.0,
96,Buccaneers,DST,3000.0,2800.0,3500.0,2800.0,2800.0,
97,Bucky Irving,RB,7100.0,7200.0,7100.0,6900.0,7200.0,
98,C.J. Beathard,QB,,4000.0,4000.0,4000.0,4000.0,
99,C.J. Stroud,QB,6000.0,5500.0,5500.0,5300.0,5200.0,
100,CJ Dippre,TE,2500.0,2500.0,2500.0,2500.0,2500.0,
101,CJ Ham,RB,4000.0,4000.0,4000.0,4000.0,4000.0,
102,Cade McDonald,WR,3000.0,3000.0,3000.0,3000.0,3000.0,
103,Cade Otton,TE,3800.0,3500.0,3500.0,3400.0,3300.0,
104,Cade Stover,TE,2600.0,2700.0,2500.0,2500.0,2500.0,
105,Caden Prieskorn,TE,,,,,2500.0,
106,Cal Adomitis,TE,,,,,,2500.0
107,Caleb Lohner,TE,2500.0,2500.0,2500.0,2500.0,2500.0,
108,Caleb Williams,QB,5700.0,5400.0,5600.0,5800.0,,
109,Calvin Austin,WR,4400.0,4700.0,4000.0,4200.0,,
110,Calvin Ridley,WR,5000.0,4900.0,5100.0,4900.0,4800.0,
111,Cam Akers,RB,,,,4200.0,4000.0,
112,Cam Grandy,TE,2500.0,2500.0,2500.0,2500.0,2500.0,
113,Cam Miller,QB,4000.0,4000.0,4000.0,4000.0,4000.0,
114,Cam Skattebo,RB,5100.0,4800.0,5000.0,5500.0,6000.0,6300.0
115,Cam Ward,QB,5000.0,4900.0,4900.0,4800.0,4600.0,
116,Cameron Latu,TE,2500.0,2500.0,2500.0,2500.0,2500.0,2500.0
117,Cardinals,DST,3500.0,3400.0,2900.0,2900.0,3600.0,
118,Carlos Washington Jr.,RB,4000.0,4000.0,4000.0,4000.0,,
119,Carson Steele,RB,4000.0,4000.0,4000.0,4000.0,4000.0,4000.0
120,Carson Wentz,QB,4000.0,4000.0,4000.0,5100.0,5000.0,
121,Carter Bradley,QB,4000.0,,,,,4000.0
122,Carter Runyon,TE,2500.0,2500.0,2500.0,2500.0,2500.0,
123,Case Keenum,QB,4000.0,4000.0,4000.0,4000.0,,
124,Casey Washington,WR,3000.0,3100.0,3100.0,3000.0,,
125,Cedric Tillman,WR,4400.0,4300.0,4500.0,4200.0,4200.0,
126,Cedrick Wilson,WR,3000.0,3000.0,3000.0,,3000.0,
127,CeeDee Lamb,WR,7900.0,7800.0,8000.0,7800.0,7600.0,
128,Chandler Brayboy,WR,3000.0,3000.0,3000.0,3000.0,3000.0,3000.0
129,Chargers,DST,2600.0,3200.0,2900.0,3300.0,3000.0,
130,Charlie Jones,WR,3000.0,3000.0,3000.0,3000.0,3000.0,
131,Charlie Kolar,TE,2500.0,2500.0,2500.0,2800.0,2500.0,
132,Charlie Woerner,TE,2500.0,2500.0,2500.0,2500.0,,
133,Chase Brown,RB,6600.0,6800.0,6900.0,6600.0,6100.0,
134,Chase Edmonds,RB,,,,4000.0,4000.0,
135,Chiefs,DST,3100.0,2800.0,3300.0,2800.0,3000.0,3000.0
136,Chig Okonkwo,TE,3400.0,3300.0,3400.0,3500.0,3300.0,
137,Chimere Dike,WR,3000.0,3000.0,3000.0,3000.0,3000.0,
138,Chris Blair,WR,3000.0,3000.0,3000.0,3000.0,,
139,Chris Collier,RB,4000.0,4000.0,4000.0,4000.0,4000.0,
140,Chris Godwin Jr.,WR,5600.0,5500.0,5500.0,6000.0,5900.0,
141,Chris Manhertz,TE,2500.0,2500.0,2500.0,2500.0,2500.0,2500.0
142,Chris Moore,WR,3000.0,3000.0,3000.0,3000.0,3000.0,
143,Chris Oladokun,QB,4000.0,4000.0,4000.0,4000.0,4000.0,4000.0
144,Chris Olave,WR,5100.0,4900.0,5200.0,5100.0,5200.0,
145,Chris Rodriguez,RB,4000.0,4000.0,4100.0,4200.0,4100.0,
146,Christian Kirk,WR,4700.0,4700.0,4700.0,4400.0,4300.0,
147,Christian McCaffrey,RB,7300.0,7500.0,8200.0,8500.0,8600.0,
148,Christian Watson,WR,4000.0,3000.0,3000.0,3000.0,,
149,Christopher Brooks,RB,4000.0,4000.0,4000.0,4000.0,,
150,Chuba Hubbard,RB,6000.0,6000.0,6200.0,6000.0,5800.0,
151,Clayton Tune,QB,,4000.0,4000.0,4000.0,,
152,Clyde Edwards-Helaire,RB,,4000.0,4000.0,4000.0,4000.0,4000.0
153,Cody Schrader,RB,4000.0,4000.0,4000.0,4000.0,4000.0,4000.0
154,Cody White,WR,3000.0,3000.0,3000.0,3000.0,3000.0,
155,Colby Parkinson,TE,2500.0,2500.0,2500.0,2500.0,2500.0,
156,Cole Kmet,TE,3300.0,3200.0,3000.0,3000.0,,
157,Coleman Owen,WR,3000.0,3000.0,3000.0,3000.0,3000.0,
158,Colson Yankoff,TE,2500.0,2500.0,2500.0,2500.0,2500.0,
159,Colston Loveland,TE,3800.0,3700.0,3200.0,3100.0,,
160,Colts,DST,2800.0,2600.0,3300.0,2600.0,3300.0,
161,Commanders,DST,3700.0,2700.0,3000.0,3000.0,2700.0,
162,Connor Bazelak,QB,4000.0,4000.0,4000.0,4000.0,4000.0,
163,Connor Heyward,TE,2500.0,2500.0,2500.0,2500.0,,
164,Cooper Kupp,WR,5300.0,5000.0,5000.0,4700.0,4600.0,
165,Cooper Rush,QB,4000.0,4000.0,4000.0,4300.0,4300.0,
166,Corey Kiner,RB,,,,,4000.0,
167,Cornelius Johnson,WR,,,3000.0,3000.0,3000.0,
168,Courtland Sutton,WR,6000.0,6300.0,6000.0,6100.0,6000.0,
169,Courtney Jackson,WR,,3000.0,3000.0,3000.0,3000.0,
170,Cowboys,DST,2500.0,3000.0,2700.0,2400.0,2900.0,
171,Craig Reynolds,RB,4000.0,4000.0,4000.0,4000.0,4000.0,
172,Curtis Samuel,WR,3300.0,3200.0,3200.0,3200.0,3100.0,
173,D'Andre Swift,RB,5900.0,5700.0,5600.0,5400.0,,
174,D'Ernest Johnson,RB,4000.0,4000.0,4000.0,4000.0,,
175,D.J. Montgomery,WR,3000.0,3000.0,3000.0,3000.0,3000.0,
176,DJ Giddens,RB,4800.0,4700.0,4200.0,4000.0,4000.0,
177,DJ Moore,WR,6100.0,5600.0,5400.0,5600.0,,
178,DJ Uiagalelei,QB,4000.0,4000.0,4000.0,4000.0,4000.0,
179,DK Metcalf,WR,5900.0,5900.0,5700.0,5400.0,,
180,Da'Quan Felton,WR,3000.0,3000.0,3000.0,3000.0,3000.0,3000.0
181,Dak Prescott,QB,6000.0,5900.0,5900.0,5700.0,6000.0,
182,Dalen Cambre,WR,,,,3000.0,3000.0,3000.0
183,Dalevon Campbell,WR,3000.0,3000.0,3000.0,3000.0,3000.0,
184,Dallas Goedert,TE,4000.0,3800.0,3700.0,3900.0,4100.0,4000.0
185,Dalton Kincaid,TE,3700.0,3700.0,4000.0,4500.0,4400.0,
186,Dalton Schultz,TE,3500.0,3200.0,3400.0,3300.0,3600.0,
187,Dameon Pierce,RB,4700.0,4200.0,4600.0,4000.0,4000.0,
188,Damien Martinez,RB,4000.0,4000.0,4000.0,,,
189,Dan Chisena,WR,,,,,3000.0,
190,Daniel Bellinger,TE,2500.0,2500.0,2500.0,2500.0,2500.0,2500.0
191,Daniel Jones,QB,5100.0,5200.0,5400.0,5600.0,5800.0,
192,Dante Miller,RB,4000.0,4000.0,4000.0,4000.0,4000.0,4000.0
193,Dare Ogunbowale,RB,4000.0,4000.0,4000.0,4000.0,4000.0,
194,Dareke Young,WR,3000.0,3000.0,3000.0,3000.0,3000.0,
195,Darius Cooper,WR,3000.0,3000.0,3000.0,3000.0,3000.0,3000.0
196,Darius Slayton,WR,4000.0,3400.0,3700.0,3700.0,4300.0,4300.0
197,Darnell Mooney,WR,5000.0,5000.0,4500.0,4700.0,,
198,Darnell Washington,TE,2500.0,2500.0,2500.0,2500.0,,
199,Darren Waller,TE,3500.0,3500.0,3500.0,3500.0,3500.0,
200,Davante Adams,WR,6100.0,5900.0,6200.0,6200.0,6200.0,
201,David Bell,WR,3000.0,3000.0,3000.0,3000.0,3000.0,
202,David Martin-Robinson,TE,2500.0,2500.0,2500.0,2500.0,2500.0,
203,David Montgomery,RB,5700.0,5400.0,5600.0,5700.0,5200.0,
204,David Moore,WR,3000.0,3000.0,3000.0,3000.0,3000.0,
205,David Njoku,TE,4700.0,4400.0,4100.0,3800.0,3500.0,
206,David Sills V,WR,3000.0,3000.0,3000.0,3000.0,,
207,Davis Allen,TE,2500.0,2600.0,2600.0,2500.0,2500.0,
208,Davis Mills,QB,4500.0,4000.0,4500.0,4000.0,4000.0,
209,Dawson Knox,TE,2700.0,2700.0,2600.0,2500.0,2500.0,
210,Dayton Wade,WR,3000.0,3000.0,3000.0,3000.0,3000.0,
211,De'Von Achane,RB,6900.0,6900.0,6800.0,7000.0,7300.0,
212,DeAndre Carter,WR,3000.0,3000.0,3000.0,3000.0,3000.0,
213,DeAndre Hopkins,WR,4200.0,4200.0,4300.0,4500.0,4400.0,
214,DeMario Douglas,WR,4200.0,4300.0,4100.0,3800.0,3500.0,
215,DeVonta Smith,WR,5900.0,5600.0,5300.0,5400.0,5000.0,5600.0
216,Dee Eskridge,WR,3000.0,3000.0,3000.0,3000.0,3000.0,
217,DeeJay Dallas,RB,,4000.0,4000.0,4000.0,4000.0,
218,Deebo Samuel,WR,5200.0,5600.0,6100.0,6000.0,6300.0,
219,Deion Hankins,RB,4000.0,4000.0,4000.0,4000.0,,
220,Demarcus Robinson,WR,3900.0,3000.0,3000.0,3500.0,3300.0,
221,Deneric Prince,RB,4000.0,4000.0,4000.0,4000.0,4000.0,
222,Dennis Houston,WR,3000.0,3000.0,3000.0,3000.0,3000.0,
223,Derius Davis,WR,3000.0,3000.0,3000.0,3000.0,3000.0,
224,Derrick Henry,RB,7200.0,8200.0,7500.0,7200.0,7000.0,
225,Deshaun Watson,QB,4000.0,4000.0,4000.0,4000.0,4000.0,
226,Desmond Ridder,QB,,,,4000.0,4000.0,
227,Deuce Vaughn,RB,,,4000.0,4000.0,4000.0,
228,Devaughn Vele,WR,3900.0,3200.0,3200.0,3100.0,3000.0,
229,Devin Culp,TE,2500.0,2500.0,2500.0,2500.0,2500.0,
230,Devin Duvernay,WR,,3000.0,3000.0,3000.0,,
231,Devin Neal,RB,4000.0,4000.0,4000.0,4000.0,4000.0,
232,Devin Singletary,RB,4600.0,4300.0,4000.0,4500.0,4500.0,4300.0
233,Devontez Walker,WR,3000.0,3000.0,3200.0,3400.0,3200.0,
234,Dillon Gabriel,QB,4900.0,4500.0,4300.0,4200.0,4000.0,
235,Dolphins,DST,2700.0,2900.0,2100.0,2600.0,3100.0,
236,Dominic Lovett,WR,3000.0,3000.0,3000.0,3000.0,3000.0,
237,Donald Parham Jr.,TE,2500.0,2500.0,2500.0,2500.0,,
238,Donovan Edwards,RB,4000.0,4000.0,4000.0,4000.0,4000.0,
239,Dont'e Thornton,WR,3600.0,3900.0,4100.0,3900.0,3700.0,
240,Dontae Fleming,WR,3000.0,3000.0,3000.0,3000.0,3000.0,
241,Dontayvion Wicks,WR,3400.0,3200.0,3700.0,4000.0,,
242,Dorian Singer,WR,3000.0,,,,,
243,Drake Dabney,TE,,2500.0,2500.0,,,
244,Drake London,WR,6500.0,6500.0,6000.0,5700.0,,
245,Drake Maye,QB,5500.0,5200.0,5300.0,5500.0,6000.0,
246,Drew Lock,QB,4300.0,4000.0,4000.0,4000.0,4000.0,
247,Drew Ogletree,TE,2500.0,2500.0,2500.0,2500.0,2500.0,
248,Drew Sample,TE,2500.0,2500.0,2500.0,2500.0,2500.0,
249,Durham Smythe,TE,2500.0,2500.0,2500.0,2500.0,,
250,Dyami Brown,WR,4300.0,4200.0,4400.0,4100.0,4100.0,4100.0
251,Dylan Drummond,WR,3000.0,3000.0,3000.0,3000.0,,
252,Dylan Laube,RB,4000.0,4000.0,4000.0,4000.0,4000.0,
253,Dylan Sampson,RB,4900.0,5200.0,5200.0,4200.0,4000.0,
254,E.J. Jenkins,TE,2500.0,2500.0,2500.0,2500.0,2500.0,2500.0
255,Eagles,DST,3500.0,3000.0,3100.0,3000.0,3200.0,3700.0
256,Easton Stick,QB,4000.0,4000.0,4000.0,4000.0,,
257,Efton Chism III,WR,3000.0,3000.0,3000.0,3000.0,3000.0,
258,Eli Pancol,WR,3000.0,,,,,
259,Elic Ayomanor,WR,3100.0,3200.0,3700.0,3900.0,4100.0,
260,Elijah Arroyo,TE,2700.0,2600.0,2500.0,2500.0,2600.0,
261,Elijah Cooks,WR,3000.0,3000.0,,,,
262,Elijah Higgins,TE,2500.0,2500.0,2500.0,2500.0,2500.0,
263,Elijah Mitchell,RB,4000.0,4000.0,4000.0,4000.0,4000.0,4000.0
264,Elijah Moore,WR,3500.0,3400.0,3700.0,3600.0,3400.0,
265,Emanuel Wilson,RB,4200.0,4100.0,4000.0,4000.0,,
266,Emari Demercado,RB,4000.0,4000.0,4000.0,4300.0,4700.0,
267,Emeka Egbuka,WR,4600.0,5800.0,6300.0,6800.0,6900.0,
268,Emory Jones,QB,4000.0,4000.0,4000.0,4000.0,,
269,Eric Gray,RB,4000.0,4000.0,4000.0,4000.0,4000.0,4000.0
270,Eric Saubert,TE,2500.0,2500.0,2500.0,2500.0,2500.0,
271,Erick All Jr.,TE,2500.0,2500.0,2500.0,2500.0,2500.0,
272,Erik Ezukanma,WR,3000.0,3000.0,3000.0,3000.0,3000.0,3000.0
273,Evan Deckers,TE,2500.0,2500.0,2500.0,2500.0,2500.0,
274,Evan Engram,TE,4500.0,4200.0,3700.0,3700.0,3700.0,
275,Falcons,DST,2600.0,2500.0,3200.0,2700.0,,
276,Feleipe Franks,TE,2500.0,2500.0,2500.0,2500.0,,
277,Foster Moreau,TE,2700.0,2500.0,2500.0,2500.0,2500.0,
278,Frank Gore Jr.,RB,4000.0,4000.0,4000.0,4000.0,4000.0,
279,Gage Larvadain,WR,3000.0,3000.0,,3000.0,3000.0,
280,Gardner Minshew,QB,4000.0,4000.0,4000.0,4000.0,4000.0,4000.0
281,Garrett Greene,WR,3000.0,3000.0,3000.0,3000.0,3000.0,
282,Garrett Wilson,WR,6300.0,6500.0,6200.0,6200.0,6100.0,
283,Gary Brightwell,RB,4000.0,4000.0,4000.0,4000.0,4000.0,
284,Gavin Bartholomew,TE,2500.0,2500.0,2500.0,2500.0,2500.0,
285,Gee Scott Jr.,TE,2500.0,,,,2500.0,
286,Geno Smith,QB,5200.0,5300.0,5200.0,5400.0,5400.0,
287,George Holani,RB,4000.0,4000.0,4000.0,4000.0,4000.0,
288,George Kittle,TE,5800.0,5500.0,2500.0,2500.0,2500.0,
289,George Pickens,WR,5800.0,5800.0,5900.0,6300.0,6600.0,
290,Giants,DST,2300.0,2600.0,2400.0,2400.0,2900.0,2200.0
291,Graham Mertz,QB,4000.0,4000.0,4000.0,4000.0,4000.0,
292,Grant Calcaterra,TE,2700.0,2500.0,2700.0,2500.0,2500.0,2500.0
293,Greg Dortch,WR,3500.0,3300.0,3100.0,3200.0,3400.0,
294,Greg Dulcich,TE,2500.0,2500.0,2500.0,2500.0,2500.0,
295,Gunnar Helm,TE,2600.0,2800.0,2600.0,2600.0,2500.0,
296,Gunner Olszewski,WR,,3000.0,3000.0,3000.0,3000.0,3000.0
297,Hal Presley III,WR,3000.0,,3000.0,,,
298,Harold Fannin,TE,3100.0,3100.0,3600.0,3700.0,3400.0,
299,Harrison Bryant,TE,2500.0,2500.0,2500.0,2500.0,2500.0,
300,Hassan Haskins,RB,4000.0,4000.0,4000.0,4400.0,4000.0,
301,Hayden Rucci,TE,2500.0,2500.0,2500.0,2500.0,2500.0,
302,Hendon Hooker,QB,4000.0,4000.0,4000.0,4000.0,4000.0,
303,Hunter Dekkers,QB,4000.0,,4000.0,4000.0,,
304,Hunter Henry,TE,3900.0,4000.0,3800.0,4000.0,4500.0,
305,Hunter Long,TE,2500.0,2600.0,2500.0,2500.0,2500.0,2500.0
306,Hunter Luepke,RB,4000.0,4000.0,4000.0,4000.0,4000.0,
307,Hunter Renfrow,WR,,3400.0,3700.0,3800.0,3700.0,
308,Ian Thomas,TE,2500.0,2500.0,2500.0,2500.0,2500.0,
309,Ian Wheeler,RB,4000.0,,,,,
310,Ihmir Smith-Marsette,WR,3000.0,3000.0,3000.0,3000.0,3000.0,3000.0
311,Irv Smith Jr.,TE,2500.0,2500.0,2500.0,2500.0,2500.0,
312,Irvin Charles,WR,3000.0,3000.0,3000.0,3000.0,3000.0,
313,Isaac Guerendo,RB,5300.0,4500.0,4000.0,4000.0,4000.0,
314,Isaac TeSlaa,WR,3100.0,3300.0,3400.0,3500.0,3100.0,
315,Isaiah Bond,WR,3900.0,3300.0,3100.0,3100.0,3200.0,
316,Isaiah Davis,RB,4000.0,4000.0,4000.0,4000.0,4000.0,
317,Isaiah Hodgins,WR,,,,3000.0,,
318,Isaiah Likely,TE,3400.0,3200.0,3300.0,3300.0,3000.0,
319,Isaiah Neyor,WR,3000.0,3000.0,3000.0,3000.0,,
320,Isaiah Williams,WR,3000.0,3000.0,3000.0,3000.0,3000.0,
321,Isiah Pacheco,RB,5700.0,5500.0,5200.0,5000.0,5200.0,5200.0
322,Israel Abanikanda,RB,4000.0,4000.0,,,,
323,J.J. McCarthy,QB,5500.0,5400.0,5100.0,5100.0,5000.0,
324,J.K. Dobbins,RB,5500.0,5600.0,5700.0,5800.0,5500.0,
325,JJ Galbreath,TE,2500.0,2500.0,2500.0,,,
326,JP Richardson,WR,3000.0,3000.0,3000.0,3000.0,,
327,Ja'Corey Brooks,WR,3000.0,3000.0,3000.0,3000.0,3000.0,
328,Ja'Lynn Polk,WR,3000.0,3000.0,3000.0,3000.0,3000.0,
329,Ja'Marr Chase,WR,8100.0,8100.0,8100.0,8000.0,7800.0,
330,Ja'Quinden Jackson,RB,4000.0,4000.0,4000.0,4000.0,4000.0,4000.0
331,Ja'Tavion Sanders,TE,2900.0,3100.0,3300.0,3200.0,3200.0,
332,Ja'seem Reed,WR,3000.0,3000.0,3000.0,3000.0,3000.0,
333,JaMycal Hasty,RB,4000.0,4000.0,4000.0,4000.0,4000.0,
334,JaQuae Jackson,WR,3000.0,3000.0,3000.0,3000.0,3000.0,
335,Jacardia Wright,RB,4000.0,4000.0,4000.0,4000.0,,
336,Jack Bech,WR,4100.0,3600.0,3900.0,3600.0,3200.0,
337,Jack Stoll,TE,2500.0,2500.0,2500.0,2600.0,2500.0,
338,Jack Westover,RB,,4000.0,4000.0,4000.0,4000.0,
339,Jack Westover,TE,2500.0,,,,,
340,Jackson Hawes,TE,2500.0,2500.0,2500.0,2500.0,2500.0,
341,Jackson Meeks,WR,3000.0,3000.0,3000.0,3000.0,3000.0,
342,Jacob Cowing,WR,3500.0,3300.0,3000.0,3000.0,3000.0,
343,Jacob Saylors,RB,4000.0,4000.0,4000.0,4000.0,4000.0,
344,Jacoby Brissett,QB,4400.0,4000.0,4000.0,4000.0,4000.0,
345,Jacoby Jones,WR,3000.0,3000.0,3000.0,3000.0,3000.0,
346,Jacory Croskey-Merritt,RB,4000.0,5000.0,5500.0,5300.0,5100.0,
347,Jaden Smith,WR,3000.0,3000.0,3000.0,3000.0,3000.0,
348,Jaguars,DST,3200.0,2700.0,2800.0,2500.0,2500.0,2500.0
349,Jahan Dotson,WR,3400.0,3600.0,3300.0,3400.0,3400.0,3500.0
350,Jahdae Walker,WR,3000.0,3000.0,3000.0,3000.0,,
351,Jahmyr Gibbs,RB,7700.0,7400.0,7600.0,7700.0,7700.0,
352,Jake Bobo,WR,3000.0,3000.0,3000.0,3000.0,3000.0,
353,Jake Briningstool,TE,2500.0,2500.0,2500.0,2500.0,2500.0,2500.0
354,Jake Browning,QB,4400.0,4000.0,5500.0,5400.0,4900.0,
355,Jake Ferguson,TE,3600.0,3800.0,4000.0,4300.0,4800.0,
356,Jake Haener,QB,4800.0,,4000.0,4000.0,4000.0,
357,Jake Tonges,TE,2500.0,3200.0,2900.0,3100.0,3200.0,
358,Jakob Johnson,TE,2500.0,2500.0,2500.0,2500.0,2500.0,
359,Jakobi Meyers,WR,5100.0,4900.0,5600.0,5400.0,5600.0,
360,Jaleel McLaughlin,RB,4800.0,4300.0,4000.0,4000.0,4000.0,
361,Jalen Brooks,WR,3000.0,3000.0,3000.0,3000.0,3000.0,
362,Jalen Coker,WR,3700.0,3000.0,3000.0,3000.0,4200.0,
363,Jalen Cropper,WR,3000.0,3000.0,3000.0,3000.0,3000.0,
364,Jalen Hurts,QB,7100.0,6800.0,6800.0,6700.0,6800.0,6700.0
365,Jalen McMillan,WR,4100.0,3000.0,3000.0,3000.0,4000.0,
366,Jalen Milroe,QB,4300.0,4000.0,4000.0,4000.0,4000.0,
367,Jalen Nailor,WR,3700.0,3700.0,3800.0,3500.0,3300.0,
368,Jalen Reagor,WR,3000.0,,,,,
369,Jalen Royals,WR,3200.0,3500.0,3500.0,3300.0,3200.0,3200.0
370,Jalen Tolbert,WR,3800.0,3300.0,3200.0,3300.0,3600.0,
371,Jalin Conyers,TE,2500.0,2500.0,2500.0,2500.0,2500.0,
372,Jalin Hyatt,WR,3000.0,3000.0,3000.0,3000.0,3300.0,3300.0
373,Jamaal Pritchett,WR,3000.0,3000.0,3000.0,3000.0,3000.0,
374,Jamal Agnew,WR,3000.0,3000.0,3000.0,3000.0,,
375,Jamari Thrash,WR,3000.0,3100.0,3000.0,3000.0,3000.0,
376,Jameis Winston,QB,4500.0,4600.0,4300.0,4000.0,4000.0,4000.0
377,James Conner,RB,6100.0,6600.0,6500.0,4000.0,4000.0,
378,James Cook,RB,6200.0,6400.0,6600.0,7100.0,7400.0,
379,James Mitchell,TE,2500.0,2500.0,2500.0,2500.0,2500.0,
380,James Proche II,WR,3000.0,3000.0,3000.0,3000.0,3000.0,
381,James Winchester,TE,2500.0,2500.0,2500.0,2500.0,2500.0,2500.0
382,Jameson Williams,WR,5500.0,5700.0,5900.0,5900.0,4900.0,
383,Jared Goff,QB,6500.0,6000.0,6400.0,6400.0,6500.0,
384,Jared Wayne,WR,3000.0,3000.0,3000.0,3000.0,3000.0,
385,Jared Wiley,TE,2500.0,2500.0,2500.0,2500.0,2500.0,2500.0
386,Jarquez Hunter,RB,4500.0,4000.0,4000.0,4000.0,4000.0,
387,Jarrett Stidham,QB,4300.0,4000.0,4000.0,4000.0,4200.0,
388,Jason Brownlee,WR,3000.0,3000.0,3000.0,3000.0,3000.0,3000.0
389,Jauan Jennings,WR,4900.0,4800.0,5000.0,5000.0,4900.0,
390,Javon Baker,WR,,3000.0,3000.0,3000.0,3000.0,3000.0
391,Javonte Williams,RB,5500.0,5800.0,6100.0,5900.0,6200.0,
392,Jawhar Jordan,RB,4000.0,4000.0,4000.0,4000.0,4000.0,
393,Jaxon Smith-Njigba,WR,5800.0,6000.0,6500.0,6600.0,7100.0,
394,Jaxson Dart,QB,4500.0,4600.0,4300.0,4500.0,5300.0,5200.0
395,Jayden Daniels,QB,7000.0,6700.0,7000.0,7000.0,7000.0,
396,Jayden Higgins,WR,4800.0,4300.0,4200.0,3900.0,3800.0,
397,Jayden Reed,WR,5400.0,5300.0,3000.0,3000.0,,
398,Jaydon Blue,RB,5000.0,4800.0,4300.0,4000.0,4000.0,
399,Jaylen Waddle,WR,5700.0,5400.0,5700.0,5500.0,5400.0,
400,Jaylen Warren,RB,5200.0,5400.0,5500.0,5400.0,,
401,Jaylen Wright,RB,4900.0,4900.0,4800.0,4000.0,4300.0,
402,Jaylin Lane,WR,3700.0,3400.0,3200.0,3300.0,3100.0,
403,Jaylin Noel,WR,3800.0,3300.0,3200.0,3000.0,3000.0,
404,Jeff Driskel,QB,,4000.0,4000.0,4000.0,4000.0,
405,Jeff Wilson Jr.,RB,4000.0,4000.0,4000.0,4000.0,4000.0,
406,Jelani Woods,TE,2500.0,2500.0,2500.0,2500.0,2500.0,
407,Jeremiah Webb,WR,3000.0,3000.0,3000.0,3000.0,3000.0,
408,Jeremy McNichols,RB,4000.0,4300.0,4400.0,4900.0,4600.0,
409,Jeremy Ruckert,TE,2500.0,2500.0,2500.0,2500.0,2600.0,
410,Jermaine Burton,WR,3100.0,3000.0,3000.0,3000.0,3000.0,
411,Jermaine Terry II,TE,2500.0,,,,,
412,Jermar Jefferson,RB,4000.0,,,,,
413,Jerome Ford,RB,5600.0,4600.0,4600.0,4600.0,4300.0,
414,Jerry Jeudy,WR,5400.0,5300.0,5200.0,4900.0,4700.0,
415,Jeshaun Jones,WR,3000.0,3000.0,3000.0,3000.0,3000.0,
416,Jets,DST,2800.0,2400.0,2200.0,2500.0,2600.0,
417,Jimmy Garoppolo,QB,4400.0,4300.0,4200.0,4400.0,4100.0,
418,Jimmy Holiday,WR,3000.0,3000.0,3000.0,3000.0,3000.0,3000.0
419,Jimmy Horn,WR,3000.0,3000.0,3000.0,3000.0,3000.0,
420,Joe Burrow,QB,6900.0,6600.0,6500.0,4000.0,4000.0,
421,Joe Flacco,QB,4900.0,5000.0,4800.0,4700.0,4500.0,
422,Joe Milton III,QB,4500.0,4000.0,4000.0,4000.0,4000.0,
423,Joe Mixon,RB,6200.0,4000.0,4000.0,4000.0,4900.0,
424,Joel Wilson,TE,,,,2500.0,2500.0,
425,John Bates,TE,2500.0,2500.0,2500.0,2500.0,2500.0,
426,John FitzPatrick,TE,2500.0,2500.0,2500.0,2500.0,,
427,John Jiles,WR,3000.0,3000.0,3000.0,3000.0,3000.0,
428,John Metchie,WR,3600.0,3300.0,3000.0,3000.0,3000.0,3000.0
429,John Rhys Plumlee,WR,3000.0,,,,,
430,John Stephens Jr.,TE,,2500.0,2500.0,2500.0,2500.0,
431,Johnny Mundt,TE,2500.0,2500.0,2500.0,2500.0,2500.0,2500.0
432,Johnny Wilson,WR,3000.0,3000.0,3000.0,3000.0,3000.0,3000.0
433,Jonathan Mingo,WR,3100.0,3000.0,3000.0,3000.0,3000.0,
434,Jonathan Taylor,RB,6800.0,6700.0,7200.0,7500.0,8000.0,
435,Jonathon Brooks,RB,4000.0,4000.0,4000.0,4000.0,4000.0,
436,Jonnu Smith,TE,4200.0,3900.0,3600.0,3300.0,,
437,Jordan Addison,WR,5800.0,3000.0,3000.0,5000.0,5300.0,
438,Jordan James,RB,4300.0,4000.0,4000.0,4000.0,4000.0,
439,Jordan Love,QB,6100.0,6000.0,6300.0,6200.0,,
440,Jordan Mason,RB,5300.0,5100.0,5400.0,6400.0,6400.0,
441,Jordan Mims,RB,4000.0,4000.0,4000.0,4000.0,4000.0,
442,Jordan Moore,WR,3000.0,3000.0,3000.0,3000.0,3000.0,
443,Jordan Watkins,WR,3300.0,3000.0,3000.0,3000.0,3000.0,
444,Jordan Whittington,WR,3100.0,3000.0,3000.0,3000.0,3000.0,
445,Josh Allen,QB,7200.0,7100.0,7400.0,7700.0,8000.0,
446,Josh Downs,WR,4600.0,4600.0,4400.0,4100.0,4100.0,
447,Josh Jacobs,RB,6700.0,6500.0,7000.0,6800.0,,
448,Josh Johnson,QB,4000.0,4000.0,4000.0,4000.0,4000.0,
449,Josh Kelly,WR,3000.0,3000.0,3000.0,3000.0,3000.0,
450,Josh Oliver,TE,2500.0,2500.0,2500.0,2500.0,2500.0,
451,Josh Reynolds,WR,3300.0,3500.0,3500.0,3500.0,3500.0,
452,Josh Whyle,TE,,2500.0,2500.0,2500.0,,
453,Josh Williams,RB,4000.0,4000.0,4000.0,4000.0,4000.0,
454,Joshua Cephus,WR,3000.0,3000.0,3000.0,3000.0,3000.0,3000.0
455,Joshua Dobbs,QB,4500.0,4000.0,4000.0,4000.0,4000.0,
456,Joshua Palmer,WR,4500.0,4400.0,4400.0,4300.0,3800.0,
457,Joshua Simon,TE,2500.0,2500.0,2500.0,2500.0,,
458,Josiah Deguara,TE,2500.0,2500.0,2500.0,2500.0,2500.0,
459,JuJu Smith-Schuster,WR,3500.0,4000.0,3800.0,3800.0,3900.0,3900.0
460,Julian Hill,TE,2700.0,2500.0,2500.0,2500.0,2500.0,
461,Julius Chestnut,RB,4000.0,4000.0,4000.0,4000.0,4000.0,
462,Junior Bergen,WR,3000.0,3000.0,3000.0,3000.0,3000.0,
463,Justice Hill,RB,4200.0,4200.0,4500.0,4700.0,5000.0,
464,Justin Fields,QB,5400.0,5700.0,5300.0,5300.0,5600.0,
465,Justin Herbert,QB,5800.0,5900.0,6200.0,6300.0,6100.0,
466,Justin Jefferson,WR,7800.0,7700.0,7500.0,7500.0,7300.0,
467,Justin Shorter,TE,2500.0,2500.0,,,,
468,Justin Shorter,WR,,,3000.0,3000.0,3000.0,
469,Justin Watson,WR,3000.0,3100.0,3000.0,3000.0,3000.0,
470,Juwan Johnson,TE,3300.0,3600.0,3900.0,4200.0,3900.0,
471,Juwann Winfree,WR,3000.0,,,,,
472,KaVontae Turpin,WR,3300.0,3600.0,3900.0,3800.0,3500.0,
473,Kaden Davis,WR,3000.0,3000.0,3000.0,3000.0,3000.0,
474,Kaden Prather,WR,3000.0,,,,,
475,Kaleb Johnson,RB,5300.0,4900.0,4400.0,4000.0,,
476,Kalel Mullings,RB,4000.0,4000.0,4000.0,4000.0,4000.0,
477,Kalif Raymond,WR,3200.0,3200.0,3100.0,3200.0,3300.0,
478,Kameron Johnson,WR,3000.0,3000.0,3000.0,3000.0,3000.0,
479,Kareem Hunt,RB,4700.0,4500.0,4700.0,4800.0,4700.0,4700.0
480,Kayshon Boutte,WR,3800.0,4500.0,4600.0,4300.0,4000.0,
481,Ke'Shawn Williams,WR,3000.0,3000.0,3000.0,3000.0,,
482,KeAndre Lambert-Smith,WR,3000.0,3000.0,3000.0,3000.0,3000.0,
483,Keaontay Ingram,RB,4000.0,4000.0,4000.0,4000.0,4000.0,4000.0
484,Keaton Mitchell,RB,4000.0,4000.0,4000.0,4200.0,4000.0,
485,Kedon Slovis,QB,,4000.0,4000.0,4000.0,4000.0,
486,Keenan Allen,WR,4700.0,4800.0,4700.0,5300.0,5600.0,
487,Keilan Robinson,RB,,,4000.0,,,
488,Keith Kirkwood,WR,3000.0,3000.0,3000.0,3000.0,3000.0,
489,Keleki Latu,TE,2500.0,2500.0,2500.0,2500.0,2500.0,
490,Kendall Milton,RB,4000.0,4000.0,4000.0,4000.0,4000.0,
491,Kendre Miller,RB,4300.0,4100.0,4000.0,4100.0,4400.0,
492,Kendric Pryor,WR,,,,3000.0,3000.0,
493,Kendrick Bourne,WR,,,3500.0,3700.0,3500.0,
494,Kene Nwangwu,RB,4000.0,4000.0,4000.0,4000.0,4000.0,
495,Kenneth Gainwell,RB,4200.0,4400.0,4500.0,4400.0,,
496,Kenneth Walker,RB,5900.0,5600.0,5800.0,6500.0,6300.0,
497,Kenny McIntosh,RB,4400.0,4000.0,4000.0,4000.0,4000.0,
498,Kenny Pickett,QB,4900.0,4000.0,4700.0,4000.0,4000.0,
499,Kenny Yeboah,TE,2500.0,2500.0,2500.0,2500.0,2500.0,
500,Keon Coleman,WR,5200.0,5100.0,5300.0,5600.0,5100.0,
501,Kevin Austin,WR,3000.0,3000.0,3000.0,3000.0,3000.0,
502,Khadarel Hodge,WR,3200.0,3200.0,3000.0,3000.0,,
503,Khalil Herbert,RB,4300.0,4000.0,,,4000.0,
504,Khalil Shakir,WR,5600.0,5500.0,5400.0,5300.0,5200.0,
505,Kimani Vidal,RB,4000.0,4000.0,4000.0,4000.0,4000.0,
506,Kirk Cousins,QB,4600.0,4600.0,4600.0,4600.0,,
507,Ko Kieft,TE,2500.0,2500.0,2500.0,2500.0,2500.0,
508,Konata Mumpfield,WR,3000.0,3000.0,3000.0,3000.0,3000.0,
509,Kristian Wilkerson,WR,3000.0,3000.0,3000.0,3000.0,3000.0,
510,Kurtis Rourke,QB,4000.0,4000.0,4000.0,4000.0,4000.0,
511,Kye Robichaux,RB,4000.0,4000.0,4000.0,4000.0,4000.0,
512,Kyle Allen,QB,4000.0,4000.0,4000.0,4400.0,4000.0,
513,Kyle Juszczyk,RB,4000.0,4000.0,4000.0,4000.0,4000.0,
514,Kyle McCord,QB,4000.0,4000.0,4000.0,4000.0,4000.0,4000.0
515,Kyle Monangai,RB,4000.0,4200.0,4100.0,4400.0,,
516,Kyle Pitts,TE,4300.0,4100.0,3900.0,3600.0,,
517,Kyle Williams,WR,4300.0,3800.0,3300.0,3000.0,3000.0,
518,Kylen Granson,TE,2500.0,2500.0,2500.0,2500.0,2500.0,2500.0
519,Kyler Murray,QB,6400.0,6400.0,6100.0,5800.0,5900.0,
520,Kyren Williams,RB,6500.0,6300.0,6400.0,6300.0,6000.0,
521,LaJohntay Wester,WR,3000.0,3000.0,3000.0,3000.0,3000.0,
522,Ladd McConkey,WR,6700.0,6900.0,6800.0,6500.0,5500.0,
523,Lamar Jackson,QB,7300.0,7000.0,7300.0,7500.0,7300.0,
524,Lan Larison,RB,4000.0,4000.0,4000.0,4000.0,4000.0,
525,Lance McCutcheon,WR,,3000.0,,,,
526,Laquon Treadwell,WR,,3000.0,3000.0,3000.0,3000.0,
527,Lawrance Toafili,RB,,4000.0,,,4000.0,
528,Lawrence Cager,TE,2500.0,2500.0,2500.0,2500.0,2500.0,
529,LeQuint Allen,RB,4000.0,4000.0,4000.0,4000.0,4000.0,4000.0
530,Lew Nichols,RB,4000.0,4000.0,4000.0,4000.0,,
531,Lil'Jordan Humphrey,WR,3000.0,3000.0,3000.0,3000.0,3000.0,3000.0
532,Lions,DST,2700.0,3200.0,2500.0,3500.0,3500.0,
533,Logan Woodside,QB,,,4000.0,4000.0,,
534,Lucas Krull,TE,2500.0,2500.0,2500.0,2500.0,2500.0,
535,Lucas Scott,RB,4000.0,4000.0,4000.0,4000.0,4000.0,
536,Lucky Jackson,WR,3000.0,3000.0,3000.0,3000.0,,
537,Luke Farrell,TE,2500.0,3500.0,3300.0,3000.0,2700.0,
538,Luke Floriea,WR,,,,,3000.0,
539,Luke Grimm,WR,,3000.0,3000.0,3000.0,3000.0,
540,Luke Lachey,TE,2500.0,2500.0,2500.0,2500.0,2500.0,
541,Luke McCaffrey,WR,3500.0,3300.0,3100.0,3400.0,3700.0,
542,Luke Musgrave,TE,2800.0,2700.0,2700.0,2500.0,,
543,Luke Schoonmaker,TE,2600.0,2500.0,2500.0,2500.0,2500.0,
544,Luther Burden,WR,4600.0,4700.0,4200.0,4700.0,,
545,Mac Jones,QB,4200.0,4000.0,5000.0,5100.0,4700.0,
546,Mack Hollins,WR,3100.0,3000.0,3100.0,3300.0,3300.0,
547,Malachi Corley,WR,3000.0,3000.0,3000.0,3000.0,3000.0,
548,Malik Cunningham,WR,,,,3000.0,3000.0,
549,Malik Davis,RB,4000.0,4000.0,4000.0,4000.0,4000.0,
550,Malik Heath,WR,3000.0,3000.0,3100.0,3000.0,,
551,Malik Nabers,WR,7000.0,7100.0,7200.0,7000.0,3000.0,3000.0
552,Malik Turner,WR,3000.0,3000.0,3000.0,3000.0,3000.0,
553,Malik Washington,WR,3200.0,3300.0,3600.0,3500.0,3900.0,
554,Malik Willis,QB,4600.0,4000.0,4000.0,4000.0,,
555,MarShawn Lloyd,RB,4700.0,4000.0,4000.0,4000.0,,
556,Marcus Mariota,QB,4500.0,4000.0,4000.0,5000.0,5000.0,
557,Mark Andrews,TE,4900.0,4700.0,4300.0,4300.0,4000.0,
558,Mark Redman,TE,2500.0,2500.0,2500.0,2500.0,2500.0,
559,Marquez Valdes-Scantling,WR,3800.0,3800.0,3300.0,3300.0,3100.0,
560,Marquise Brown,WR,4000.0,5200.0,5500.0,5200.0,5000.0,5000.0
561,Marvin Harrison Jr.,WR,5500.0,5800.0,5600.0,5300.0,5400.0,
562,Marvin Mims,WR,4500.0,4100.0,3800.0,3700.0,3800.0,
563,Mason Kinsey,WR,3000.0,3000.0,3000.0,3000.0,3000.0,
564,Mason Pline,TE,2500.0,2500.0,2500.0,2500.0,2500.0,
565,Mason Rudolph,QB,4200.0,4000.0,4000.0,4000.0,,
566,Mason Taylor,TE,3100.0,2900.0,2600.0,2700.0,2800.0,
567,Mason Tipton,WR,3000.0,3000.0,3000.0,3000.0,3000.0,
568,Matt Landers,WR,3000.0,,,,,
569,Matt Sokol,TE,,,,2500.0,,
570,Matthew Golden,WR,4900.0,4800.0,5100.0,5200.0,,
571,Matthew Stafford,QB,5900.0,5800.0,5700.0,5900.0,6400.0,
572,Maurice Alexander,WR,3000.0,3000.0,3000.0,3000.0,,
573,Max Brosmer,QB,4000.0,4000.0,4000.0,4000.0,4000.0,
574,Max Hurleman,RB,4000.0,,,,,
575,Max Hurleman,WR,,3000.0,3000.0,3000.0,,
576,Maximilian Mang,TE,2500.0,2500.0,2500.0,2500.0,2500.0,
577,Mecole Hardman,WR,3000.0,3000.0,3000.0,3000.0,,
578,Messiah Swinson,TE,,,2500.0,2500.0,2500.0,
579,Michael Bandy,WR,3000.0,3000.0,3000.0,3000.0,3000.0,
580,Michael Burton,RB,4000.0,4000.0,4000.0,4000.0,4000.0,
581,Michael Carter,RB,4100.0,4000.0,4000.0,4000.0,4000.0,
582,Michael Mayer,TE,3000.0,3300.0,3000.0,2800.0,2600.0,
583,Michael Penix Jr.,QB,5600.0,5600.0,5600.0,5100.0,,
584,Michael Pittman Jr.,WR,4900.0,5100.0,4900.0,5100.0,5100.0,
585,Michael Wilson,WR,4200.0,3700.0,3400.0,3300.0,3300.0,
586,Mike Evans,WR,6600.0,6800.0,6600.0,6600.0,6500.0,
587,Mike Gesicki,TE,3600.0,3400.0,3200.0,2900.0,3200.0,
588,Mike White,QB,,,,4000.0,4000.0,
589,Miles Boykin,WR,3000.0,3000.0,3000.0,3000.0,,
590,Miles Sanders,RB,4500.0,4300.0,4500.0,4400.0,4200.0,
591,Mitch Trubisky,QB,4000.0,4000.0,4000.0,4000.0,4000.0,
592,Mitchell Evans,TE,2500.0,2500.0,2500.0,2500.0,2700.0,
593,Mitchell Fraboni,TE,2500.0,2500.0,2500.0,2500.0,2500.0,
594,Mitchell Tinsley,WR,3000.0,3000.0,3100.0,3000.0,3100.0,
595,Mo Alie-Cox,TE,2500.0,2500.0,2500.0,2500.0,2500.0,
596,Moliki Matavao,TE,2500.0,2500.0,2500.0,,2500.0,
597,Myles Price,WR,3000.0,3000.0,3000.0,3000.0,3000.0,
598,Najee Harris,RB,5000.0,4800.0,5100.0,4300.0,4000.0,
599,Nate Adkins,TE,2500.0,2500.0,2500.0,2500.0,2500.0,
600,Nathan Carter,RB,4000.0,4000.0,4000.0,4000.0,,
601,Nick Chubb,RB,5200.0,5000.0,5200.0,5100.0,5200.0,
602,Nick Kallerup,TE,2500.0,2500.0,2500.0,2500.0,2500.0,
603,Nick Mullens,QB,4300.0,4000.0,4000.0,4000.0,4000.0,4000.0
604,Nick Nash,WR,3000.0,3000.0,3000.0,3000.0,,
605,Nick Vannett,TE,2500.0,2500.0,2500.0,2500.0,2500.0,
606,Nick Westbrook,WR,3500.0,3200.0,3100.0,3000.0,3400.0,
607,Nico Collins,WR,7400.0,7300.0,7300.0,7400.0,6800.0,
608,Nikko Remigio,WR,3000.0,3000.0,3000.0,3000.0,3000.0,3000.0
609,Nikola Kalinic,TE,,2500.0,2500.0,2500.0,,
610,Noah Brown,WR,3100.0,3100.0,3000.0,3000.0,3000.0,
611,Noah Fant,TE,3900.0,3300.0,3100.0,3100.0,3100.0,
612,Noah Gray,TE,2700.0,3000.0,2800.0,2700.0,2800.0,2800.0
613,Nyheim Hines,RB,4000.0,4000.0,,,,
614,Olamide Zaccheaus,WR,3600.0,3600.0,3400.0,3600.0,,
615,Ollie Gordon,RB,4200.0,4400.0,4300.0,4500.0,4800.0,
616,Omarion Hampton,RB,6000.0,5800.0,5600.0,5900.0,6500.0,
617,Oronde Gadsden,TE,2700.0,2700.0,2500.0,2600.0,2700.0,
618,Packers,DST,2900.0,2900.0,3700.0,3400.0,,
619,Panthers,DST,2400.0,2300.0,2500.0,2500.0,2500.0,
620,Parker Washington,WR,3800.0,3300.0,3500.0,3700.0,3600.0,3600.0
621,Pat Bryant,WR,3400.0,3200.0,3100.0,3000.0,3000.0,
622,Pat Freiermuth,TE,3200.0,3400.0,3100.0,2800.0,,
623,Patrick Herbert,TE,2500.0,2500.0,2500.0,2500.0,2500.0,2500.0
624,Patrick Mahomes,QB,5900.0,6200.0,6500.0,6000.0,6600.0,6600.0
625,Patrick Murtagh,TE,,2500.0,2500.0,2500.0,2500.0,
626,Patrick Ricard,RB,4000.0,4000.0,4000.0,4000.0,4000.0,
627,Patrick Taylor Jr.,RB,4000.0,4000.0,4000.0,4000.0,4000.0,
628,Patriots,DST,3100.0,2800.0,2600.0,3100.0,2400.0,
629,Payne Durham,TE,2600.0,2500.0,2800.0,2500.0,2500.0,
630,Phil Mafah,RB,4200.0,4000.0,4000.0,4000.0,4000.0,
631,Phillip Dorsett II,WR,,3000.0,3000.0,3000.0,3000.0,
632,Pierre Strong,RB,4400.0,,4000.0,4000.0,,
633,Princeton Fant,TE,2500.0,2500.0,2500.0,2500.0,2500.0,
634,Puka Nacua,WR,7600.0,7600.0,7700.0,7900.0,8400.0,
635,Qadir Ismail,TE,,2500.0,2500.0,,,
636,Quentin Johnston,WR,4300.0,5400.0,5400.0,5500.0,5700.0,
637,Quentin Skinner,WR,3000.0,3000.0,3000.0,3000.0,3000.0,
638,Quez Watkins,WR,,,,,3000.0,3000.0
639,Quinn Ewers,QB,4000.0,4000.0,4000.0,4000.0,4000.0,
640,Quinshon Judkins,RB,5100.0,5100.0,5000.0,5500.0,5800.0,
641,Quintez Cephus,WR,,,,,3000.0,
642,Quintin Morris,TE,2500.0,2500.0,2500.0,2500.0,2500.0,2500.0
643,RJ Harvey,RB,5800.0,5300.0,4700.0,4800.0,4500.0,
644,Rachaad White,RB,5100.0,4700.0,5100.0,4900.0,4700.0,
645,Raheem Blackshear,RB,,,,,4000.0,
646,Raheem Mostert,RB,5000.0,4500.0,4900.0,4000.0,4200.0,
647,Raheim Sanders,RB,4000.0,4100.0,4000.0,4000.0,4000.0,
648,Raiders,DST,2600.0,2600.0,2300.0,2600.0,2600.0,
649,Rakim Jarrett,WR,,,3000.0,,,
650,Rams,DST,3400.0,3100.0,2400.0,2900.0,3100.0,
651,Rashee Rice,WR,6000.0,3000.0,3000.0,3000.0,3000.0,3000.0
652,Rasheen Ali,RB,4000.0,4000.0,4000.0,4000.0,4000.0,
653,Rashid Shaheed,WR,4600.0,4500.0,4600.0,4600.0,4500.0,
654,Rashod Bateman,WR,4700.0,4600.0,4500.0,4800.0,4500.0,
655,Ravens,DST,2700.0,3700.0,3200.0,2700.0,3400.0,
656,Ray Davis,RB,4200.0,4400.0,4100.0,4000.0,4000.0,
657,Ray-Ray McCloud,WR,3700.0,4000.0,3900.0,3700.0,,
658,Reggie Gilliam,RB,4000.0,4000.0,4000.0,4000.0,4000.0,
659,Rhamondre Stevenson,RB,5400.0,5000.0,5300.0,5100.0,4800.0,
660,Ricky Pearsall,WR,4500.0,5300.0,5500.0,5700.0,5500.0,
661,Ricky White III,WR,3000.0,3000.0,3000.0,3000.0,3000.0,
662,Rico Dowdle,RB,5000.0,4500.0,4700.0,4500.0,4300.0,
663,Riley Leonard,QB,4100.0,4000.0,4000.0,4000.0,4000.0,
664,Rivaldo Fairweather,TE,2500.0,2500.0,2500.0,2500.0,2500.0,
665,Robbie Chosen,WR,3000.0,3000.0,,,,
666,Robbie Ouzts,RB,4000.0,4000.0,4000.0,4000.0,4000.0,
667,Robert Tonyan,TE,2500.0,2500.0,2500.0,2500.0,2500.0,2500.0
668,Robert Woods,WR,3400.0,,,,,
669,Roman Wilson,WR,3000.0,3000.0,3000.0,3000.0,,
670,Rome Odunze,WR,5100.0,4800.0,5300.0,6300.0,,
671,Romeo Doubs,WR,4300.0,4300.0,4800.0,4500.0,,
672,Rondale Moore,WR,3000.0,3000.0,3000.0,3000.0,3000.0,
673,Ronnie Bell,WR,3000.0,3000.0,3000.0,3000.0,3000.0,
674,Ronnie Rivers,RB,4000.0,4000.0,4000.0,4000.0,4000.0,
675,Roschon Johnson,RB,4200.0,4900.0,4000.0,4000.0,,
676,Ross Dwelley,TE,,,,2500.0,2500.0,
677,Russell Gage Jr.,WR,,3100.0,3000.0,3000.0,3000.0,
678,Russell Wilson,QB,5000.0,5100.0,5300.0,5000.0,4000.0,4700.0
679,Ryan Flournoy,WR,3000.0,3000.0,3000.0,3000.0,3100.0,
680,Ryan Miller,WR,3000.0,3000.0,3000.0,3100.0,3000.0,
681,Saints,DST,2400.0,2500.0,2300.0,2000.0,2200.0,
682,Sal Cannella,TE,2500.0,2500.0,2500.0,2500.0,2500.0,
683,Salvon Ahmed,RB,4000.0,4000.0,4000.0,4000.0,4000.0,
684,Sam Darnold,QB,5300.0,5000.0,5100.0,5000.0,5100.0,
685,Sam Ehlinger,QB,4000.0,4000.0,4000.0,4000.0,4000.0,
686,Sam Hartman,QB,4000.0,4000.0,4000.0,4000.0,4000.0,
687,Sam Howell,QB,4000.0,4000.0,4000.0,4000.0,4000.0,4000.0
688,Sam LaPorta,TE,5000.0,4800.0,4500.0,4400.0,4200.0,
689,Samaje Perine,RB,4100.0,4300.0,4000.0,4000.0,4100.0,
690,Saquon Barkley,RB,8200.0,8000.0,7800.0,7600.0,7500.0,7600.0
691,Savion Williams,WR,3300.0,3100.0,3300.0,3000.0,,
692,Scott Matlock,RB,4000.0,4000.0,4000.0,4000.0,4000.0,
693,Scotty Miller,WR,3000.0,3000.0,3000.0,3000.0,,
694,Seahawks,DST,2500.0,2700.0,3600.0,2800.0,2800.0,
695,Sean Clifford,QB,,,,4000.0,4000.0,
696,Sean McKeon,TE,2500.0,2500.0,2500.0,2500.0,2500.0,
697,Sean Tucker,RB,4000.0,4000.0,4000.0,4000.0,4000.0,
698,Seth Henigan,QB,4000.0,4000.0,4000.0,4000.0,4000.0,
699,Shane Buechele,QB,4000.0,4000.0,4000.0,4000.0,4000.0,
700,Shane Zylstra,TE,2500.0,2500.0,2500.0,2500.0,2500.0,
701,Shedeur Sanders,QB,4900.0,4500.0,4300.0,4200.0,4000.0,
702,Shedrick Jackson,WR,3000.0,3000.0,3000.0,3000.0,3000.0,
703,Silas Bolden,WR,,3000.0,3000.0,,,
704,Simi Fehoko,WR,3000.0,3000.0,3000.0,3000.0,3000.0,
705,Sincere McCormick,RB,,4000.0,4000.0,4000.0,4000.0,
706,Sione Vaki,RB,4000.0,4000.0,4000.0,4000.0,4000.0,
707,Skylar Thompson,QB,4000.0,4000.0,4000.0,4000.0,,
708,Skyy Moore,WR,3100.0,3000.0,3000.0,3000.0,3000.0,
709,Spencer Rattler,QB,4800.0,4800.0,4900.0,4700.0,4800.0,
710,Steelers,DST,3300.0,3100.0,2800.0,3100.0,,
711,Stefon Diggs,WR,5300.0,5000.0,4800.0,4500.0,4800.0,
712,Stephen Carlson,TE,2500.0,2500.0,2500.0,2500.0,,
713,Stephen Gosnell,WR,3000.0,3000.0,3000.0,3000.0,3000.0,
714,Sterling Shepard,WR,3100.0,3100.0,3600.0,4000.0,3900.0,
715,Stetson Bennett IV,QB,4000.0,4000.0,4000.0,4000.0,4000.0,
716,Stone Smartt,TE,2500.0,2500.0,2500.0,2500.0,2500.0,
717,T.J. Hockenson,TE,4600.0,4300.0,3800.0,3900.0,3800.0,
718,Tahj Brooks,RB,4000.0,4000.0,4000.0,4000.0,4000.0,
719,Tahj Washington,WR,3000.0,3000.0,3000.0,3000.0,3000.0,
720,Tai Felton,WR,3200.0,3300.0,3000.0,3000.0,3000.0,
721,Tank Bigsby,RB,4600.0,4700.0,4300.0,4100.0,4000.0,4000.0
722,Tank Dell,WR,3200.0,3000.0,3000.0,3000.0,3000.0,
723,Tanner Conner,TE,2500.0,2500.0,2500.0,2500.0,2500.0,
724,Tanner Hudson,TE,2500.0,2500.0,2500.0,2500.0,2500.0,
725,Tanner McKee,QB,4100.0,4000.0,4000.0,4000.0,4000.0,4000.0
726,Tanner McLachlan,TE,2500.0,,,,,
727,Tanner Mordecai,QB,4000.0,,,,,
728,Tanner Taula,TE,2500.0,2500.0,2500.0,2500.0,2500.0,
729,Tay Martin,WR,,,,3000.0,3000.0,
730,Taysom Hill,TE,3700.0,2500.0,2500.0,2500.0,3000.0,
731,Teagan Quitoriano,TE,2500.0,2500.0,2500.0,2500.0,,
732,Teddy Bridgewater,QB,4000.0,4000.0,4600.0,4000.0,4000.0,
733,Tee Higgins,WR,6400.0,6100.0,6100.0,5800.0,5900.0,
734,Tejhaun Palmer,WR,3000.0,3000.0,3000.0,3000.0,3000.0,
735,Terrace Marshall,WR,3200.0,3000.0,3000.0,3000.0,3000.0,3000.0
736,Terrance Ferguson,TE,3200.0,2700.0,2500.0,2500.0,2500.0,
737,Terrell Jennings,RB,4000.0,4000.0,4000.0,4000.0,4000.0,
738,Terry McLaurin,WR,6200.0,5900.0,5800.0,5500.0,5800.0,
739,Tetairoa McMillan,WR,5200.0,5400.0,5900.0,5900.0,5700.0,
740,Texans,DST,2500.0,3000.0,2700.0,3400.0,2400.0,
741,Tez Johnson,WR,3000.0,3000.0,3400.0,3200.0,3100.0,
742,Thayer Thomas,WR,,3000.0,3000.0,3000.0,3000.0,
743,Theo Johnson,TE,3000.0,2900.0,3200.0,2900.0,3400.0,3800.0
744,Theo Wease Jr.,WR,3000.0,3000.0,3000.0,3000.0,3000.0,
745,Thomas Fidone II,TE,2500.0,2500.0,2500.0,2500.0,2500.0,2500.0
746,Thomas Odukoya,TE,2500.0,2500.0,2500.0,2500.0,2500.0,
747,Thomas Yassmin,TE,2500.0,2500.0,2500.0,2500.0,2500.0,
748,Tim Jones,WR,3000.0,3000.0,3000.0,3000.0,3000.0,
749,Tim Patrick,WR,3600.0,3200.0,3000.0,3000.0,3000.0,3000.0
750,Tip Reiman,TE,2500.0,2500.0,2500.0,2500.0,2500.0,
751,Titans,DST,2200.0,2400.0,2500.0,2300.0,2300.0,
752,Tom Kennedy,WR,3000.0,3000.0,3000.0,3000.0,3000.0,
753,Tommy DeVito,QB,4000.0,4000.0,4000.0,4000.0,4000.0,
754,Tommy Mellott,WR,,3000.0,3000.0,3000.0,3000.0,
755,Tommy Tremble,TE,2500.0,2500.0,2500.0,2700.0,2900.0,
756,Tony Pollard,RB,5700.0,5900.0,5700.0,5600.0,5400.0,
757,Tory Horton,WR,3000.0,3100.0,3400.0,3700.0,3600.0,
758,Traeshon Holden,WR,3000.0,3000.0,3000.0,3000.0,3000.0,
759,Travis Etienne,RB,5400.0,5700.0,5900.0,5800.0,5900.0,5900.0
760,Travis Homer,RB,4000.0,4000.0,4000.0,4000.0,,
761,Travis Hunter,WR,5000.0,5200.0,4900.0,4600.0,4600.0,4600.0
762,Travis Kelce,TE,5200.0,5000.0,5000.0,4800.0,4300.0,4300.0
763,Travis Vokolek,TE,2500.0,2500.0,2500.0,2500.0,2500.0,
764,Trayveon Williams,RB,4700.0,4000.0,,,,
765,Tre Harris,WR,3300.0,3100.0,3000.0,3000.0,3000.0,
766,Tre Tucker,WR,3100.0,3300.0,3400.0,4200.0,4700.0,
767,Tre Watson,TE,2500.0,2500.0,2500.0,2500.0,2500.0,2500.0
768,TreVeyon Henderson,RB,5500.0,5500.0,5400.0,5200.0,5300.0,
769,Trent Sherfield Sr.,WR,3000.0,3000.0,3000.0,3000.0,3000.0,
770,Trent Taylor,WR,3000.0,3000.0,3000.0,3000.0,3000.0,
771,Trevor Etienne,RB,4500.0,4000.0,4000.0,4000.0,4000.0,
772,Trevor Lawrence,QB,5300.0,5600.0,5400.0,5200.0,5100.0,5100.0
773,Trevor Siemian,QB,4000.0,4000.0,4000.0,4000.0,4000.0,
774,Trey Benson,RB,4600.0,4600.0,4500.0,5500.0,5700.0,
775,Trey Lance,QB,4300.0,4000.0,4700.0,4000.0,4000.0,
776,Trey McBride,TE,6200.0,6000.0,5700.0,5600.0,5800.0,
777,Trey Palmer,WR,3000.0,3000.0,3000.0,3000.0,3000.0,
778,Trey Sermon,RB,4000.0,4000.0,4000.0,4000.0,,
779,Treylon Burks,WR,3200.0,3000.0,3000.0,3000.0,3000.0,
780,Treyton Welch,TE,2500.0,2500.0,2500.0,2500.0,2500.0,
781,Trishton Jackson,WR,3000.0,3000.0,3000.0,3000.0,,
782,Troy Franklin,WR,3500.0,3700.0,4000.0,4100.0,4000.0,
783,Tru Edwards,WR,3000.0,3000.0,3000.0,3000.0,3000.0,
784,Tua Tagovailoa,QB,5800.0,5300.0,5400.0,5200.0,5500.0,
785,Tucker Fisk,TE,2500.0,2500.0,2500.0,2500.0,2500.0,
786,Tucker Kraft,TE,4000.0,3700.0,4700.0,4700.0,,
787,Tutu Atwell,WR,3600.0,3500.0,3200.0,3000.0,3200.0,
788,Ty Chandler,RB,4000.0,4000.0,4000.0,4000.0,4000.0,
789,Ty Johnson,RB,4000.0,4200.0,4000.0,4000.0,4000.0,
790,Tyjae Spears,RB,4700.0,4000.0,4000.0,4000.0,4400.0,
791,Tylan Wallace,WR,3000.0,3000.0,3100.0,3200.0,3000.0,
792,Tyler Allgeier,RB,5000.0,4400.0,4700.0,4700.0,,
793,Tyler Badie,RB,4000.0,4100.0,4000.0,4000.0,4000.0,
794,Tyler Conklin,TE,3100.0,2900.0,2800.0,2700.0,2600.0,
795,Tyler Goodson,RB,4000.0,4000.0,4000.0,4000.0,4000.0,
796,Tyler Higbee,TE,3400.0,3100.0,2900.0,2800.0,2900.0,
797,Tyler Huntley,QB,4000.0,4000.0,4000.0,4300.0,4300.0,
798,Tyler Johnson,WR,3000.0,3200.0,3000.0,3000.0,3300.0,
799,Tyler Kahmann,WR,3000.0,,,,,
800,Tyler Lockett,WR,4000.0,3900.0,3600.0,3500.0,3400.0,
801,Tyler Ott,TE,2500.0,2500.0,2500.0,2500.0,2500.0,
802,Tyler Scott,WR,3000.0,3000.0,3000.0,3000.0,,
803,Tyler Shough,QB,4800.0,4300.0,4400.0,4200.0,4300.0,
804,Tyler Warren,TE,4400.0,4500.0,4400.0,4600.0,4700.0,
805,Tyquan Thornton,WR,3100.0,3600.0,3900.0,4000.0,4200.0,4200.0
806,Tyree Jackson,TE,2500.0,2500.0,2500.0,2500.0,2500.0,
807,Tyreek Hill,WR,6700.0,6400.0,6700.0,6500.0,6400.0,
808,Tyrell Shavers,WR,3000.0,3000.0,3000.0,3000.0,3000.0,
809,Tyrod Taylor,QB,4400.0,4000.0,4800.0,4800.0,4600.0,
810,Tyrone Broden,WR,3000.0,3000.0,3000.0,3000.0,3000.0,
811,Tyrone Tracy,RB,5600.0,5300.0,5100.0,5000.0,5000.0,5000.0
812,Tyson Bagent,QB,4000.0,4400.0,4000.0,4000.0,,
813,Ulysses Bentley IV,RB,4000.0,4000.0,4000.0,4000.0,4000.0,
814,Van Jefferson,WR,3400.0,3100.0,3000.0,3000.0,3000.0,
815,Velus Jones Jr.,RB,4000.0,4000.0,4000.0,4000.0,4000.0,
816,Vikings,DST,3200.0,3300.0,3400.0,3300.0,3800.0,
817,Wan'Dale Robinson,WR,4500.0,4400.0,4700.0,5000.0,5300.0,5100.0
818,Wesley Steiner,RB,4000.0,,,,,
819,Will Dissly,TE,2900.0,2700.0,2900.0,2900.0,2900.0,
820,Will Grier,QB,4000.0,4000.0,4000.0,4000.0,4000.0,
821,Will Howard,QB,4000.0,4000.0,4000.0,4000.0,,
822,Will Levis,QB,4000.0,4000.0,4000.0,4000.0,4000.0,
823,Will Mallory,TE,2500.0,2500.0,2500.0,2500.0,2500.0,
824,Will Sheppard,WR,3000.0,3000.0,3000.0,3000.0,,
825,Will Shipley,RB,4200.0,4400.0,4300.0,4300.0,4000.0,4000.0
826,William Wagner,TE,2500.0,2500.0,2500.0,2500.0,2500.0,
827,Woody Marks,RB,5200.0,4500.0,4400.0,4400.0,5400.0,
828,Xavier Gipson,WR,3000.0,3000.0,3000.0,,3000.0,3000.0
829,Xavier Hutchinson,WR,3000.0,3200.0,3500.0,3400.0,3300.0,
830,Xavier Legette,WR,4200.0,3900.0,3600.0,3500.0,3500.0,
831,Xavier Restrepo,WR,3300.0,3000.0,3000.0,3000.0,3000.0,
832,Xavier Smith,WR,3000.0,3000.0,3000.0,3000.0,3000.0,
833,Xavier Weaver,WR,3000.0,3000.0,3000.0,3000.0,3000.0,
834,Xavier Worthy,WR,5500.0,5700.0,5800.0,5800.0,5800.0,5800.0
835,Xazavian Valladay,RB,4000.0,4000.0,4000.0,4000.0,,
836,Zach Charbonnet,RB,4900.0,5100.0,4800.0,4800.0,5300.0,
837,Zach Ertz,TE,4100.0,3900.0,4200.0,4100.0,3800.0,
838,Zach Horton,TE,2500.0,2500.0,2500.0,2500.0,2500.0,
839,Zach Wilson,QB,4300.0,4000.0,4000.0,4200.0,4500.0,
840,Zach Wood,TE,2500.0,2500.0,2500.0,2500.0,2500.0,
841,Zaire Mitchell-Paden,TE,2500.0,2500.0,2500.0,2500.0,2500.0,
842,Zamir White,RB,4000.0,4000.0,4200.0,4100.0,4000.0,
843,Zavier Scott,RB,4000.0,4000.0,4000.0,4200.0,4400.0,
844,Zay Flowers,WR,5700.0,6200.0,6400.0,6700.0,6200.0,
845,Zay Jones,WR,3300.0,3200.0,3000.0,3000.0,3000.0,
846,Zonovan Knight,RB,4000.0,4000.0,4000.0,4000.0,4000.0,
