,Week,Team,Opp,OU,Spread,Implied
0,5,DET,ARI,54.5,-4.5,29.5
1,5,LAR,BUF,54.5,-2.5,28.5
2,5,DAL,TAM,47.5,-8.5,28.0
3,5,BUF,LAR,54.5,2.5,26.0
4,5,SEA,SFO,47.5,-3.0,25.25
5,5,ARI,DET,54.5,4.5,25.0
6,5,CIN,MIA,42.5,-7.0,24.75
7,5,NWE,LVR,45.5,-3.5,24.5
8,5,JAX,PHI,42.5,-6.5,24.5
9,5,CHI,GNB,45.5,-3.0,24.25
10,5,PIT,IND,44.5,-2.5,23.5
11,5,ATL,BAL,43.5,-3.0,23.25
12,5,WAS,NYG,43.5,-3.0,23.25
13,5,DEN,LAC,42.5,-3.5,23.0
14,5,HOU,TEN,38.5,-6.5,22.5
15,5,SFO,SEA,47.5,3.0,22.25
16,5,MIN,NOR,42.5,-1.5,22.0
17,5,GNB,CHI,45.5,3.0,21.25
18,5,NYJ,CLE,39.5,-2.5,21.0
19,5,LVR,NWE,45.5,3.5,21.0
20,5,IND,PIT,44.5,2.5,21.0
21,5,NOR,MIN,42.5,1.5,20.5
22,5,BAL,ATL,43.5,3.0,20.25
23,5,NYG,WAS,43.5,3.0,20.25
24,5,LAC,DEN,42.5,3.5,19.5
25,5,TAM,DAL,47.5,8.5,19.5
26,5,CLE,NYJ,39.5,2.5,18.5
27,5,PHI,JAX,42.5,6.5,18.0
28,5,MIA,CIN,42.5,7.0,17.75
29,5,TEN,HOU,38.5,6.5,16.0
