,Player,Pos,Team,Opp,Sal,Projection,Value,MainSlate,Ceiling100,LastUpdate
0,Jahmyr Gibbs,RB,DET,@ARI,9800.0,28.3938,2.8973265306122444,Y,140.0,2026-10-09 01:46:07 PM
1,Bijan Robinson,RB,ATL,BAL,,24.0774,,N,140.0,2026-10-09 01:46:07 PM
2,Josh Allen,QB,BUF,@LA,,24.582,,N,140.0,2026-10-09 01:46:07 PM
3,Puka Nacua,WR,LA,BUF,,23.6066,,N,140.0,2026-10-09 01:46:07 PM
4,Matthew Stafford,QB,LA,BUF,,21.79508,,N,140.0,2026-10-09 01:46:07 PM
5,Dak Prescott,QB,DAL,TB,,22.017180000000003,,N,140.0,2026-10-09 01:46:07 PM
6,Jared Goff,QB,DET,@ARI,6600.0,21.44688,3.249527272727273,Y,136.0,2026-10-09 01:46:07 PM
7,Jaxon Smith-Njigba,WR,SEA,SF,8800.0,21.1283,2.4009431818181817,Y,140.0,2026-10-09 01:46:07 PM
8,Amon-Ra St. Brown,WR,DET,@ARI,7900.0,20.845,2.6386075949367087,Y,140.0,2026-10-09 01:46:07 PM
9,CeeDee Lamb,WR,DAL,TB,,20.3482,,N,140.0,2026-10-09 01:46:07 PM
10,Jacoby Brissett,QB,ARI,DET,5500.0,20.13058,3.6601054545454543,Y,125.0,2026-10-09 01:46:07 PM
11,Trey McBride,TE,ARI,DET,6700.0,20.3986,3.044567164179105,Y,140.0,2026-10-09 01:46:07 PM
12,Kyren Williams,RB,LA,BUF,,20.119100000000003,,N,131.0,2026-10-09 01:46:07 PM
13,Christian McCaffrey,RB,SF,@SEA,8200.0,19.7842,2.4127073170731705,Y,130.0,2026-10-09 01:46:07 PM
14,Drake Maye,QB,NE,LV,6300.0,19.66268,3.121060317460317,Y,122.0,2026-10-09 01:46:07 PM
15,D'Andre Swift,RB,CHI,@GB,6200.0,18.5306,2.988806451612903,Y,128.0,2026-10-09 01:46:07 PM
16,Jonathan Taylor,RB,IND,@PIT,7800.0,19.3168,2.476512820512821,Y,127.0,2026-10-09 01:46:07 PM
17,Chase Brown,RB,CIN,@MIA,6900.0,18.6288,2.6998260869565214,Y,126.0,2026-10-09 01:46:07 PM
18,Ja'Marr Chase,WR,CIN,@MIA,8100.0,13.579999999999998,1.6765432098765432,Y,140.0,2026-10-09 01:46:07 PM
19,Brock Purdy,QB,SF,@SEA,6500.0,18.37122,2.8263415384615382,Y,110.0,2026-10-09 01:46:07 PM
20,Javonte Williams,RB,DAL,TB,,18.6094,,N,125.0,2026-10-09 01:46:07 PM
21,Trevor Lawrence,QB,JAX,PHI,,18.59064,,N,111.0,2026-10-09 01:46:07 PM
22,Aaron Jones,RB,MIN,@NO,6500.0,18.4218,2.834123076923077,Y,121.0,2026-10-09 01:46:07 PM
23,Jayden Daniels,QB,WAS,NYG,6000.0,18.3215,3.053583333333333,Y,106.0,2026-10-09 01:46:07 PM
24,Jalon Daniels,QB,TB,@DAL,,18.067,,N,104.0,2026-10-09 01:46:07 PM
25,Joe Burrow,QB,CIN,@MIA,6900.0,18.07002,2.618843478260869,Y,106.0,2026-10-09 01:46:07 PM
26,Brock Bowers,TE,LV,@NE,7000.0,17.7516,2.535942857142857,Y,140.0,2026-10-09 01:46:07 PM
27,Drake London,WR,ATL,BAL,,17.5933,,N,132.0,2026-10-09 01:46:07 PM
28,Bo Nix,QB,DEN,@LAC,5600.0,17.38118,3.1037821428571437,Y,101.0,2026-10-09 01:46:07 PM
29,C.J. Stroud,QB,HOU,@TEN,5900.0,17.38214,2.9461254237288133,Y,101.0,2026-10-09 01:46:07 PM
30,Tyler Shough,QB,NO,MIN,6100.0,17.50056,2.868944262295082,Y,102.0,2026-10-09 01:46:07 PM
31,Jordan Love,QB,GB,CHI,5700.0,17.24526,3.025484210526316,Y,102.0,2026-10-09 01:46:07 PM
32,Ashton Jeanty,RB,LV,@NE,7200.0,17.589,2.442916666666666,Y,116.0,2026-10-09 01:46:07 PM
33,Davante Adams,WR,LA,BUF,,17.1157,,N,132.0,2026-10-09 01:46:07 PM
34,Justin Jefferson,WR,MIN,@NO,7300.0,17.2225,2.359246575342466,Y,129.0,2026-10-09 01:46:07 PM
35,Tyson Bagent,QB,CHI,@GB,4700.0,16.83306,3.5815021276595744,Y,97.0,2026-10-09 01:46:07 PM
36,Kyler Murray,QB,MIN,@NO,5200.0,16.98064,3.2655076923076924,Y,96.0,2026-10-09 01:46:07 PM
37,Braelon Allen,RB,NYJ,CLE,5400.0,16.957,3.140185185185185,Y,116.0,2026-10-09 01:46:07 PM
38,Sam Darnold,QB,SEA,SF,5800.0,16.99962,2.9309689655172413,Y,98.0,2026-10-09 01:46:07 PM
39,Michael Wilson,WR,ARI,DET,6200.0,16.8055,2.710564516129032,Y,128.0,2026-10-09 01:46:07 PM
40,Chris Olave,WR,NO,MIN,7700.0,17.063399999999998,2.216025974025974,Y,128.0,2026-10-09 01:46:07 PM
41,Nico Collins,WR,HOU,@TEN,7500.0,17.000500000000002,2.2667333333333337,Y,128.0,2026-10-09 01:46:07 PM
42,Garrett Wilson,WR,NYJ,CLE,6600.0,16.8409,2.551651515151516,Y,127.0,2026-10-09 01:46:07 PM
43,James Cook,RB,BUF,@LA,,16.3193,,N,115.0,2026-10-09 01:46:07 PM
44,Deshaun Watson,QB,CLE,@NYJ,5100.0,16.503700000000002,3.236019607843138,Y,91.0,2026-10-09 01:46:07 PM
45,Aaron Rodgers,QB,PIT,IND,5300.0,16.122639999999997,3.0420075471698107,Y,90.0,2026-10-09 01:46:07 PM
46,Justin Herbert,QB,LAC,DEN,5100.0,16.12498,3.1617607843137256,Y,87.0,2026-10-09 01:46:07 PM
47,Derrick Henry,RB,BAL,@ATL,,16.3372,,N,111.0,2026-10-09 01:46:07 PM
48,George Pickens,WR,DAL,TB,,15.598,,N,124.0,2026-10-09 01:46:07 PM
49,Tyler Huntley,QB,BAL,@ATL,,15.49,,N,86.0,2026-10-09 01:46:07 PM
50,Jalen Hurts,QB,PHI,JAX,,16.09744,,N,83.0,2026-10-09 01:46:07 PM
51,Jaylen Warren,RB,PIT,IND,6700.0,15.71,2.344776119402985,Y,109.0,2026-10-09 01:46:07 PM
52,Zay Flowers,WR,BAL,@ATL,,15.0552,,N,119.0,2026-10-09 01:46:07 PM
53,Emanuel Wilson,RB,SEA,SF,5300.0,15.2009,2.8680943396226413,Y,108.0,2026-10-09 01:46:07 PM
54,Michael Penix Jr.,QB,ATL,BAL,,15.01128,,N,79.0,2026-10-09 01:46:07 PM
55,Malik Willis,QB,MIA,CIN,4600.0,15.457719999999998,3.360373913043478,Y,79.0,2026-10-09 01:46:07 PM
56,Kirk Cousins,QB,LV,@NE,5400.0,14.93012,2.7648370370370365,Y,78.0,2026-10-09 01:46:07 PM
57,Bhayshul Tuten,RB,JAX,PHI,,14.4172,,N,105.0,2026-10-09 01:46:07 PM
58,Parker Washington,WR,JAX,PHI,,14.5722,,N,114.0,2026-10-09 01:46:07 PM
59,Geno Smith,QB,NYJ,CLE,5000.0,14.51566,2.903132,Y,73.0,2026-10-09 01:46:07 PM
60,Daniel Jones,QB,IND,@PIT,5000.0,14.298799999999998,2.85976,Y,71.0,2026-10-09 01:46:07 PM
61,Quinshon Judkins,RB,CLE,@NYJ,5700.0,14.0133,2.4584736842105266,Y,101.0,2026-10-09 01:46:07 PM
62,Matthew Golden,WR,GB,CHI,5700.0,13.6809,2.400157894736842,Y,110.0,2026-10-09 01:46:07 PM
63,Cam Skattebo,RB,NYG,@WAS,6000.0,13.5316,2.255266666666667,Y,100.0,2026-10-09 01:46:07 PM
64,George Kittle,TE,SF,@SEA,5200.0,13.5824,2.612,Y,125.0,2026-10-09 01:46:07 PM
65,Malik Nabers,WR,NYG,@WAS,6300.0,13.5353,2.1484603174603176,Y,108.0,2026-10-09 01:46:07 PM
66,DK Metcalf,WR,PIT,IND,5400.0,13.548199999999998,2.5089259259259253,Y,109.0,2026-10-09 01:46:07 PM
67,Jameis Winston,QB,NYG,@WAS,4800.0,13.52622,2.8179625,Y,66.0,2026-10-09 01:46:07 PM
68,Christian Watson,WR,GB,CHI,6400.0,13.5753,2.121140625,Y,108.0,2026-10-09 01:46:07 PM
69,Sam LaPorta,TE,DET,@ARI,4900.0,13.312399999999998,2.716816326530612,Y,122.0,2026-10-09 01:46:07 PM
70,Jaylen Waddle,WR,DEN,@LAC,6100.0,13.3136,2.1825573770491804,Y,105.0,2026-10-09 01:46:07 PM
71,Mike Evans,WR,SF,@SEA,6500.0,12.6907,1.9524153846153849,Y,105.0,2026-10-09 01:46:07 PM
72,Jeremiyah Love,RB,ARI,DET,6100.0,12.8951,2.113950819672131,Y,94.0,2026-10-09 01:46:07 PM
73,Dalton Kincaid,TE,BUF,@LA,,12.6013,,N,119.0,2026-10-09 01:46:07 PM
74,Jameson Williams,WR,DET,@ARI,5900.0,12.5252,2.122915254237288,Y,105.0,2026-10-09 01:46:07 PM
75,Cam Ward,QB,TEN,HOU,4900.0,12.93294,2.639375510204081,Y,60.0,2026-10-09 01:46:07 PM
76,Carnell Tate,WR,TEN,HOU,5300.0,12.6883,2.394018867924528,Y,101.0,2026-10-09 01:46:07 PM
77,Malik Washington,WR,MIA,CIN,4600.0,12.6525,2.750543478260869,Y,100.0,2026-10-09 01:46:07 PM
78,Luther Burden,WR,CHI,@GB,4900.0,12.4577,2.5423877551020406,Y,101.0,2026-10-09 01:46:07 PM
79,Rhamondre Stevenson,RB,NE,LV,5500.0,13.018299999999998,2.366963636363636,Y,94.0,2026-10-09 01:46:07 PM
80,Khalil Shakir,WR,BUF,@LA,,12.2462,,N,98.0,2026-10-09 01:46:07 PM
81,Tyler Warren,TE,IND,@PIT,5000.0,12.4722,2.49444,Y,110.0,2026-10-09 01:46:07 PM
82,Tucker Kraft,TE,GB,CHI,4700.0,12.097799999999998,2.5739999999999994,Y,112.0,2026-10-09 01:46:07 PM
83,Romeo Doubs,WR,NE,LV,5000.0,12.359699999999998,2.47194,Y,99.0,2026-10-09 01:46:07 PM
84,Josh Downs,WR,IND,@PIT,6000.0,12.048199999999998,2.008033333333333,Y,95.0,2026-10-09 01:46:07 PM
85,Isaiah Likely,TE,NYG,@WAS,4300.0,11.713299999999998,2.724023255813953,Y,108.0,2026-10-09 01:46:07 PM
86,Dallas Goedert,TE,PHI,JAX,,12.093,,N,106.0,2026-10-09 01:46:07 PM
87,Alvin Kamara,RB,NO,MIN,5400.0,12.0619,2.2336851851851853,Y,88.0,2026-10-09 01:46:07 PM
88,Bucky Irving,RB,TB,@DAL,,11.6354,,N,89.0,2026-10-09 01:46:07 PM
89,Terry McLaurin,WR,WAS,NYG,5300.0,8.26,1.558490566037736,Y,98.0,2026-10-09 01:46:07 PM
90,Ollie Gordon,RB,MIA,CIN,5300.0,11.2949,2.1311132075471697,Y,88.0,2026-10-09 01:46:07 PM
91,David Montgomery,RB,HOU,@TEN,5800.0,11.3627,1.959086206896552,Y,90.0,2026-10-09 01:46:07 PM
92,Tre Harris,WR,LAC,DEN,4100.0,11.78,2.873170731707317,Y,94.0,2026-10-09 01:46:07 PM
93,RJ Harvey,RB,DEN,@LAC,5200.0,11.514,2.214230769230769,Y,88.0,2026-10-09 01:46:07 PM
94,KC Concepcion,WR,CLE,@NYJ,4200.0,10.945200000000002,2.6060000000000003,Y,92.0,2026-10-09 01:46:07 PM
95,TreVeyon Henderson,RB,NE,LV,5000.0,10.86,2.172,Y,89.0,2026-10-09 01:46:07 PM
96,Denzel Boston,WR,CLE,@NYJ,5200.0,10.7181,2.061173076923077,Y,93.0,2026-10-09 01:46:07 PM
97,Deebo Samuel,WR,SF,@SEA,5500.0,10.5739,1.9225272727272729,Y,90.0,2026-10-09 01:46:07 PM
98,Tony Pollard,RB,TEN,HOU,5600.0,10.895499999999998,1.945625,Y,85.0,2026-10-09 01:46:07 PM
99,Jacory Croskey-Merritt,RB,WAS,NYG,4900.0,10.3006,2.102163265306122,Y,87.0,2026-10-09 01:46:07 PM
100,Quentin Johnston,WR,LAC,DEN,5100.0,11.07,2.170588235294118,Y,90.0,2026-10-09 01:46:07 PM
101,Harold Fannin,TE,CLE,@NYJ,4400.0,10.5589,2.39975,Y,99.0,2026-10-09 01:46:07 PM
102,Jordan Addison,WR,MIN,@NO,5800.0,10.22,1.7620689655172412,Y,89.0,2026-10-09 01:46:07 PM
103,MarShawn Lloyd,RB,GB,CHI,4800.0,9.4889,1.976854166666667,Y,82.0,2026-10-09 01:46:07 PM
104,Colston Loveland,TE,CHI,@GB,4600.0,10.0167,2.1775434782608696,Y,97.0,2026-10-09 01:46:07 PM
105,JK Dobbins,RB,DEN,@LAC,5000.0,10.2285,2.0457,Y,83.0,2026-10-09 01:46:07 PM
106,Jakobi Meyers,WR,JAX,PHI,,10.1786,,N,87.0,2026-10-09 01:46:07 PM
107,Devaughn Vele,WR,NO,MIN,5200.0,10.248,1.9707692307692304,Y,86.0,2026-10-09 01:46:07 PM
108,Brandon Aubrey,K,DAL,TB,,10.65,,N,140.0,2026-10-09 01:46:07 PM
109,Will Shipley,RB,PHI,JAX,,10.2169,,N,80.0,2026-10-09 01:46:07 PM
110,Keon Coleman,WR,BUF,@LA,,9.8324,,N,86.0,2026-10-09 01:46:07 PM
111,Courtland Sutton,WR,DEN,@LAC,4600.0,9.8103,2.132673913043478,Y,86.0,2026-10-09 01:46:07 PM
112,TJ Hockenson,TE,MIN,@NO,4800.0,10.0098,2.085375,Y,93.0,2026-10-09 01:46:07 PM
113,Kenyon Sadiq,TE,NYJ,CLE,3800.0,9.9003,2.605342105263158,Y,93.0,2026-10-09 01:46:07 PM
114,Dontayvion Wicks,WR,PHI,JAX,,10.2968,,N,84.0,2026-10-09 01:46:07 PM
115,Jake Bates,K,DET,@ARI,,10.16,,N,134.0,2026-10-09 01:46:07 PM
116,Mark Andrews,TE,BAL,@ATL,,9.3942,,N,90.0,2026-10-09 01:46:07 PM
117,Rome Odunze,WR,CHI,@GB,4700.0,9.7163,2.0672978723404256,Y,85.0,2026-10-09 01:46:07 PM
118,Emeka Egbuka,WR,TB,@DAL,,9.6836,,N,84.0,2026-10-09 01:46:07 PM
119,Ka'imi Fairbairn,K,HOU,@TEN,,10.09,,N,138.0,2026-10-09 01:46:07 PM
120,Cam Little,K,JAX,PHI,,9.14,,N,132.0,2026-10-09 01:46:07 PM
121,Oronde Gadsden,TE,LAC,DEN,3600.0,9.32,2.588888888888889,Y,89.0,2026-10-09 01:46:07 PM
122,Juwan Johnson,TE,NO,MIN,4500.0,9.8606,2.191244444444445,Y,89.0,2026-10-09 01:46:07 PM
123,Dalton Schultz,TE,HOU,@TEN,4000.0,9.4958,2.37395,Y,89.0,2026-10-09 01:46:07 PM
124,Chad Ryland,K,ARI,DET,,9.7,,N,127.0,2026-10-09 01:46:07 PM
125,Tre Tucker,WR,LV,@NE,4800.0,9.474200000000002,1.973791666666667,Y,81.0,2026-10-09 01:46:07 PM
126,Keaton Mitchell,RB,LAC,DEN,4500.0,8.4712,1.8824888888888889,Y,77.0,2026-10-09 01:46:07 PM
127,Wan'Dale Robinson,WR,TEN,HOU,4500.0,9.2252,2.050044444444444,Y,77.0,2026-10-09 01:46:07 PM
128,Evan McPherson,K,CIN,@MIA,,9.29,,N,116.0,2026-10-09 01:46:07 PM
129,Jason Myers,K,SEA,SF,,9.52,,N,118.0,2026-10-09 01:46:07 PM
130,Harrison Mevis,K,LA,BUF,,8.72,,N,101.0,2026-10-09 01:46:07 PM
131,Mike Gesicki,TE,CIN,@MIA,4100.0,9.61,2.34390243902439,Y,89.0,2026-10-09 01:46:07 PM
132,Ryan Flournoy,WR,DAL,TB,,8.7964,,N,80.0,2026-10-09 01:46:07 PM
133,HOU DST,DST,HOU,@TEN,,9.39,,N,140.0,2026-10-09 01:46:07 PM
134,Nick Folk,K,ATL,BAL,,9.47,,N,108.0,2026-10-09 01:46:07 PM
135,Wil Lutz,K,DEN,@LAC,,9.4,,N,113.0,2026-10-09 01:46:07 PM
136,Will Reichard,K,MIN,@NO,,8.9,,N,118.0,2026-10-09 01:46:07 PM
137,Keenan Allen,WR,IND,@PIT,4300.0,8.823500000000001,2.051976744186047,Y,78.0,2026-10-09 01:46:07 PM
138,Tyler Bass,K,BUF,@LA,,8.78,,N,101.0,2026-10-09 01:46:07 PM
139,Andy Borregales,K,NE,LV,,8.4,,N,94.0,2026-10-09 01:46:07 PM
140,Jason Sanders,K,NYJ,CLE,,9.39,,N,103.0,2026-10-09 01:46:07 PM
141,Eddy Pineiro,K,SF,@SEA,,8.83,,N,101.0,2026-10-09 01:46:07 PM
142,Drew Stevens,K,WAS,NYG,,9.23,,N,99.0,2026-10-09 01:46:07 PM
143,Brenton Strange,TE,JAX,PHI,,9.149400000000002,,N,84.0,2026-10-09 01:46:07 PM
144,Omarion Hampton,RB,LAC,DEN,6000.0,8.5785,1.42975,Y,75.0,2026-10-09 01:46:07 PM
145,Hunter Henry,TE,NE,LV,3700.0,8.864099999999999,2.3957027027027022,Y,86.0,2026-10-09 01:46:07 PM
146,Matt Gay,K,LV,@NE,,8.46,,N,104.0,2026-10-09 01:46:07 PM
147,Roman Wilson,WR,PIT,IND,3700.0,9.069,2.451081081081081,Y,78.0,2026-10-09 01:46:07 PM
148,Spencer Shrader,K,IND,@PIT,,8.23,,N,98.0,2026-10-09 01:46:07 PM
149,Cameron Dicker,K,LAC,DEN,,9.04,,N,100.0,2026-10-09 01:46:07 PM
150,Chris Boswell,K,PIT,IND,,9.01,,N,91.0,2026-10-09 01:46:07 PM
151,Marvin Harrison Jr.,WR,ARI,DET,4400.0,8.2174,1.8675909090909089,Y,78.0,2026-10-09 01:46:07 PM
152,Makai Lemon,WR,PHI,JAX,,8.2166,,N,74.0,2026-10-09 01:46:07 PM
153,Andre Szmyt,K,CLE,@NYJ,,8.1,,N,96.0,2026-10-09 01:46:07 PM
154,Daniel Carlson,K,NO,MIN,,9.079999999999998,,N,92.0,2026-10-09 01:46:07 PM
155,Chris Godwin,WR,TB,@DAL,,8.355599999999999,,N,74.0,2026-10-09 01:46:07 PM
156,JAX DST,DST,JAX,PHI,,8.21,,N,122.0,2026-10-09 01:46:07 PM
157,Tyler Loop,K,BAL,@ATL,,8.97,,N,86.0,2026-10-09 01:46:07 PM
158,Cairo Santos,K,CHI,@GB,,8.16,,N,83.0,2026-10-09 01:46:07 PM
159,Chase McLaughlin,K,TB,@DAL,,8.53,,N,93.0,2026-10-09 01:46:07 PM
160,Jake Ferguson,TE,DAL,TB,,8.3123,,N,83.0,2026-10-09 01:46:07 PM
161,Rashid Shaheed,WR,SEA,SF,4000.0,7.6327,1.908175,Y,76.0,2026-10-09 01:46:07 PM
162,Pat Freiermuth,TE,PIT,IND,3900.0,8.2422,2.113384615384616,Y,81.0,2026-10-09 01:46:07 PM
163,Cade Otton,TE,TB,@DAL,,8.5037,,N,79.0,2026-10-09 01:46:07 PM
164,CIN DST,DST,CIN,@MIA,,8.1,,N,110.0,2026-10-09 01:46:07 PM
165,DAL DST,DST,DAL,TB,,8.26,,N,112.0,2026-10-09 01:46:07 PM
166,Tyler Allgeier,RB,ARI,DET,5100.0,8.1268,1.5934901960784311,Y,71.0,2026-10-09 01:46:07 PM
167,Dohnte Meyers,WR,CIN,@MIA,3500.0,9.21,2.6314285714285712,Y,74.0,2026-10-09 01:46:07 PM
168,AJ Barner,TE,SEA,SF,3200.0,7.9478,2.4836875,Y,79.0,2026-10-09 01:46:07 PM
169,Antonio Williams,WR,WAS,NYG,3800.0,8.82,2.321052631578948,Y,74.0,2026-10-09 01:46:07 PM
170,DEN DST,DST,DEN,@LAC,,8.07,,N,103.0,2026-10-09 01:46:07 PM
171,WAS DST,DST,WAS,NYG,,8.54,,N,105.0,2026-10-09 01:46:07 PM
172,Trey Smack,K,GB,CHI,,8.03,,N,62.0,2026-10-09 01:46:07 PM
173,Chris Bell,WR,MIA,CIN,3600.0,7.885899999999999,2.1905277777777776,Y,73.0,2026-10-09 01:46:07 PM
174,DeMario Douglas,WR,NE,LV,3500.0,8.0772,2.3077714285714284,Y,73.0,2026-10-09 01:46:07 PM
175,Rachaad White,RB,WAS,NYG,5100.0,7.452,1.4611764705882353,Y,71.0,2026-10-09 01:46:07 PM
176,Woody Marks,RB,HOU,@TEN,4800.0,7.917,1.649375,Y,70.0,2026-10-09 01:46:07 PM
177,Rico Dowdle,RB,PIT,IND,4700.0,8.02,1.7063829787234042,Y,70.0,2026-10-09 01:46:07 PM
178,Dominic Zvada,K,NYG,@WAS,,7.620000000000001,,N,63.0,2026-10-09 01:46:07 PM
179,Kaleb Johnson,RB,GB,CHI,4600.0,7.3619,1.600413043478261,Y,71.0,2026-10-09 01:46:07 PM
180,Michael Mayer,TE,LV,@NE,3500.0,8.137500000000001,2.325,Y,75.0,2026-10-09 01:46:07 PM
181,MIN DST,DST,MIN,@NO,,7.539999999999999,,N,86.0,2026-10-09 01:46:07 PM
182,NYJ DST,DST,NYJ,CLE,,7.930000000000001,,N,86.0,2026-10-09 01:46:07 PM
183,Riley Patterson,K,MIA,CIN,,7.6,,N,60.0,2026-10-09 01:46:07 PM
184,Jake Elliott,K,PHI,JAX,,7.92,,N,60.0,2026-10-09 01:46:07 PM
185,Joey Slye,K,TEN,HOU,,7.77,,N,64.0,2026-10-09 01:46:07 PM
186,Kalif Raymond,WR,CHI,@GB,3900.0,7.6979,1.9738205128205129,Y,70.0,2026-10-09 01:46:07 PM
187,CLE DST,DST,CLE,@NYJ,,7.34,,N,78.0,2026-10-09 01:46:07 PM
188,Kayshon Boutte,WR,HOU,@TEN,3900.0,6.739999999999999,1.728205128205128,Y,68.0,2026-10-09 01:46:07 PM
189,George Holani,RB,SEA,SF,4500.0,7.13,1.5844444444444443,Y,66.0,2026-10-09 01:46:07 PM
190,Chig Okonkwo,TE,WAS,NYG,3300.0,7.069999999999999,2.1424242424242426,Y,70.0,2026-10-09 01:46:07 PM
191,NE DST,DST,NE,LV,,7.209999999999999,,N,60.0,2026-10-09 01:46:07 PM
192,Brian Thomas,WR,JAX,PHI,,7.0748,,N,68.0,2026-10-09 01:46:07 PM
193,Isaiah Williams,WR,NYJ,CLE,3700.0,6.9031,1.8657027027027029,Y,100.0,2026-10-09 01:46:07 PM
194,ATL DST,DST,ATL,BAL,,6.46,,N,100.0,2026-10-09 01:46:07 PM
195,Kendre Miller,RB,NO,MIN,4900.0,6.2744,1.2804897959183672,Y,100.0,2026-10-09 01:46:07 PM
196,Darnell Washington,TE,PIT,IND,2900.0,6.459999999999999,2.2275862068965515,Y,100.0,2026-10-09 01:46:07 PM
197,Jahan Dotson,WR,ATL,BAL,,6.3,,N,100.0,2026-10-09 01:46:07 PM
198,Greg Dulcich,TE,MIA,CIN,3100.0,6.573499999999999,2.1204838709677416,Y,100.0,2026-10-09 01:46:07 PM
199,Cooper Kupp,WR,SEA,SF,3800.0,6.562499999999999,1.726973684210526,Y,100.0,2026-10-09 01:46:07 PM
200,Brian Robinson,RB,ATL,BAL,,6.711200000000001,,N,100.0,2026-10-09 01:46:07 PM
201,Kyle Pitts,TE,ATL,BAL,,6.688899999999999,,N,100.0,2026-10-09 01:46:07 PM
202,Colby Parkinson,TE,LA,BUF,,4.5006,,N,100.0,2026-10-09 01:46:07 PM
203,Efton Chism,WR,NE,LV,3200.0,5.9412,1.856625,Y,100.0,2026-10-09 01:46:07 PM
204,PIT DST,DST,PIT,IND,,6.82,,N,100.0,2026-10-09 01:46:07 PM
205,SEA DST,DST,SEA,SF,,6.82,,N,100.0,2026-10-09 01:46:07 PM
206,Blake Corum,RB,LA,BUF,,6.279999999999999,,N,100.0,2026-10-09 01:46:07 PM
207,Tyler Higbee,TE,LA,BUF,,7.2693,,N,100.0,2026-10-09 01:46:07 PM
208,Cody White,WR,LV,@NE,3300.0,6.27,1.9,Y,100.0,2026-10-09 01:46:07 PM
209,Isaac TeSlaa,WR,DET,@ARI,3400.0,6.29,1.85,Y,100.0,2026-10-09 01:46:07 PM
210,Germie Bernard,WR,PIT,IND,3400.0,6.2,1.823529411764706,Y,100.0,2026-10-09 01:46:07 PM
211,Kenny Gainwell,RB,TB,@DAL,,5.9,,N,100.0,2026-10-09 01:46:07 PM
212,NO DST,DST,NO,MIN,,5.84,,N,100.0,2026-10-09 01:46:07 PM
213,Malachi Fields,WR,NYG,@WAS,4300.0,6.34,1.474418604651163,Y,100.0,2026-10-09 01:46:07 PM
214,CHI DST,DST,CHI,@GB,,6.04,,N,100.0,2026-10-09 01:46:07 PM
215,LV DST,DST,LV,@NE,,6.55,,N,100.0,2026-10-09 01:46:07 PM
216,DET DST,DST,DET,@ARI,,6.36,,N,100.0,2026-10-09 01:46:07 PM
217,TEN DST,DST,TEN,HOU,,6.44,,N,100.0,2026-10-09 01:46:07 PM
218,Joshua Palmer,WR,BUF,@LA,,5.95,,N,100.0,2026-10-09 01:46:07 PM
219,Darius Cooper,WR,PHI,JAX,,5.77,,N,100.0,2026-10-09 01:46:07 PM
220,NYG DST,DST,NYG,@WAS,,6.269999999999999,,N,100.0,2026-10-09 01:46:07 PM
221,Evan Engram,TE,DEN,@LAC,2800.0,5.94,2.121428571428572,Y,100.0,2026-10-09 01:46:07 PM
222,Jaylin Noel,WR,HOU,@TEN,3200.0,5.76,1.7999999999999998,Y,100.0,2026-10-09 01:46:07 PM
223,GB DST,DST,GB,CHI,,6.02,,N,100.0,2026-10-09 01:46:07 PM
224,Tyjae Spears,RB,TEN,HOU,4600.0,5.5242,1.2009130434782609,Y,100.0,2026-10-09 01:46:07 PM
225,Austin Ekeler,RB,WAS,NYG,4400.0,5.569999999999999,1.2659090909090909,Y,100.0,2026-10-09 01:46:07 PM
226,IND DST,DST,IND,@PIT,,5.469999999999999,,N,100.0,2026-10-09 01:46:07 PM
227,Samaje Perine,RB,CIN,@MIA,4400.0,5.56,1.2636363636363634,Y,100.0,2026-10-09 01:46:07 PM
228,Jaylen Wright,RB,MIA,CIN,4800.0,5.409999999999999,1.1270833333333332,Y,100.0,2026-10-09 01:46:07 PM
229,SF DST,DST,SF,@SEA,,5.85,,N,100.0,2026-10-09 01:46:07 PM
230,LAC DST,DST,LAC,DEN,,4.9,,N,100.0,2026-10-09 01:46:07 PM
231,Troy Franklin,WR,DEN,@LAC,3200.0,5.0,1.5625,Y,100.0,2026-10-09 01:46:07 PM
232,Ted Hurst III,WR,TB,@DAL,,5.069999999999999,,N,100.0,2026-10-09 01:46:07 PM
233,LA DST,DST,LA,BUF,,4.83,,N,100.0,2026-10-09 01:46:07 PM
234,PHI DST,DST,PHI,JAX,,5.17,,N,100.0,2026-10-09 01:46:07 PM
235,Kendrick Bourne,WR,ARI,DET,3400.0,5.3899,1.585264705882353,Y,100.0,2026-10-09 01:46:07 PM
236,Kevin Coleman,WR,MIA,CIN,3000.0,5.0600000000000005,1.6866666666666668,Y,100.0,2026-10-09 01:46:07 PM
237,Gunnar Helm,TE,TEN,HOU,2800.0,5.069299999999999,1.8104642857142856,Y,100.0,2026-10-09 01:46:07 PM
238,MIA DST,DST,MIA,CIN,,5.039999999999999,,N,100.0,2026-10-09 01:46:07 PM
239,Ty Johnson,RB,BUF,@LA,,5.02,,N,100.0,2026-10-09 01:46:07 PM
240,Chris Rodriguez,RB,JAX,PHI,,4.9183,,N,100.0,2026-10-09 01:46:07 PM
241,Mike Washington Jr.,RB,LV,@NE,4200.0,4.6,1.0952380952380951,Y,100.0,2026-10-09 01:46:07 PM
242,BAL DST,DST,BAL,@ATL,,5.309999999999999,,N,100.0,2026-10-09 01:46:07 PM
243,Justice Hill,RB,BAL,@ATL,,4.859999999999999,,N,100.0,2026-10-09 01:46:07 PM
244,Raheim Sanders,RB,CLE,@NYJ,4700.0,4.6916,0.9982127659574468,Y,100.0,2026-10-09 01:46:07 PM
245,Xavier Hutchinson,WR,HOU,@TEN,4000.0,4.65,1.1625,Y,100.0,2026-10-09 01:46:07 PM
246,Najee Harris,RB,NYG,@WAS,4500.0,4.800000000000001,1.0666666666666669,Y,100.0,2026-10-09 01:46:07 PM
247,Skyy Moore,WR,GB,CHI,3200.0,4.579999999999999,1.4312499999999997,Y,100.0,2026-10-09 01:46:07 PM
248,Dameon Pierce,RB,PHI,JAX,,4.25,,N,100.0,2026-10-09 01:46:07 PM
249,Rashod Bateman,WR,BAL,@ATL,,4.4562,,N,100.0,2026-10-09 01:46:07 PM
250,Noah Fant,TE,NO,MIN,3000.0,4.38,1.46,Y,100.0,2026-10-09 01:46:07 PM
251,Darnell Mooney,WR,NYG,@WAS,3800.0,4.5,1.1842105263157896,Y,100.0,2026-10-09 01:46:07 PM
252,Colbie Young,WR,CIN,@MIA,3600.0,5.9,1.6388888888888888,Y,100.0,2026-10-09 01:46:07 PM
253,Dyami Brown,WR,WAS,NYG,3100.0,5.300000000000001,1.709677419354839,Y,100.0,2026-10-09 01:46:07 PM
254,Dawson Knox,TE,BUF,@LA,,4.029999999999999,,N,100.0,2026-10-09 01:46:07 PM
255,Tez Johnson,WR,TB,@DAL,,4.18,,N,100.0,2026-10-09 01:46:07 PM
256,Marvin Mims,WR,DEN,@LAC,3400.0,4.0200000000000005,1.1823529411764708,Y,100.0,2026-10-09 01:46:07 PM
257,Kimani Vidal,RB,LAC,DEN,4300.0,4.32,1.0046511627906978,Y,100.0,2026-10-09 01:46:07 PM
258,Treylon Burks,WR,WAS,NYG,3200.0,5.449999999999999,1.7031249999999998,Y,100.0,2026-10-09 01:46:07 PM
259,Jauan Jennings,WR,MIN,@NO,4100.0,4.15,1.0121951219512195,Y,100.0,2026-10-09 01:46:07 PM
260,Kyle Williams,WR,NE,LV,3100.0,3.85,1.2419354838709675,Y,100.0,2026-10-09 01:46:07 PM
261,Bryce Lance,WR,NO,MIN,3000.0,3.97,1.3233333333333333,Y,100.0,2026-10-09 01:46:07 PM
262,Elic Ayomanor,WR,TEN,HOU,3000.0,4.09,1.3633333333333333,Y,100.0,2026-10-09 01:46:07 PM
263,BUF DST,DST,BUF,@LA,,3.94,,N,100.0,2026-10-09 01:46:07 PM
264,Laquon Treadwell,WR,IND,@PIT,3600.0,4.02,1.1166666666666665,Y,100.0,2026-10-09 01:46:07 PM
265,Mason Taylor,TE,NYJ,CLE,2500.0,4.29,1.716,Y,100.0,2026-10-09 01:46:07 PM
266,Tyler Goodson,RB,DAL,TB,,3.43,,N,100.0,2026-10-09 01:46:07 PM
267,Sione Vaki,RB,DET,@ARI,4300.0,3.49,0.8116279069767443,Y,100.0,2026-10-09 01:46:07 PM
268,Kaelon Black,RB,SF,@SEA,4700.0,3.58,0.7617021276595745,Y,100.0,2026-10-09 01:46:07 PM
269,Cole Kmet,TE,CHI,@GB,2600.0,3.54,1.3615384615384616,Y,100.0,2026-10-09 01:46:07 PM
270,Jerry Jeudy,WR,CLE,@NYJ,3700.0,3.66,0.9891891891891892,Y,100.0,2026-10-09 01:46:07 PM
271,Josh Cameron,WR,JAX,PHI,,3.39,,N,100.0,2026-10-09 01:46:07 PM
272,Eli Raridon,TE,NE,LV,2700.0,3.63,1.3444444444444446,Y,100.0,2026-10-09 01:46:07 PM
273,TB DST,DST,TB,@DAL,,3.9700000000000006,,N,100.0,2026-10-09 01:46:07 PM
274,Olamide Zaccheaus,WR,ATL,BAL,,3.46,,N,100.0,2026-10-09 01:46:07 PM
275,Marquez Valdes-Scantling,WR,LAC,DEN,3300.0,3.49,1.0575757575757576,Y,100.0,2026-10-09 01:46:07 PM
276,Devontez Walker,WR,BAL,@ATL,,3.3,,N,100.0,2026-10-09 01:46:07 PM
277,Roschon Johnson,RB,CHI,@GB,4200.0,4.109999999999999,0.9785714285714284,Y,100.0,2026-10-09 01:46:07 PM
278,Isaiah Davis,RB,NYJ,CLE,4200.0,3.24,0.7714285714285714,Y,100.0,2026-10-09 01:46:07 PM
279,ARI DST,DST,ARI,DET,,3.4200000000000004,,N,100.0,2026-10-09 01:46:07 PM
280,Sterling Shepard,WR,NYJ,CLE,3000.0,3.1,1.0333333333333334,Y,100.0,2026-10-09 01:46:07 PM
281,Zachariah Branch,WR,ATL,BAL,,2.8199999999999994,,N,100.0,2026-10-09 01:46:07 PM
282,Foster Moreau,TE,HOU,@TEN,2500.0,3.4610000000000003,1.3844,Y,100.0,2026-10-09 01:46:07 PM
283,Seth McGowan,RB,IND,@PIT,4300.0,2.65,0.6162790697674418,Y,100.0,2026-10-09 01:46:07 PM
284,Theo Johnson,TE,NYG,@WAS,2600.0,2.65,1.0192307692307692,Y,100.0,2026-10-09 01:46:07 PM
285,Daniel Bellinger,TE,TEN,HOU,2500.0,3.299,1.3196,Y,100.0,2026-10-09 01:46:07 PM
286,Tyrone Tracy,RB,NYG,@WAS,4000.0,2.5500000000000003,0.6375000000000001,Y,100.0,2026-10-09 01:46:07 PM
287,Tory Horton,WR,SEA,SF,3000.0,2.5500000000000003,0.8500000000000001,Y,100.0,2026-10-09 01:46:07 PM
288,Matt Hibner,TE,BAL,@ATL,,3.05,,N,100.0,2026-10-09 01:46:07 PM
289,Jonnu Smith,TE,GB,CHI,2700.0,2.59,0.9592592592592591,Y,100.0,2026-10-09 01:46:07 PM
290,Darius Slayton,WR,IND,@PIT,3300.0,2.68,0.8121212121212121,Y,100.0,2026-10-09 01:46:07 PM
291,Jacob Cowing,WR,SF,@SEA,3000.0,2.32,0.7733333333333333,Y,100.0,2026-10-09 01:46:07 PM
292,Brock Wright,TE,DET,@ARI,2500.0,2.43,0.972,Y,100.0,2026-10-09 01:46:07 PM
293,Calvin Ridley,WR,TEN,HOU,3500.0,2.7983,0.7995142857142857,Y,100.0,2026-10-09 01:46:07 PM
294,Elijah Higgins,TE,ARI,DET,2700.0,2.33,0.8629629629629628,Y,100.0,2026-10-09 01:46:07 PM
295,Chris Moore,WR,BAL,@ATL,,1.61,,N,100.0,2026-10-09 01:46:07 PM
296,Pierre Strong,RB,GB,CHI,4000.0,1.97,0.4924999999999999,Y,100.0,2026-10-09 01:46:07 PM
297,Konata Mumpfield,WR,LA,BUF,,2.9599999999999995,,N,100.0,2026-10-09 01:46:07 PM
298,Sean Tucker,RB,TB,@DAL,,2.09,,N,100.0,2026-10-09 01:46:07 PM
299,Austin Hooper,TE,ATL,BAL,,2.1100000000000003,,N,100.0,2026-10-09 01:46:07 PM
300,Tanner Hudson,TE,CIN,@MIA,2500.0,2.26,0.904,Y,100.0,2026-10-09 01:46:07 PM
301,Nate Boerkircher,TE,JAX,PHI,,2.2,,N,100.0,2026-10-09 01:46:07 PM
302,Jordan Whittington,WR,LA,BUF,,2.04,,N,100.0,2026-10-09 01:46:07 PM
303,Davis Allen,TE,LA,BUF,,2.37,,N,100.0,2026-10-09 01:46:07 PM
304,KaVontae Turpin,WR,DAL,TB,,1.91,,N,100.0,2026-10-09 01:46:07 PM
305,Tyler Badie,RB,DEN,@LAC,4200.0,1.97,0.469047619047619,Y,100.0,2026-10-09 01:46:07 PM
306,CJ Donaldson,RB,NO,MIN,4400.0,1.88,0.4272727272727272,Y,100.0,2026-10-09 01:46:07 PM
307,Elijah Arroyo,TE,SEA,SF,2500.0,1.91,0.764,Y,100.0,2026-10-09 01:46:07 PM
308,Salvon Ahmed,RB,CHI,@GB,4000.0,2.3200000000000003,0.5800000000000001,Y,100.0,2026-10-09 01:46:07 PM
309,Mitch Tinsley,WR,CIN,@MIA,3300.0,2.06,0.6242424242424243,Y,100.0,2026-10-09 01:46:07 PM
310,Drew Sample,TE,CIN,@MIA,2600.0,1.87,0.7192307692307691,Y,100.0,2026-10-09 01:46:07 PM
311,Jared Wayne,WR,HOU,@TEN,3000.0,1.7199999999999998,0.5733333333333333,Y,100.0,2026-10-09 01:46:07 PM
312,LeQuint Allen,RB,JAX,PHI,,1.87,,N,100.0,2026-10-09 01:46:07 PM
313,Will Kacmarek,TE,MIA,CIN,2500.0,2.11,0.844,Y,100.0,2026-10-09 01:46:07 PM
314,Brevyn Spann-Ford,TE,DAL,TB,,1.68,,N,100.0,2026-10-09 01:46:07 PM
315,Adam Trautman,TE,DEN,@LAC,2500.0,1.68,0.6719999999999999,Y,100.0,2026-10-09 01:46:07 PM
316,Nate Adkins,TE,DEN,@LAC,2500.0,1.62,0.6479999999999999,Y,100.0,2026-10-09 01:46:07 PM
317,Bo Melton,WR,GB,CHI,3000.0,1.68,0.5599999999999999,Y,100.0,2026-10-09 01:46:07 PM
318,Sam Roush,TE,CHI,@GB,2500.0,1.64,0.6559999999999999,Y,100.0,2026-10-09 01:46:07 PM
319,Blake Whiteheart,TE,CLE,@NYJ,2500.0,1.5499999999999998,0.6199999999999999,Y,100.0,2026-10-09 01:46:07 PM
320,Jordan Watkins,WR,SF,@SEA,3000.0,1.7,0.5666666666666667,Y,100.0,2026-10-09 01:46:07 PM
321,Dareke Young,WR,LV,@NE,3000.0,1.1800000000000002,0.3933333333333333,Y,100.0,2026-10-09 01:46:07 PM
322,Tutu Atwell,WR,LA,BUF,,1.54,,N,100.0,2026-10-09 01:46:07 PM
323,Demond Claiborne,RB,MIN,@NO,4000.0,1.7200000000000002,0.43,Y,100.0,2026-10-09 01:46:07 PM
324,DeeJay Dallas,RB,MIN,@NO,4000.0,1.4500000000000002,0.3625,Y,100.0,2026-10-09 01:46:07 PM
325,Luke McCaffrey,WR,WAS,NYG,3000.0,1.7200000000000002,0.5733333333333334,Y,100.0,2026-10-09 01:46:07 PM
326,Skyler Bell,WR,BUF,@LA,,1.08,,N,100.0,2026-10-09 01:46:07 PM
327,Hunter Luepke,RB,DAL,TB,,1.35,,N,100.0,2026-10-09 01:46:07 PM
328,Malik Benson,WR,LV,@NE,3000.0,1.2599999999999998,0.4199999999999999,Y,100.0,2026-10-09 01:46:07 PM
329,Jeremy Ruckert,TE,NYJ,CLE,2500.0,1.5,0.6,Y,100.0,2026-10-09 01:46:07 PM
330,Ray Davis,RB,BUF,@LA,,1.22,,N,100.0,2026-10-09 01:46:07 PM
331,Jackson Hawes,TE,BUF,@LA,,1.19,,N,100.0,2026-10-09 01:46:07 PM
332,Luke Schoonmaker,TE,DAL,TB,,1.3099999999999998,,N,100.0,2026-10-09 01:46:07 PM
333,Cade Stover,TE,HOU,@TEN,2500.0,1.2499999999999998,0.4999999999999999,Y,100.0,2026-10-09 01:46:07 PM
334,Teagan Quitoriano,TE,ARI,DET,2500.0,1.15,0.4599999999999999,Y,100.0,2026-10-09 01:46:07 PM
335,Erick All,TE,CIN,@MIA,,1.33,,N,100.0,2026-10-09 01:46:07 PM
336,Lil'Jordan Humphrey,WR,DEN,@LAC,3000.0,1.36,0.4533333333333333,Y,100.0,2026-10-09 01:46:07 PM
337,Mark Redman,TE,GB,CHI,2500.0,1.2400000000000002,0.4960000000000001,Y,100.0,2026-10-09 01:46:07 PM
338,Deion Burks,WR,IND,@PIT,3100.0,1.09,0.3516129032258064,Y,100.0,2026-10-09 01:46:07 PM
339,Travis Hunter,WR,JAX,PHI,,1.12,,N,100.0,2026-10-09 01:46:07 PM
340,Ian Thomas,TE,LV,@NE,2500.0,1.06,0.424,Y,100.0,2026-10-09 01:46:07 PM
341,Jalen Tolbert,WR,MIA,CIN,3000.0,1.33,0.4433333333333333,Y,100.0,2026-10-09 01:46:07 PM
342,Ryan Miller,WR,MIA,CIN,3000.0,1.06,0.3533333333333333,Y,100.0,2026-10-09 01:46:07 PM
343,Gavin Bartholomew,TE,MIN,@NO,2500.0,1.1800000000000002,0.4720000000000001,Y,100.0,2026-10-09 01:46:07 PM
344,Zach Ertz,TE,PHI,JAX,,1.27,,N,100.0,2026-10-09 01:46:07 PM
345,Ben Skowronek,WR,PIT,IND,3000.0,1.12,0.3733333333333333,Y,100.0,2026-10-09 01:46:07 PM
346,Brandin Cooks,WR,SF,@SEA,3500.0,1.5099999999999998,0.4314285714285714,Y,100.0,2026-10-09 01:46:07 PM
347,Brayden Willis,TE,SF,@SEA,2500.0,0.97,0.388,Y,100.0,2026-10-09 01:46:07 PM
348,John Bates,TE,WAS,NYG,2500.0,1.2999999999999998,0.5199999999999999,Y,100.0,2026-10-09 01:46:07 PM
349,J Michael Sturdivant,WR,GB,CHI,,1.17,,N,100.0,2026-10-09 01:46:07 PM
350,Mo Alie-Cox,TE,IND,@PIT,2500.0,1.08,0.432,Y,100.0,2026-10-09 01:46:07 PM
351,Derius Davis,WR,LAC,DEN,3100.0,1.11,0.3580645161290322,Y,100.0,2026-10-09 01:46:07 PM
352,DJ Herman,RB,MIA,CIN,4000.0,1.14,0.285,Y,100.0,2026-10-09 01:46:07 PM
353,Luke Farrell,TE,SF,@SEA,2500.0,1.2000000000000002,0.4800000000000001,Y,100.0,2026-10-09 01:46:07 PM
354,Eric Saubert,TE,SEA,SF,2500.0,1.11,0.4439999999999999,Y,100.0,2026-10-09 01:46:07 PM
355,Chimere Dike,WR,TEN,HOU,3000.0,1.0499999999999998,0.3499999999999999,Y,100.0,2026-10-09 01:46:07 PM
356,Ben Sinnott,TE,WAS,NYG,2500.0,1.3199999999999998,0.5279999999999999,Y,100.0,2026-10-09 01:46:07 PM
357,Chris Blair,WR,ATL,BAL,,1.13,,N,100.0,2026-10-09 01:46:07 PM
358,Charlie Woerner,TE,ATL,BAL,,1.07,,N,100.0,2026-10-09 01:46:07 PM
359,Josh Cuevas,TE,BAL,@ATL,,0.98,,N,100.0,2026-10-09 01:46:07 PM
360,Drew Ogletree,TE,IND,@PIT,2500.0,0.79,0.316,Y,100.0,2026-10-09 01:46:07 PM
361,Alec Ingold,RB,LAC,DEN,4000.0,1.04,0.26,Y,100.0,2026-10-09 01:46:07 PM
362,Hayden Rucci,TE,LAC,DEN,2500.0,0.86,0.344,Y,100.0,2026-10-09 01:46:07 PM
363,Oscar Delp,TE,NO,MIN,2500.0,0.95,0.38,Y,100.0,2026-10-09 01:46:07 PM
364,Nicholas Singleton,RB,TEN,HOU,,1.13,,N,100.0,2026-10-09 01:46:07 PM
365,Zavion Thomas,WR,CHI,@GB,3000.0,1.03,0.3433333333333333,Y,100.0,2026-10-09 01:46:07 PM
366,Isaiah Bond,WR,CLE,@NYJ,3000.0,0.88,0.2933333333333333,Y,100.0,2026-10-09 01:46:07 PM
367,Brevin Jordan,TE,HOU,@TEN,2500.0,0.97,0.388,Y,100.0,2026-10-09 01:46:07 PM
368,Kevin Austin,WR,NO,MIN,3000.0,0.7599999999999999,0.2533333333333333,Y,100.0,2026-10-09 01:46:07 PM
369,Patrick Ricard,RB,NYG,@WAS,4000.0,0.88,0.22,Y,100.0,2026-10-09 01:46:07 PM
370,Charlie Jones,WR,NYG,@WAS,3000.0,0.7599999999999999,0.2533333333333333,Y,100.0,2026-10-09 01:46:07 PM
371,Elijah Moore,WR,PHI,JAX,,0.7899999999999999,,N,100.0,2026-10-09 01:46:07 PM
372,Johnny Mundt,TE,PHI,JAX,,1.06,,N,100.0,2026-10-09 01:46:07 PM
373,Kameron Johnson,WR,TB,@DAL,,0.7899999999999999,,N,100.0,2026-10-09 01:46:07 PM
374,LaJohntay Wester,WR,BAL,@ATL,,0.66,,N,100.0,2026-10-09 01:46:07 PM
375,Jaleel McLaughlin,RB,CLE,@NYJ,4100.0,0.87,0.2121951219512195,Y,100.0,2026-10-09 01:46:07 PM
376,Tanner Koziol,TE,JAX,PHI,,0.6799999999999999,,N,100.0,2026-10-09 01:46:07 PM
377,Connor Heyward,TE,LV,@NE,4000.0,0.8900000000000001,0.2225,Y,100.0,2026-10-09 01:46:07 PM
378,Jaydon Blue,RB,PHI,JAX,,0.6799999999999999,,N,100.0,2026-10-09 01:46:07 PM
379,Jonathan Mingo,WR,DAL,TB,,0.7599999999999999,,N,100.0,2026-10-09 01:46:07 PM
380,Ameer Abdullah,RB,JAX,PHI,,0.6399999999999999,,N,100.0,2026-10-09 01:46:07 PM
381,Myles Price,WR,MIN,@NO,3000.0,0.6699999999999999,0.2233333333333333,Y,100.0,2026-10-09 01:46:07 PM
382,Adam Prentice,RB,DEN,@LAC,4000.0,0.48,0.12,Y,100.0,2026-10-09 01:46:07 PM
383,Jackson Meeks,TE,DET,@ARI,2500.0,0.54,0.216,Y,100.0,2026-10-09 01:46:07 PM
384,Dylan Laube,RB,LV,@NE,4000.0,0.51,0.1275,Y,100.0,2026-10-09 01:46:07 PM
385,Tai Felton,WR,MIN,@NO,3000.0,0.45,0.15,Y,100.0,2026-10-09 01:46:07 PM
386,Malik McClain,WR,NYJ,CLE,3000.0,0.54,0.18,Y,100.0,2026-10-09 01:46:07 PM
387,Bam Knight,RB,ARI,DET,4000.0,0.44,0.11,Y,100.0,2026-10-09 01:46:07 PM
388,Michael Burton,RB,CLE,@NYJ,4000.0,0.41,0.1025,Y,100.0,2026-10-09 01:46:07 PM
389,Patrick Herbert,TE,LAC,DEN,2500.0,0.44,0.176,Y,100.0,2026-10-09 01:46:07 PM
390,Corey Kiner,RB,NE,LV,4000.0,0.41,0.1025,Y,100.0,2026-10-09 01:46:07 PM
391,Reggie Gilliam,TE,NE,LV,4000.0,0.44,0.11,Y,100.0,2026-10-09 01:46:07 PM
392,Jelani Woods,TE,NYJ,CLE,2500.0,0.5900000000000001,0.236,Y,100.0,2026-10-09 01:46:07 PM
393,Brady Russell,RB,SEA,SF,4000.0,0.68,0.17,Y,100.0,2026-10-09 01:46:07 PM
394,Robert Henry,RB,SEA,SF,,0.4099999999999999,,N,100.0,2026-10-09 01:46:07 PM
395,Colson Yankoff,TE,WAS,NYG,2500.0,0.56,0.224,Y,100.0,2026-10-09 01:46:07 PM
396,Simi Fehoko,WR,ARI,DET,3000.0,0.31,0.1033333333333333,Y,100.0,2026-10-09 01:46:07 PM
397,Jalen Brooks,WR,ARI,DET,3000.0,0.37,0.1233333333333333,Y,100.0,2026-10-09 01:46:07 PM
398,Tay Martin,WR,DET,@ARI,3000.0,0.28,0.0933333333333333,Y,100.0,2026-10-09 01:46:07 PM
399,Tom Kennedy,WR,DET,@ARI,3000.0,0.28,0.0933333333333333,Y,100.0,2026-10-09 01:46:07 PM
400,Chris Manhertz,TE,NYG,@WAS,2500.0,0.4599999999999999,0.184,Y,100.0,2026-10-09 01:46:07 PM
401,Payne Durham,TE,TB,@DAL,,0.3399999999999999,,N,100.0,2026-10-09 01:46:07 PM
402,Rasheen Ali,RB,BAL,@ATL,,0.27,,N,100.0,2026-10-09 01:46:07 PM
403,Greg Dortch,WR,BUF,@LA,,0.3,,N,100.0,2026-10-09 01:46:07 PM
404,Keleki Latu,TE,BUF,@LA,,0.3,,N,100.0,2026-10-09 01:46:07 PM
405,Jahdae Walker,WR,CHI,@GB,3000.0,0.3299999999999999,0.1099999999999999,Y,100.0,2026-10-09 01:46:07 PM
406,Jack Endries,TE,CIN,@MIA,2500.0,0.21,0.0839999999999999,Y,100.0,2026-10-09 01:46:07 PM
407,Malachi Corley,WR,CLE,@NYJ,3000.0,0.39,0.13,Y,100.0,2026-10-09 01:46:07 PM
408,Jacob Saylors,RB,DET,@ARI,4000.0,0.3,0.075,Y,100.0,2026-10-09 01:46:07 PM
409,Josh Whyle,TE,GB,CHI,2500.0,0.36,0.144,Y,100.0,2026-10-09 01:46:07 PM
410,Max Klare,TE,LA,BUF,,0.24,,N,100.0,2026-10-09 01:46:07 PM
411,Cameron Latu,TE,NE,LV,2500.0,0.3299999999999999,0.1319999999999999,Y,100.0,2026-10-09 01:46:07 PM
412,Barion Brown,WR,NO,MIN,3000.0,0.36,0.12,Y,100.0,2026-10-09 01:46:07 PM
413,Jamaal Pritchett,WR,NYJ,CLE,3000.0,0.24,0.08,Y,100.0,2026-10-09 01:46:07 PM
414,Britain Covey,WR,PHI,JAX,,0.18,,N,100.0,2026-10-09 01:46:07 PM
415,Travis Homer,RB,PIT,IND,4000.0,0.27,0.0675,Y,100.0,2026-10-09 01:46:07 PM
416,Riley Nowakowski,RB,PIT,IND,4000.0,0.21,0.0525,Y,100.0,2026-10-09 01:46:07 PM
417,Robert Tonyan,TE,PIT,IND,2500.0,0.24,0.096,Y,100.0,2026-10-09 01:46:07 PM
418,Nick Muse,TE,ATL,BAL,,0.26,,N,100.0,2026-10-09 01:46:07 PM
419,Tahj Brooks,RB,CIN,@MIA,4000.0,0.32,0.08,Y,100.0,2026-10-09 01:46:07 PM
420,Carsen Ryan,TE,CLE,@NYJ,2500.0,0.14,0.056,Y,100.0,2026-10-09 01:46:07 PM
421,Dare Ogunbowale,RB,HOU,@TEN,4000.0,0.1699999999999999,0.0424999999999999,Y,100.0,2026-10-09 01:46:07 PM
422,Quintin Morris,TE,JAX,PHI,,0.26,,N,100.0,2026-10-09 01:46:07 PM
423,Dean Connors,RB,LA,BUF,,0.1699999999999999,,N,100.0,2026-10-09 01:46:07 PM
424,Seydou Traore,TE,MIA,CIN,2500.0,0.1699999999999999,0.0679999999999999,Y,100.0,2026-10-09 01:46:07 PM
425,Max Bredeson,RB,MIN,@NO,4000.0,0.2299999999999999,0.0574999999999999,Y,100.0,2026-10-09 01:46:07 PM
426,Andrew Beck,TE,NYJ,CLE,4000.0,0.2,0.05,Y,100.0,2026-10-09 01:46:07 PM
427,EJ Jenkins,TE,PHI,JAX,,-0.29,,N,100.0,2026-10-09 01:46:07 PM
428,Bauer Sharp,TE,TB,@DAL,,0.2,,N,100.0,2026-10-09 01:46:07 PM
429,David Martin-Robinson,TE,TEN,HOU,2500.0,0.1699999999999999,0.0679999999999999,Y,100.0,2026-10-09 01:46:07 PM
430,Carlos Washington,RB,MIA,CIN,,0.07,,N,100.0,2026-10-09 01:46:07 PM
431,Kene Nwangwu,RB,NYJ,CLE,4000.0,0.1,0.025,Y,100.0,2026-10-09 01:46:07 PM
432,Ko Kieft,TE,TB,@DAL,,0.07,,N,100.0,2026-10-09 01:46:07 PM
