,Player,Pos,Team,Opp,Sal,Projection,Value,MainSlate
0,Jahmyr Gibbs,RB,DET,NYJ,,26.823699999999995,,N
1,Josh Allen,QB,BUF,LAC,7700.0,25.21302,3.2744181818181817,Y
2,Lamar Jackson,QB,BAL,DAL,7300.0,21.7817,2.9837945205479453,Y
3,Bijan Robinson,RB,ATL,@GB,,22.9077,,N
4,Christian McCaffrey,RB,SF,ARI,7700.0,21.6552,2.8123636363636364,Y
5,Kenneth Walker,RB,KC,@MIA,8200.0,20.460800000000003,2.4952195121951224,Y
6,Amon-Ra St. Brown,WR,DET,NYJ,,21.049599999999998,,N
7,Brock Purdy,QB,SF,ARI,6700.0,20.4192,3.047641791044776,Y
8,Dak Prescott,QB,DAL,BAL,6400.0,20.34914,3.1795531249999995,Y
9,Patrick Mahomes,QB,KC,@MIA,6500.0,20.87,3.210769230769231,Y
10,Jaxon Smith-Njigba,WR,SEA,@WAS,9100.0,19.4881,2.1415494505494506,Y
11,Derrick Henry,RB,BAL,DAL,8400.0,20.254900000000003,2.411297619047619,Y
12,CeeDee Lamb,WR,DAL,BAL,7800.0,18.7374,2.4022307692307696,Y
13,Jared Goff,QB,DET,NYJ,,19.80332,,N
14,Jalen Hurts,QB,PHI,@CHI,6600.0,19.3126,2.926151515151515,Y
15,Ashton Jeanty,RB,LV,@NO,7100.0,19.41,2.7338028169014086,Y
16,Tyler Shough,QB,NO,LV,,20.03558,,N
17,Jonathan Taylor,RB,IND,HOU,,20.4738,,N
18,Trevor Lawrence,QB,JAX,NE,5900.0,19.259999999999998,3.2644067796610163,Y
19,Drake Maye,QB,NE,@JAX,6000.0,19.213359999999998,3.2022266666666663,Y
20,James Cook,RB,BUF,LAC,7400.0,17.7941,2.404608108108108,Y
21,Ja'Marr Chase,WR,CIN,@PIT,8100.0,18.967299999999998,2.341641975308642,Y
22,Kyler Murray,QB,MIN,@TB,5300.0,18.319999999999997,3.4566037735849053,Y
23,Garrett Wilson,WR,NYJ,@DET,6800.0,17.54,2.5794117647058825,Y
24,Justin Jefferson,WR,MIN,@TB,7300.0,17.799999999999997,2.438356164383561,Y
25,Jordan Love,QB,GB,ATL,5800.0,17.63,3.0396551724137932,Y
26,Joe Burrow,QB,CIN,@PIT,6800.0,18.88,2.776470588235294,Y
27,Bo Nix,QB,DEN,LA,5600.0,18.22428,3.2543357142857143,Y
28,De'Von Achane,RB,MIA,KC,6500.0,17.809999999999995,2.7399999999999993,Y
29,Davante Adams,WR,LA,@DEN,7000.0,18.53,2.6471428571428572,Y
30,Justin Herbert,QB,LAC,@BUF,5400.0,16.352439999999998,3.028229629629629,Y
31,Chris Olave,WR,NO,LV,,17.858999999999998,,N
32,Chase Brown,RB,CIN,@PIT,6100.0,17.6053,2.8861147540983607,Y
33,Bryce Young,QB,CAR,@CLE,,17.5073,,N
34,Saquon Barkley,RB,PHI,@CHI,6800.0,16.367900000000002,2.407044117647059,Y
35,Trey McBride,TE,ARI,@SF,6500.0,16.43,2.5276923076923077,Y
36,Chuba Hubbard,RB,CAR,@CLE,,17.028499999999998,,N
37,Matthew Stafford,QB,LA,@DEN,6200.0,16.89336,2.724735483870968,Y
38,Jaylen Warren,RB,PIT,CIN,,17.833,,N
39,C.J. Stroud,QB,HOU,@IND,5700.0,17.44686,3.0608526315789475,Y
40,Breece Hall,RB,NYJ,@DET,6200.0,11.899999999999999,1.919354838709677,Y
41,DeVonta Smith,WR,PHI,@CHI,7100.0,16.9576,2.388394366197183,Y
42,Baker Mayfield,QB,TB,MIN,5200.0,11.620000000000001,2.2346153846153847,Y
43,George Pickens,WR,DAL,BAL,6300.0,15.5786,2.4727936507936508,Y
44,Sam Darnold,QB,SEA,@WAS,5500.0,16.51516,3.002756363636364,Y
45,Javonte Williams,RB,DAL,BAL,6600.0,15.704999999999998,2.3795454545454544,Y
46,Parker Washington,WR,JAX,NE,6500.0,16.179199999999998,2.489107692307692,Y
47,Jacoby Brissett,QB,ARI,@SF,5000.0,16.169999999999998,3.2339999999999995,Y
48,Christian Watson,WR,GB,ATL,6700.0,15.1505,2.2612686567164175,Y
49,Drake London,WR,ATL,@GB,,16.2879,,N
50,Geno Smith,QB,NYJ,@DET,5200.0,15.61,3.001923076923077,Y
51,Malik Willis,QB,MIA,KC,4900.0,15.45,3.1530612244897958,Y
52,Cam Skattebo,RB,NYG,TEN,6100.0,16.139999999999997,2.645901639344262,Y
53,Deshaun Watson,QB,CLE,CAR,,15.409220000000001,,N
54,Aaron Rodgers,QB,PIT,CIN,,15.162579999999998,,N
55,Daniel Jones,QB,IND,HOU,,15.014679999999998,,N
56,Omarion Hampton,RB,LAC,@BUF,6300.0,12.934000000000001,2.053015873015873,Y
57,Bucky Irving,RB,TB,MIN,6000.0,14.780799999999997,2.4634666666666662,Y
58,Tetairoa McMillan,WR,CAR,@CLE,,14.2769,,N
59,Jaylen Waddle,WR,DEN,LA,6200.0,13.946299999999999,2.2494032258064514,Y
60,Kirk Cousins,QB,LV,@NO,5100.0,14.409999999999998,2.825490196078431,Y
61,Kyren Williams,RB,LA,@DEN,5900.0,13.6535,2.3141525423728813,Y
62,Tee Higgins,WR,CIN,@PIT,6100.0,14.5018,2.377344262295082,Y
63,Matthew Golden,WR,GB,ATL,5400.0,13.2262,2.4492962962962963,Y
64,Michael Penix Jr.,QB,ATL,@GB,,14.40742,,N
65,D'Andre Swift,RB,CHI,PHI,6400.0,13.950000000000001,2.1796875,Y
66,Ladd McConkey,WR,LAC,@BUF,5800.0,13.0443,2.2490172413793106,Y
67,Jadarian Price,RB,SEA,@WAS,5100.0,12.079999999999998,2.368627450980392,Y
68,Quinshon Judkins,RB,CLE,CAR,,12.802,,N
69,Jameis Winston,QB,NYG,TEN,4500.0,13.92,3.0933333333333333,Y
70,DK Metcalf,WR,PIT,CIN,,13.364199999999999,,N
71,Aaron Jones,RB,MIN,@TB,6000.0,15.31,2.5516666666666667,Y
72,Malik Nabers,WR,NYG,TEN,6000.0,12.87,2.145,Y
73,Marcus Mariota,QB,WAS,SEA,,14.68914,,N
74,Travis Kelce,TE,KC,@MIA,5000.0,13.129999999999999,2.626,Y
75,Mike Evans,WR,SF,ARI,6600.0,12.7,1.9242424242424243,Y
76,Brock Bowers,TE,LV,@NO,6900.0,13.95,2.0217391304347823,Y
77,George Kittle,TE,SF,ARI,5100.0,12.736,2.4972549019607846,Y
78,Cam Ward,QB,TEN,@NYG,4700.0,12.870000000000001,2.7382978723404254,Y
79,Dalton Kincaid,TE,BUF,LAC,5300.0,11.896999999999998,2.244716981132075,Y
80,Jalen Coker,WR,CAR,@CLE,,12.89,,N
81,Rashee Rice,WR,KC,@MIA,6400.0,13.190000000000001,2.0609375,Y
82,Zay Flowers,WR,BAL,DAL,6900.0,13.1854,1.9109275362318838,Y
83,Jameson Williams,WR,DET,NYJ,,12.0349,,N
84,Josh Downs,WR,IND,HOU,,12.9756,,N
85,David Montgomery,RB,HOU,@IND,5700.0,12.7484,2.2365614035087718,Y
86,Dalton Schultz,TE,HOU,@IND,4800.0,11.9728,2.4943333333333335,Y
87,Sam LaPorta,TE,DET,NYJ,,12.260200000000001,,N
88,Tyler Warren,TE,IND,HOU,,12.4083,,N
89,Emeka Egbuka,WR,TB,MIN,5900.0,10.837,1.836779661016949,Y
90,Bhayshul Tuten,RB,JAX,NE,5600.0,11.8774,2.120964285714286,Y
91,Jeremiyah Love,RB,ARI,@SF,5800.0,12.859999999999998,2.2172413793103445,Y
92,Terrance Ferguson,TE,LA,@DEN,3000.0,8.33,2.776666666666667,Y
93,Deebo Samuel,WR,SF,ARI,5600.0,11.6,2.0714285714285716,Y
94,Case Keenum,QB,CHI,PHI,4600.0,8.26,1.7956521739130435,Y
95,Michael Wilson,WR,ARI,@SF,5500.0,11.819999999999999,2.149090909090909,Y
96,DJ Moore,WR,BUF,LAC,5700.0,11.888899999999998,2.085771929824561,Y
97,Tucker Kraft,TE,GB,ATL,4400.0,10.700099999999999,2.4318409090909086,Y
98,Travis Etienne,RB,NO,LV,,7.98,,N
99,Rhamondre Stevenson,RB,NE,@JAX,5100.0,11.616500000000002,2.277745098039216,Y
100,Mark Andrews,TE,BAL,DAL,4200.0,10.9332,2.6031428571428568,Y
101,Tony Pollard,RB,TEN,@NYG,5400.0,11.489999999999998,2.1277777777777773,Y
102,Rashod Bateman,WR,BAL,DAL,4200.0,9.6261,2.291928571428571,Y
103,Khalil Shakir,WR,BUF,LAC,4700.0,10.113299999999999,2.151765957446808,Y
104,Devaughn Vele,WR,NO,LV,,11.1701,,N
105,Xavier Worthy,WR,KC,@MIA,4600.0,10.92,2.373913043478261,Y
106,Malik Washington,WR,MIA,KC,4400.0,10.35,2.352272727272727,Y
107,Tre Tucker,WR,LV,@NO,5100.0,10.08,1.9764705882352942,Y
108,Hunter Henry,TE,NE,@JAX,3500.0,9.936899999999998,2.839114285714285,Y
109,Jordan Addison,WR,MIN,@TB,5300.0,10.69,2.016981132075472,Y
110,KC Concepcion,WR,CLE,CAR,,9.8137,,N
111,TreVeyon Henderson,RB,NE,@JAX,5200.0,9.361099999999999,1.800211538461538,Y
112,Dontayvion Wicks,WR,PHI,@CHI,4300.0,10.094699999999998,2.3476046511627904,Y
113,Romeo Doubs,WR,NE,@JAX,4700.0,10.059299999999999,2.1402765957446803,Y
114,Carnell Tate,WR,TEN,@NYG,4800.0,10.348,2.1558333333333337,Y
115,Denzel Boston,WR,CLE,CAR,,9.1538,,N
116,Courtland Sutton,WR,DEN,LA,4900.0,10.069999999999999,2.055102040816326,Y
117,Isaiah Likely,TE,NYG,TEN,4500.0,10.36,2.302222222222222,Y
118,Luther Burden,WR,CHI,PHI,5200.0,10.14,1.95,Y
119,Harold Fannin,TE,CLE,CAR,,9.8759,,N
120,Brian Thomas,WR,JAX,NE,4300.0,8.85,2.058139534883721,Y
121,Jakobi Meyers,WR,JAX,NE,5000.0,9.862400000000001,1.9724800000000002,Y
122,Pat Freiermuth,TE,PIT,CIN,,9.1326,,N
123,Brandon Aubrey,K,DAL,BAL,,9.8,,N
124,Eddy Pineiro,K,SF,ARI,,9.8,,N
125,Xavier Hutchinson,WR,HOU,@IND,4300.0,8.469999999999999,1.969767441860465,Y
126,Quentin Johnston,WR,LAC,@BUF,4800.0,9.276399999999999,1.932583333333333,Y
127,Tyler Loop,K,BAL,DAL,,9.16,,N
128,Jake Bates,K,DET,NYJ,,9.23,,N
129,Ryan Flournoy,WR,DAL,BAL,3800.0,9.0785,2.389078947368421,Y
130,RJ Harvey,RB,DEN,LA,5000.0,9.2608,1.85216,Y
131,TJ Hockenson,TE,MIN,@TB,3300.0,9.33,2.8272727272727276,Y
132,Terry McLaurin,WR,WAS,SEA,,11.0896,,N
133,SEA DST,DST,SEA,@WAS,,9.35,,N
134,Colston Loveland,TE,CHI,PHI,4700.0,9.11,1.9382978723404254,Y
135,Harrison Butker,K,KC,@MIA,,9.7,,N
136,Jason Myers,K,SEA,@WAS,,9.559999999999999,,N
137,Juwan Johnson,TE,NO,LV,,9.6315,,N
138,Ka'imi Fairbairn,K,HOU,@IND,,9.0,,N
139,JK Dobbins,RB,DEN,LA,5300.0,9.269,1.7488679245283019,Y
140,Rashid Shaheed,WR,SEA,@WAS,3900.0,8.459999999999999,2.169230769230769,Y
141,Chris Godwin,WR,TB,MIN,4900.0,7.965599999999999,1.6256326530612242,Y
142,Wan'Dale Robinson,WR,TEN,@NYG,4600.0,9.286999999999999,2.018913043478261,Y
143,Cam Little,K,JAX,NE,,8.54,,N
144,Stefon Diggs,WR,WAS,SEA,,10.137,,N
145,Tyler Bass,K,BUF,LAC,,8.59,,N
146,Trey Smack,K,GB,ATL,,8.9,,N
147,Spencer Shrader,K,IND,HOU,,9.1,,N
148,Oronde Gadsden,TE,LAC,@BUF,3600.0,8.530000000000001,2.369444444444445,Y
149,Blake Corum,RB,LA,@DEN,4900.0,8.0716,1.647265306122449,Y
150,Mack Hollins,WR,NE,@JAX,4000.0,9.3773,2.344325,Y
151,Evan McPherson,K,CIN,@PIT,,8.629999999999999,,N
152,Keenan Allen,WR,IND,HOU,,9.1642,,N
153,Kenyon Sadiq,TE,NYJ,@DET,4000.0,8.819999999999999,2.2049999999999996,Y
154,Will Reichard,K,MIN,@TB,,9.1,,N
155,Daniel Carlson,K,NO,LV,,9.09,,N
156,Jake Elliott,K,PHI,@CHI,,8.38,,N
157,Kyle Pitts,TE,ATL,@GB,,7.3945,,N
158,Ryan Fitzgerald,K,CAR,@CLE,,8.599999999999998,,N
159,Jason Sanders,K,NYJ,@DET,,8.94,,N
160,Chase McLaughlin,K,TB,MIN,,8.96,,N
161,Kaleb Johnson,RB,GB,ATL,4600.0,7.949999999999999,1.7282608695652173,Y
162,Cade Otton,TE,TB,MIN,3400.0,8.1553,2.3986176470588236,Y
163,Harrison Mevis,K,LA,@DEN,,7.930000000000001,,N
164,Woody Marks,RB,HOU,@IND,4700.0,8.8752,1.8883404255319147,Y
165,Kayshon Boutte,WR,HOU,@IND,4400.0,8.030000000000001,1.8250000000000002,Y
166,Brenton Strange,TE,JAX,NE,3200.0,8.48,2.65,Y
167,KC DST,DST,KC,@MIA,,8.79,,N
168,Wil Lutz,K,DEN,LA,,8.65,,N
169,Alvin Kamara,RB,NO,LV,,9.6798,,N
170,Michael Pittman Jr.,WR,PIT,CIN,,8.726299999999998,,N
171,Jacory Croskey-Merritt,RB,WAS,SEA,,9.132399999999999,,N
172,Andre Szmyt,K,CLE,CAR,,8.07,,N
173,Cameron Dicker,K,LAC,@BUF,,8.49,,N
174,Matt Gay,K,LV,@NO,,8.46,,N
175,Tyler Allgeier,RB,ARI,@SF,4800.0,7.619999999999999,1.5875,Y
176,Kenny Gainwell,RB,TB,MIN,4700.0,7.4399999999999995,1.5829787234042552,Y
177,Tyjae Spears,RB,TEN,@NYG,4900.0,7.619999999999999,1.5551020408163263,Y
178,NYG DST,DST,NYG,TEN,,8.03,,N
179,Dominic Zvada,K,NYG,TEN,,7.72,,N
180,DeMario Douglas,WR,NE,@JAX,3500.0,8.079899999999999,2.308542857142857,Y
181,Makai Lemon,WR,PHI,@CHI,4100.0,8.019499999999999,1.9559756097560974,Y
182,Chad Ryland,K,ARI,@SF,,7.6899999999999995,,N
183,Cairo Santos,K,CHI,PHI,,7.76,,N
184,Andy Borregales,K,NE,@JAX,,8.04,,N
185,Chris Boswell,K,PIT,CIN,,8.22,,N
186,Rachaad White,RB,WAS,SEA,,8.29,,N
187,PHI DST,DST,PHI,@CHI,,8.27,,N
188,Kyle Monangai,RB,CHI,PHI,4900.0,7.95,1.6224489795918366,Y
189,Jake Ferguson,TE,DAL,BAL,4300.0,7.8931,1.8356046511627906,Y
190,Isaiah Williams,WR,NYJ,@DET,3500.0,7.2299999999999995,2.0657142857142854,Y
191,Joey Slye,K,TEN,@NYG,,7.389999999999999,,N
192,CAR DST,DST,CAR,@CLE,,7.460000000000001,,N
193,Nick Folk,K,ATL,@GB,,7.949999999999999,,N
194,Tre Harris,WR,LAC,@BUF,4100.0,7.6,1.853658536585366,Y
195,Justice Hill,RB,BAL,DAL,4200.0,6.950000000000001,1.6547619047619049,Y
196,Rome Odunze,WR,CHI,PHI,5000.0,7.790000000000001,1.5580000000000003,Y
197,DET DST,DST,DET,NYJ,,7.28,,N
198,TEN DST,DST,TEN,@NYG,,7.699999999999999,,N
199,Marvin Harrison Jr.,WR,ARI,@SF,4500.0,7.15,1.588888888888889,Y
200,Darren Waller,TE,CAR,@CLE,,7.319999999999999,,N
201,Pat Bryant,WR,DEN,LA,4200.0,6.9686,1.659190476190476,Y
202,BUF DST,DST,BUF,LAC,,7.309999999999999,,N
203,JAX DST,DST,JAX,NE,,7.469999999999999,,N
204,Riley Patterson,K,MIA,KC,,6.82,,N
205,Jaylin Noel,WR,HOU,@IND,3400.0,6.319999999999999,1.8588235294117645,Y
206,GB DST,DST,GB,ATL,,6.889999999999999,,N
207,MIN DST,DST,MIN,@TB,,7.15,,N
208,NO DST,DST,NO,LV,,7.469999999999999,,N
209,Drew Stevens,K,WAS,SEA,,7.069999999999999,,N
210,CIN DST,DST,CIN,@PIT,,7.36,,N
211,SF DST,DST,SF,ARI,,7.33,,N
212,Emmett Johnson,RB,KC,@MIA,4400.0,6.51,1.4795454545454543,Y
213,Roman Wilson,WR,PIT,CIN,,6.5661,,N
214,AJ Barner,TE,SEA,@WAS,3000.0,7.393699999999999,2.4645666666666664,Y
215,Kalif Raymond,WR,CHI,PHI,3600.0,7.34,2.0388888888888888,Y
216,MarShawn Lloyd,RB,GB,ATL,4800.0,6.9399999999999995,1.4458333333333333,Y
217,CLE DST,DST,CLE,CAR,,7.08,,N
218,HOU DST,DST,HOU,@IND,,7.19,,N
219,TB DST,DST,TB,MIN,,6.35,,N
220,Mike Gesicki,TE,CIN,@PIT,3300.0,6.954999999999999,2.1075757575757574,Y
221,Gunnar Helm,TE,TEN,@NYG,2800.0,6.723,2.4010714285714285,Y
222,LV DST,DST,LV,@NO,,6.96,,N
223,Kendrick Bourne,WR,ARI,@SF,3500.0,6.800000000000001,1.942857142857143,Y
224,Jalen Nailor,WR,LV,@NO,3600.0,6.5,1.8055555555555556,Y
225,PIT DST,DST,PIT,CIN,,6.23,,N
226,Greg Dulcich,TE,MIA,KC,3200.0,6.459999999999999,2.0187499999999994,Y
227,Emanuel Wilson,RB,SEA,@WAS,4700.0,7.390000000000001,1.5723404255319149,Y
228,Colby Parkinson,TE,LA,@DEN,2900.0,6.11,2.1068965517241383,Y
229,IND DST,DST,IND,HOU,,6.39,,N
230,Evan Engram,TE,DEN,LA,2900.0,6.093,2.101034482758621,Y
231,Michael Mayer,TE,LV,@NO,3400.0,6.31,1.8558823529411763,Y
232,Malachi Fields,WR,NYG,TEN,4000.0,6.15,1.5375,Y
233,Kaelon Black,RB,SF,ARI,4600.0,5.699999999999999,1.2391304347826086,Y
234,DEN DST,DST,DEN,LA,,5.74,,N
235,Ted Hurst III,WR,TB,MIN,3100.0,5.75,1.8548387096774193,Y
236,LA DST,DST,LA,@DEN,,5.6,,N
237,Jahan Dotson,WR,ATL,@GB,,6.01,,N
238,BAL DST,DST,BAL,DAL,,5.819999999999999,,N
239,CHI DST,DST,CHI,PHI,,6.18,,N
240,NE DST,DST,NE,@JAX,,5.48,,N
241,Jerry Jeudy,WR,CLE,CAR,,4.999999999999999,,N
242,Cooper Kupp,WR,SEA,@WAS,4100.0,6.5419,1.5955853658536587,Y
243,Tyquan Thornton,WR,KC,@MIA,3400.0,5.89,1.7323529411764704,Y
244,Chris Bell,WR,MIA,KC,3700.0,5.829999999999999,1.5756756756756753,Y
245,Najee Harris,RB,NYG,TEN,4500.0,5.31,1.18,Y
246,ATL DST,DST,ATL,@GB,,5.440000000000001,,N
247,Christopher Brooks,RB,GB,ATL,4300.0,4.539999999999999,1.055813953488372,Y
248,Samaje Perine,RB,CIN,@PIT,4100.0,5.34,1.302439024390244,Y
249,Braelon Allen,RB,NYJ,@DET,5200.0,7.77,1.494230769230769,Y
250,WAS DST,DST,WAS,SEA,,4.66,,N
251,Chris Rodriguez,RB,JAX,NE,4600.0,4.7299999999999995,1.0282608695652173,Y
252,Keaton Mitchell,RB,LAC,@BUF,4300.0,5.720000000000001,1.3302325581395351,Y
253,Jordan Whittington,WR,LA,@DEN,3200.0,4.4,1.375,Y
254,Brian Robinson,RB,ATL,@GB,,5.08,,N
255,Laquon Treadwell,WR,IND,HOU,,4.17,,N
256,Jauan Jennings,WR,MIN,@TB,3800.0,4.77,1.2552631578947369,Y
257,Ty Johnson,RB,BUF,LAC,4400.0,4.85,1.102272727272727,Y
258,Isaac TeSlaa,WR,DET,NYJ,,4.85,,N
259,Jared Wayne,WR,HOU,@IND,3000.0,3.68,1.2266666666666668,Y
260,Kevin Coleman,WR,MIA,KC,3000.0,3.4899999999999998,1.1633333333333333,Y
261,Darnell Mooney,WR,NYG,TEN,3800.0,5.02,1.3210526315789473,Y
262,Antonio Williams,WR,WAS,SEA,,4.18,,N
263,Sione Vaki,RB,DET,NYJ,,4.010000000000001,,N
264,DAL DST,DST,DAL,BAL,,4.17,,N
265,Jack Bech,WR,LV,@NO,3300.0,3.01,0.9121212121212121,Y
266,Konata Mumpfield,WR,LA,@DEN,3400.0,5.13,1.5088235294117647,Y
267,Bryce Lance,WR,NO,LV,,4.4399999999999995,,N
268,Elic Ayomanor,WR,TEN,@NYG,3000.0,4.89,1.63,Y
269,Skyy Moore,WR,GB,ATL,3200.0,4.13,1.290625,Y
270,Joshua Palmer,WR,BUF,LAC,3300.0,3.82,1.1575757575757575,Y
271,Darnell Washington,TE,PIT,CIN,,4.4902999999999995,,N
272,LAC DST,DST,LAC,@BUF,,4.16,,N
273,NYJ DST,DST,NYJ,@DET,,4.43,,N
274,Keon Coleman,WR,BUF,LAC,4000.0,4.199999999999999,1.0499999999999998,Y
275,Tommy Tremble,TE,CAR,@CLE,,3.93,,N
276,MIA DST,DST,MIA,KC,,4.37,,N
277,Chris Moore,WR,BAL,DAL,3200.0,3.4099999999999997,1.0656249999999998,Y
278,Calvin Ridley,WR,TEN,@NYG,3700.0,3.5599999999999996,0.962162162162162,Y
279,ARI DST,DST,ARI,@SF,,4.25,,N
280,Jeremy Ruckert,TE,NYJ,@DET,2500.0,3.6400000000000006,1.4560000000000002,Y
281,Dyami Brown,WR,WAS,SEA,,3.1900000000000004,,N
282,Devontez Walker,WR,BAL,DAL,3400.0,3.2399999999999998,0.9529411764705882,Y
283,George Holani,RB,SEA,@WAS,4500.0,4.140000000000001,0.9200000000000002,Y
284,Dawson Knox,TE,BUF,LAC,2800.0,3.7399999999999998,1.3357142857142856,Y
285,Brycen Tremayne,WR,CAR,@CLE,,3.5000000000000004,,N
286,Cole Kmet,TE,CHI,PHI,2800.0,3.5900000000000003,1.2821428571428573,Y
287,Mike Washington Jr.,RB,LV,@NO,4100.0,3.47,0.8463414634146342,Y
288,Noah Fant,TE,NO,LV,,4.158,,N
289,Zach Ertz,TE,PHI,@CHI,3100.0,3.9200000000000004,1.2645161290322582,Y
290,Jalen McMillan,WR,TB,MIN,3900.0,2.45,0.6282051282051283,Y
291,Olamide Zaccheaus,WR,ATL,@GB,,3.46,,N
292,AJ Dillon,RB,CAR,@CLE,,3.3699999999999997,,N
293,DeeJay Dallas,RB,MIN,@TB,4200.0,2.77,0.6595238095238095,Y
294,Johnny Mundt,TE,PHI,@CHI,2600.0,3.19,1.2269230769230768,Y
295,Josh Oliver,TE,MIN,@TB,2500.0,2.3099999999999996,0.9239999999999998,Y
296,Kyle Juszczyk,RB,SF,ARI,4000.0,3.0599999999999996,0.7649999999999999,Y
297,LaJohntay Wester,WR,BAL,DAL,3000.0,2.3899999999999997,0.7966666666666665,Y
298,Jonnu Smith,TE,GB,ATL,2900.0,3.1399999999999997,1.0827586206896551,Y
299,Noah Gray,TE,KC,@MIA,2700.0,3.29,1.2185185185185186,Y
300,Kyle Williams,WR,NE,@JAX,3200.0,3.08,0.9625,Y
301,Troy Franklin,WR,DEN,LA,3400.0,3.01,0.8852941176470588,Y
302,Dohnte Meyers,WR,CIN,@PIT,3000.0,4.162599999999999,1.387533333333333,Y
303,Ben Sinnott,TE,WAS,SEA,,2.84,,N
304,Ollie Gordon,RB,MIA,KC,5500.0,5.11,0.9290909090909092,Y
305,Theo Johnson,TE,NYG,TEN,2500.0,2.7099999999999995,1.0839999999999999,Y
306,Foster Moreau,TE,HOU,@IND,2700.0,2.61,0.9666666666666666,Y
307,Elijah Arroyo,TE,SEA,@WAS,2500.0,2.61,1.044,Y
308,Germie Bernard,WR,PIT,CIN,,2.6900000000000004,,N
309,Drew Sample,TE,CIN,@PIT,2600.0,2.62,1.0076923076923077,Y
310,Will Shipley,RB,PHI,@CHI,4800.0,2.44,0.5083333333333333,Y
311,Travis Homer,RB,PIT,CIN,,2.11,,N
312,Mitchell Evans,TE,CAR,@CLE,,2.37,,N
313,Hunter Luepke,RB,DAL,BAL,4000.0,2.04,0.51,Y
314,Adam Trautman,TE,DEN,LA,2500.0,2.13,0.852,Y
315,Travis Hunter,WR,JAX,NE,3000.0,2.01,0.6699999999999999,Y
316,Raheim Sanders,RB,CLE,CAR,,3.4112,,N
317,Tyler Goodson,RB,DAL,BAL,4000.0,2.63,0.6575,Y
318,Blake Whiteheart,TE,CLE,CAR,,1.84,,N
319,KaVontae Turpin,WR,DAL,BAL,3000.0,2.04,0.68,Y
320,Tyler Badie,RB,DEN,LA,4500.0,2.2800000000000002,0.5066666666666667,Y
321,Seth McGowan,RB,IND,HOU,,2.04,,N
322,Tyler Higbee,TE,LA,@DEN,3100.0,3.7800000000000002,1.2193548387096775,Y
323,Durham Smythe,TE,BAL,DAL,2500.0,1.88,0.752,Y
324,Bo Melton,WR,GB,ATL,3000.0,1.91,0.6366666666666666,Y
325,Davis Allen,TE,LA,@DEN,2500.0,2.0300000000000002,0.812,Y
326,Demond Claiborne,RB,MIN,@TB,4000.0,1.9999999999999998,0.49999999999999994,Y
327,Jacob Cowing,WR,SF,ARI,3100.0,1.7,0.5483870967741935,Y
328,Colson Yankoff,TE,WAS,SEA,,2.15,,N
329,Xavier Smith,WR,LA,@DEN,3000.0,2.05,0.6833333333333332,Y
330,CJ Donaldson,RB,NO,LV,,1.8099999999999998,,N
331,Sterling Shepard,WR,NYJ,@DET,3000.0,1.4499999999999997,0.4833333333333332,Y
332,Erick All,TE,CIN,@PIT,,1.68,,N
333,Brock Wright,TE,DET,NYJ,,1.68,,N
334,Nate Boerkircher,TE,JAX,NE,2500.0,1.77,0.708,Y
335,Tank Bigsby,RB,PHI,@CHI,5300.0,1.53,0.28867924528301886,Y
336,Colbie Young,WR,CIN,@PIT,3000.0,1.19,0.39666666666666667,Y
337,Jaleel McLaughlin,RB,CLE,CAR,,1.5499999999999998,,N
338,LeQuint Allen,RB,JAX,NE,4000.0,1.67,0.4175,Y
339,Tyrone Tracy,RB,NYG,TEN,4100.0,1.4,0.34146341463414637,Y
340,Khadarel Hodge,WR,SF,ARI,3000.0,1.8199999999999998,0.6066666666666666,Y
341,Zachariah Branch,WR,ATL,@GB,,1.7800000000000002,,N
342,John Metchie,WR,CAR,@CLE,,2.14,,N
343,Luke Schoonmaker,TE,DAL,BAL,2500.0,1.54,0.616,Y
344,Brevyn Spann-Ford,TE,DAL,BAL,2500.0,1.63,0.6519999999999999,Y
345,Hayden Rucci,TE,LAC,@BUF,2500.0,1.42,0.568,Y
346,Will Kacmarek,TE,MIA,KC,2500.0,1.48,0.592,Y
347,Lew Nichols,RB,PIT,CIN,,1.9199999999999997,,N
348,Luke Farrell,TE,SF,ARI,2500.0,1.6,0.64,Y
349,Tory Horton,WR,SEA,@WAS,3000.0,1.7200000000000002,0.5733333333333334,Y
350,Tez Johnson,WR,TB,MIN,3000.0,2.02,0.6733333333333333,Y
351,Nick Westbrook,WR,IND,HOU,,1.0499999999999998,,N
352,Daniel Bellinger,TE,TEN,@NYG,2500.0,1.6199999999999997,0.6479999999999999,Y
353,John Bates,TE,WAS,SEA,,1.56,,N
354,Charlie Woerner,TE,ATL,@GB,,1.2799999999999998,,N
355,Matt Hibner,TE,BAL,DAL,2500.0,1.45,0.58,Y
356,Jackson Hawes,TE,BUF,LAC,2500.0,1.2499999999999998,0.4999999999999999,Y
357,Deion Burks,WR,IND,HOU,,1.13,,N
358,Jalen Royals,WR,KC,@MIA,3000.0,1.2799999999999998,0.4266666666666666,Y
359,Derius Davis,WR,LAC,@BUF,3000.0,1.13,0.37666666666666665,Y
360,Jalen Tolbert,WR,MIA,KC,3000.0,1.22,0.4066666666666667,Y
361,Ryan Miller,WR,MIA,KC,3000.0,0.98,0.32666666666666666,Y
362,Kendre Miller,RB,NO,LV,,3.17,,N
363,Jordan Watkins,WR,SF,ARI,3300.0,2.27,0.6878787878787879,Y
364,Elijah Higgins,TE,ARI,@SF,2500.0,1.4500000000000002,0.5800000000000001,Y
365,Hunter Long,TE,ARI,@SF,2500.0,1.1800000000000002,0.4720000000000001,Y
366,Austin Hooper,TE,ATL,@GB,,1.81,,N
367,Jonathan Mingo,WR,DAL,BAL,3000.0,1.0899999999999999,0.3633333333333333,Y
368,Nate Adkins,TE,DEN,LA,2500.0,1.6600000000000001,0.664,Y
369,Josh Cameron,WR,JAX,NE,3000.0,1.8399999999999999,0.6133333333333333,Y
370,Quintin Morris,TE,JAX,NE,2500.0,1.2400000000000002,0.4960000000000001,Y
371,Cameron Latu,TE,NE,@JAX,2500.0,1.12,0.44800000000000006,Y
372,Jelani Woods,TE,NYJ,@DET,2500.0,1.1800000000000002,0.4720000000000001,Y
373,Ray Davis,RB,BUF,LAC,4000.0,1.1099999999999999,0.27749999999999997,Y
374,Sam Roush,TE,CHI,PHI,2500.0,1.2599999999999998,0.5039999999999999,Y
375,J Michael Sturdivant,WR,GB,ATL,,1.4,,N
376,Mo Alie-Cox,TE,IND,HOU,,1.17,,N
377,Drew Ogletree,TE,IND,HOU,,0.89,,N
378,Efton Chism,WR,NE,@JAX,3000.0,1.2000000000000002,0.4000000000000001,Y
379,Reggie Gilliam,TE,NE,@JAX,4000.0,0.9299999999999999,0.23249999999999998,Y
380,Kevin Austin,WR,NO,LV,,0.99,,N
381,Jamaal Pritchett,WR,NYJ,@DET,3000.0,0.84,0.27999999999999997,Y
382,Malik McClain,WR,NYJ,@DET,3000.0,0.87,0.29,Y
383,EJ Jenkins,TE,PHI,@CHI,,1.6,,N
384,Kaytron Allen,RB,WAS,SEA,,1.2000000000000002,,N
385,Treylon Burks,WR,WAS,SEA,,1.77,,N
386,Jahdae Walker,WR,CHI,PHI,3300.0,1.01,0.3060606060606061,Y
387,Cade Stover,TE,HOU,@IND,2500.0,1.04,0.41600000000000004,Y
388,Marlin Klein,TE,HOU,@IND,2500.0,0.86,0.344,Y
389,Oscar Delp,TE,NO,LV,,1.01,,N
390,Darius Cooper,WR,PHI,@CHI,3100.0,0.89,0.2870967741935484,Y
391,Eric Saubert,TE,SEA,@WAS,2500.0,1.1,0.44000000000000006,Y
392,Nicholas Singleton,RB,TEN,@NYG,,0.92,,N
393,Chimere Dike,WR,TEN,@NYG,3000.0,0.89,0.2966666666666667,Y
394,Ke'Shawn Williams,WR,CIN,@PIT,3000.0,0.82,0.2733333333333333,Y
395,Tylan Wallace,WR,CLE,CAR,,0.7,,N
396,Ameer Abdullah,RB,JAX,NE,4000.0,1.27,0.3175,Y
397,Marquez Valdes-Scantling,WR,LAC,@BUF,3000.0,0.82,0.2733333333333333,Y
398,DJ Herman,RB,MIA,KC,4000.0,1.12,0.28,Y
399,Odell Beckham,WR,NYG,TEN,,1.3200000000000003,,N
400,Braxton Berrios,WR,NYG,TEN,3000.0,1.03,0.3433333333333333,Y
401,Patrick Herbert,TE,LAC,@BUF,2500.0,0.63,0.252,Y
402,Brady Russell,RB,SEA,@WAS,4000.0,0.84,0.21,Y
403,Malik Benson,WR,LV,@NO,3000.0,0.98,0.32666666666666666,Y
404,Connor Heyward,TE,LV,@NO,4000.0,0.9199999999999999,0.22999999999999998,Y
405,Kimani Vidal,RB,LAC,@BUF,4000.0,1.1600000000000001,0.29000000000000004,Y
406,Sean Tucker,RB,TB,MIN,4000.0,0.6499999999999999,0.16249999999999998,Y
407,Isaiah Bond,WR,CLE,CAR,,0.61,,N
408,Adam Prentice,RB,DEN,LA,4000.0,0.58,0.145,Y
409,Kolbe Katsis,WR,DEN,LA,3000.0,0.61,0.20333333333333334,Y
410,Dylan Laube,RB,LV,@NO,4000.0,0.61,0.1525,Y
411,Chris Blair,WR,ATL,@GB,,0.6599999999999999,,N
412,David Moore,WR,CAR,@CLE,,0.6299999999999999,,N
413,Lewis Bond,WR,HOU,@IND,3000.0,0.42,0.13999999999999999,Y
414,Anthony Gould,WR,IND,HOU,,0.38999999999999996,,N
415,Cyrus Allen,WR,KC,@MIA,3200.0,0.5700000000000001,0.178125,Y
416,Jake Briningstool,TE,KC,@MIA,2500.0,0.6000000000000001,0.24000000000000005,Y
417,Cody White,WR,LV,@NO,3100.0,1.17,0.37741935483870964,Y
418,Dareke Young,WR,LV,@NO,3000.0,0.78,0.26,Y
419,Jordan James,RB,SF,ARI,4000.0,0.75,0.1875,Y
420,Bam Knight,RB,ARI,@SF,4000.0,0.47,0.1175,Y
421,Josh Cuevas,TE,BAL,DAL,2500.0,0.65,0.26,Y
422,Anthony Tyus,RB,CAR,@CLE,,0.81,,N
423,Zavion Thomas,WR,CHI,PHI,3000.0,0.47,0.15666666666666665,Y
424,Tahj Brooks,RB,CIN,@PIT,4000.0,0.37999999999999995,0.09499999999999999,Y
425,Tanner Hudson,TE,CIN,@PIT,2500.0,0.8900000000000001,0.35600000000000004,Y
426,Mark Redman,TE,GB,ATL,2500.0,0.41,0.16399999999999998,Y
427,Ian Thomas,TE,LV,@NO,2500.0,0.53,0.21200000000000002,Y
428,Alec Ingold,RB,LAC,@BUF,4000.0,0.8600000000000001,0.21500000000000002,Y
429,Corey Kiner,RB,NE,@JAX,4000.0,0.49999999999999994,0.12499999999999999,Y
430,Tanner Arkin,TE,NE,@JAX,2500.0,0.49999999999999994,0.19999999999999998,Y
431,Patrick Ricard,RB,NYG,TEN,4000.0,0.47,0.1175,Y
432,Andrew Beck,TE,NYJ,@DET,4000.0,0.49999999999999994,0.12499999999999999,Y
433,Brayden Willis,TE,SF,ARI,2500.0,0.37999999999999995,0.15199999999999997,Y
434,Luke McCaffrey,WR,WAS,SEA,,0.35,,N
435,Jaylin Lane,WR,WAS,SEA,,0.47,,N
436,Rasheen Ali,RB,BAL,DAL,4000.0,0.33999999999999997,0.08499999999999999,Y
437,Roschon Johnson,RB,CHI,PHI,4000.0,0.4,0.1,Y
438,Tay Martin,WR,DET,NYJ,,0.45999999999999996,,N
439,Dean Connors,RB,LA,@DEN,4000.0,0.33999999999999997,0.08499999999999999,Y
440,Chris Manhertz,TE,NYG,TEN,2500.0,0.4,0.16,Y
441,Simi Fehoko,WR,ARI,@SF,3000.0,0.24,0.08,Y
442,Devin Duvernay,WR,ARI,@SF,3000.0,0.21,0.06999999999999999,Y
443,Greg Dortch,WR,BUF,LAC,3000.0,0.24,0.08,Y
444,Keleki Latu,TE,BUF,LAC,2500.0,0.32999999999999996,0.13199999999999998,Y
445,Feleipe Franks,TE,CAR,@CLE,,0.24,,N
446,Tom Kennedy,WR,DET,NYJ,,0.21,,N
447,Jackson Meeks,TE,DET,NYJ,,0.44999999999999996,,N
448,Tanner Koziol,TE,JAX,NE,2500.0,0.21,0.08399999999999999,Y
449,Ben VanSumeren,RB,KC,@MIA,4000.0,0.24,0.06,Y
450,Nikko Remigio,WR,KC,@MIA,3000.0,0.18,0.06,Y
451,Max Klare,TE,LA,@DEN,2500.0,0.39,0.156,Y
452,Jarquez Hunter,RB,MIA,KC,4000.0,0.9299999999999999,0.23249999999999998,Y
453,Tai Felton,WR,MIN,@TB,3000.0,0.24,0.08,Y
454,Myles Price,WR,MIN,@TB,3000.0,0.27,0.09000000000000001,Y
455,Jalen Moreno-Cropper,WR,NO,LV,,0.43,,N
456,Britain Covey,WR,PHI,@CHI,3000.0,0.21,0.06999999999999999,Y
457,Riley Nowakowski,RB,PIT,CIN,,0.21,,N
458,Ben Skowronek,WR,PIT,CIN,,0.44999999999999996,,N
459,Robert Tonyan,TE,PIT,CIN,,0.32999999999999996,,N
460,Bauer Sharp,TE,TB,MIN,2500.0,0.36,0.144,Y
461,Payne Durham,TE,TB,MIN,2500.0,0.21,0.08399999999999999,Y
462,Nick Muse,TE,ATL,@GB,,0.2,,N
463,Michael Burton,RB,CLE,CAR,,0.22999999999999998,,N
464,Malachi Corley,WR,CLE,CAR,,0.22999999999999998,,N
465,Carsen Ryan,TE,CLE,CAR,,0.16999999999999998,,N
466,Jacob Saylors,RB,DET,NYJ,,0.2,,N
467,Josh Whyle,TE,GB,ATL,2500.0,0.16999999999999998,0.06799999999999999,Y
468,Brashard Smith,RB,KC,@MIA,4000.0,0.47000000000000003,0.11750000000000001,Y
469,Max Bredeson,RB,MIN,@TB,4000.0,0.16999999999999998,0.042499999999999996,Y
470,Gavin Bartholomew,TE,MIN,@TB,2500.0,0.53,0.21200000000000002,Y
471,Isaiah Davis,RB,NYJ,@DET,4200.0,1.9100000000000001,0.45476190476190476,Y
472,David Martin-Robinson,TE,TEN,@NYG,2500.0,0.2,0.08,Y
473,British Brooks,RB,HOU,@IND,4000.0,0.07,0.0175,Y
474,Seydou Traore,TE,MIA,KC,2500.0,0.07,0.028000000000000004,Y
475,Justin Joly,TE,MIA,KC,2500.0,0.07,0.028000000000000004,Y
476,Kameron Johnson,WR,TB,MIN,3000.0,0.16,0.05333333333333334,Y
477,Ko Kieft,TE,TB,MIN,2500.0,0.07,0.028000000000000004,Y
478,Mason Rudolph,QB,PIT,CIN,,-0.23999999999999996,,N
