,Player,DK ID,Pos,Team,Opp,Proj,Sal,Own,Floor,Ceiling,JA Proj,Avg Proj,Avg Ceiling,Proj OA,Ceiling OA,wProj1,wProj_ceil
0,Jahmyr Gibbs,44391896,RB,DET,ARI,29.3,9800.0,44.0,13.6,46.1,28.5,14.75,26.1,1.99,1.19,29.1,34.7
1,Jaxon Smith-Njigba,44392166,WR,SEA,SF,22.4,8800.0,14.0,9.4,37.2,21.62,12.51,23.74,1.79,1.14,22.2,25.37
15,Jared Goff,44391825,QB,DET,ARI,22.1,6600.0,14.0,11.2,32.3,21.41,17.11,26.47,1.29,1.06,21.93,23.13
4,Amon-Ra St. Brown,44392170,WR,DET,ARI,21.4,7900.0,31.0,8.7,36.2,20.91,12.51,23.74,1.71,1.13,21.28,24.04
42,Jacoby Brissett,44391835,QB,ARI,DET,20.7,5500.0,28.0,10.1,31.0,20.16,17.11,26.47,1.21,1.04,20.56,21.44
13,Trey McBride,44392590,TE,ARI,DET,20.7,6700.0,40.0,8.9,34.6,20.55,11.28,21.08,1.84,1.16,20.66,23.97
2,Christian McCaffrey,44391898,RB,SF,SEA,20.4,8200.0,7.0,9.2,33.7,19.83,14.75,26.1,1.38,1.07,20.26,21.73
21,Drake Maye,44391827,QB,NE,LV,20.0,6300.0,7.0,10.4,30.5,19.66,17.11,26.47,1.17,1.04,19.92,20.66
5,Jonathan Taylor,44391900,RB,IND,PIT,19.9,7800.0,10.0,8.7,33.8,19.49,14.75,26.1,1.35,1.08,19.8,21.28
24,D'Andre Swift,44391912,RB,CHI,GB,19.7,6200.0,36.0,8.2,34.0,18.78,14.75,26.1,1.34,1.08,19.47,20.93
3,Ja'Marr Chase,44392168,WR,CIN,MIA,19.3,8100.0,9.0,7.8,33.5,19.09,12.51,23.74,1.54,1.1,19.25,21.22
11,Joe Burrow,44391824,QB,CIN,MIA,19.2,6900.0,1.0,9.8,29.5,19.17,17.11,26.47,1.12,1.03,19.19,19.72
18,Brock Purdy,44391826,QB,SF,SEA,18.9,6500.0,2.0,9.2,28.5,18.37,17.11,26.47,1.1,1.02,18.77,19.14
17,Aaron Jones,44391908,RB,MIN,NO,18.8,6500.0,17.0,8.0,31.9,18.44,14.75,26.1,1.27,1.06,18.71,19.74
10,Brock Bowers,44392588,TE,LV,NE,18.6,7000.0,10.0,7.7,31.9,18.0,11.28,21.08,1.65,1.13,18.45,20.8
31,Jayden Daniels,44391830,QB,WAS,NYG,18.4,6000.0,3.0,9.1,27.9,18.42,17.11,26.47,1.08,1.01,18.4,18.64
12,Chase Brown,44391904,RB,CIN,MIA,18.1,6900.0,17.0,7.7,31.3,17.98,14.75,26.1,1.23,1.05,18.07,18.97
40,Bo Nix,44391834,QB,DEN,LAC,17.8,5600.0,5.0,8.5,27.4,17.38,17.11,26.47,1.04,1.01,17.7,17.87
27,Tyler Shough,44391829,QB,NO,MIN,17.6,6100.0,2.0,8.3,27.3,17.38,17.11,26.47,1.03,1.01,17.55,17.68
38,Jordan Love,44391833,QB,GB,CHI,17.6,5700.0,4.0,8.7,27.6,17.22,17.11,26.47,1.03,1.01,17.51,17.68
33,C.J. Stroud,44391831,QB,HOU,TEN,17.6,5900.0,2.0,8.6,27.3,17.37,17.11,26.47,1.03,1.01,17.54,17.67
36,Sam Darnold,44391832,QB,SEA,SF,17.5,5800.0,2.0,8.1,27.1,17.12,17.11,26.47,1.02,1.0,17.4,17.49
80,Tyson Bagent,44391845,QB,CHI,GB,17.4,4700.0,9.0,7.3,26.8,17.22,17.11,26.47,1.02,1.0,17.35,17.4
23,Michael Wilson,44392188,WR,ARI,DET,17.3,6200.0,37.0,6.5,31.0,16.89,12.51,23.74,1.38,1.08,17.2,18.53
47,Braelon Allen,44391932,RB,NYJ,CLE,17.3,5400.0,27.0,7.4,30.1,17.0,14.75,26.1,1.17,1.04,17.23,17.87
6,Chris Olave,44392172,WR,NO,MIN,17.3,7700.0,8.0,6.6,30.8,17.1,12.51,23.74,1.38,1.08,17.25,18.54
56,Kyler Murray,44391838,QB,MIN,NO,17.2,5200.0,2.0,8.3,26.4,16.95,17.11,26.47,1.01,1.0,17.14,17.14
7,Nico Collins,44392174,WR,HOU,TEN,17.1,7500.0,10.0,6.1,30.8,17.03,12.51,23.74,1.37,1.08,17.08,18.36
60,Deshaun Watson,44391839,QB,CLE,NYJ,16.8,5100.0,4.0,8.0,26.1,16.59,17.11,26.47,0.98,1.0,16.75,16.71
16,Garrett Wilson,44392180,WR,NYJ,CLE,16.8,6600.0,13.0,6.5,29.9,16.63,12.51,23.74,1.34,1.06,16.76,17.85
50,Aaron Rodgers,44391837,QB,PIT,IND,16.3,5300.0,3.0,7.7,25.8,16.04,17.11,26.47,0.95,0.99,16.24,16.11
14,Jaylen Warren,44391906,RB,PIT,IND,16.1,6700.0,3.0,6.6,28.3,15.92,14.75,26.1,1.09,1.02,16.06,16.38
61,Justin Herbert,44391840,QB,LAC,DEN,16.1,5100.0,3.0,7.6,25.0,15.94,17.11,26.47,0.94,0.98,16.06,15.82
8,Justin Jefferson,44392176,WR,MIN,NO,16.0,7300.0,7.0,5.9,28.9,16.38,12.51,23.74,1.28,1.06,16.1,16.98
111,Mike Washington Jr.,44391992,RB,LV,NE,16.0,4200.0,50.0,6.6,28.0,12.37,14.75,26.1,1.08,1.02,15.09,15.36
51,Emanuel Wilson,44391938,RB,SEA,SF,15.6,5300.0,19.0,5.8,27.8,15.26,14.75,26.1,1.06,1.02,15.51,15.79
45,Kirk Cousins,44391836,QB,LV,NE,15.0,5400.0,2.0,6.8,23.9,14.99,17.11,26.47,0.88,0.98,15.0,14.62
89,Malik Willis,44391846,QB,MIA,CIN,15.0,4600.0,4.0,6.8,23.8,15.33,17.11,26.47,0.88,0.98,15.08,14.71
68,Geno Smith,44391842,QB,NYJ,CLE,14.5,5000.0,1.0,6.6,23.0,14.51,17.11,26.47,0.85,0.97,14.5,14.03
64,Daniel Jones,44391841,QB,IND,PIT,14.2,5000.0,0.0,6.5,22.8,14.19,17.11,26.47,0.83,0.96,14.2,13.7
37,Quinshon Judkins,44391924,RB,CLE,NYJ,14.2,5700.0,9.0,5.6,25.4,13.98,14.75,26.1,0.96,0.99,14.14,14.04
30,Cam Skattebo,44391918,RB,NYG,WAS,14.0,6000.0,3.0,5.5,24.9,13.59,14.75,26.1,0.95,0.99,13.9,13.72
58,George Kittle,44392592,TE,SF,SEA,14.0,5200.0,10.0,4.9,25.5,13.64,11.28,21.08,1.24,1.05,13.91,14.64
39,Matthew Golden,44392198,WR,GB,CHI,13.9,5700.0,12.0,4.5,26.2,13.65,12.51,23.74,1.11,1.02,13.84,14.18
22,Malik Nabers,44392186,WR,NYG,WAS,13.8,6300.0,5.0,4.4,26.0,13.62,12.51,23.74,1.1,1.02,13.76,14.06
48,DK Metcalf,44392208,WR,PIT,IND,13.8,5400.0,11.0,4.3,26.2,13.58,12.51,23.74,1.1,1.02,13.74,14.09
79,Jameis Winston,44391844,QB,NYG,WAS,13.6,4800.0,1.0,5.7,22.2,13.53,17.11,26.47,0.79,0.96,13.58,13.04
20,Christian Watson,44392184,WR,GB,CHI,13.5,6400.0,6.0,3.9,26.2,13.58,12.51,23.74,1.08,1.02,13.52,13.86
70,Sam LaPorta,44392596,TE,DET,ARI,13.4,4900.0,16.0,4.3,24.9,13.28,11.28,21.08,1.19,1.04,13.37,13.97
26,Jaylen Waddle,44392190,WR,DEN,LAC,13.3,6100.0,4.0,4.3,25.2,13.32,12.51,23.74,1.06,1.02,13.31,13.5
65,Tyler Warren,44392594,TE,IND,PIT,13.1,5000.0,5.0,5.1,23.2,12.89,11.28,21.08,1.16,1.02,13.05,13.37
115,Tre Harris,44392242,WR,LAC,DEN,13.0,4100.0,26.0,4.4,24.3,12.7,12.51,23.74,1.04,1.0,12.92,12.99
72,Cam Ward,44391843,QB,TEN,HOU,12.9,4900.0,0.0,5.4,20.2,12.93,17.11,26.47,0.75,0.94,12.91,12.13
32,Jameson Williams,44392194,WR,DET,ARI,12.9,5900.0,10.0,3.3,25.4,12.5,12.51,23.74,1.03,1.02,12.8,13.02
19,Mike Evans,44392182,WR,SF,SEA,12.8,6500.0,1.0,3.8,24.5,12.45,12.51,23.74,1.02,1.01,12.71,12.81
69,Luther Burden,44392222,WR,CHI,GB,12.7,4900.0,14.0,4.3,24.1,12.78,12.51,23.74,1.01,1.0,12.72,12.75
43,Rhamondre Stevenson,44391930,RB,NE,LV,12.7,5500.0,1.0,4.6,23.1,12.98,14.75,26.1,0.86,0.97,12.77,12.42
25,Jeremiyah Love,44391914,RB,ARI,DET,12.6,6100.0,5.0,4.5,22.8,12.74,14.75,26.1,0.85,0.97,12.64,12.22
28,Josh Downs,44392192,WR,IND,PIT,12.6,6000.0,1.0,4.4,23.4,12.47,12.51,23.74,1.01,1.0,12.57,12.54
90,Malik Washington,44392228,WR,MIA,CIN,12.4,4600.0,11.0,4.3,22.8,12.44,12.51,23.74,0.99,0.99,12.41,12.29
9,Tee Higgins,44392178,WR,CIN,MIA,12.4,7100.0,0.0,3.1,24.3,8.68,12.51,23.74,0.99,1.0,11.47,11.53
52,Carnell Tate,44392210,WR,TEN,HOU,12.3,5300.0,7.0,3.9,23.1,12.32,12.51,23.74,0.98,0.99,12.31,12.21
83,Tucker Kraft,44392600,TE,GB,CHI,12.2,4700.0,8.0,4.0,22.8,12.09,11.28,21.08,1.08,1.02,12.17,12.42
67,Romeo Doubs,44392220,WR,NE,LV,12.0,5000.0,11.0,3.1,23.8,12.39,12.51,23.74,0.96,1.0,12.1,12.1
55,RJ Harvey,44391942,RB,DEN,LAC,11.9,5200.0,2.0,4.4,21.7,11.77,14.75,26.1,0.81,0.96,11.87,11.36
107,Isaiah Likely,44392608,TE,NYG,WAS,11.9,4300.0,8.0,4.2,21.9,11.73,11.28,21.08,1.06,1.01,11.86,11.98
53,Terry McLaurin,44392212,WR,WAS,NYG,11.8,5300.0,2.0,3.0,23.4,8.26,12.51,23.74,0.94,1.0,10.92,10.89
49,Ollie Gordon,44391936,RB,MIA,CIN,11.8,5300.0,0.0,4.3,21.7,11.35,14.75,26.1,0.8,0.96,11.69,11.19
34,David Montgomery,44391922,RB,HOU,TEN,11.6,5800.0,1.0,4.0,21.8,11.23,14.75,26.1,0.79,0.96,11.51,11.05
54,Denzel Boston,44392214,WR,CLE,NYJ,11.4,5200.0,3.0,2.7,22.9,10.92,12.51,23.74,0.91,0.99,11.28,11.17
66,TreVeyon Henderson,44391950,RB,NE,LV,11.4,5000.0,3.0,3.8,21.7,10.64,14.75,26.1,0.77,0.96,11.21,10.73
109,KC Concepcion,44392244,WR,CLE,NYJ,11.4,4200.0,10.0,3.9,21.5,10.95,12.51,23.74,0.91,0.98,11.29,11.03
46,Alvin Kamara,44391934,RB,NO,MIN,11.3,5400.0,1.0,4.3,20.5,11.68,14.75,26.1,0.77,0.95,11.4,10.8
44,Deebo Samuel,44392202,WR,SF,SEA,11.1,5500.0,0.0,3.4,20.8,10.63,12.51,23.74,0.89,0.97,10.98,10.65
73,Jacory Croskey-Merritt,44391954,RB,WAS,NYG,10.8,4900.0,1.0,3.4,21.0,10.11,14.75,26.1,0.73,0.95,10.63,10.1
41,Tony Pollard,44391926,RB,TEN,HOU,10.8,5600.0,1.0,3.8,19.7,10.77,14.75,26.1,0.73,0.94,10.79,10.12
99,Harold Fannin,44392606,TE,CLE,NYJ,10.7,4400.0,1.0,3.4,20.1,10.52,11.28,21.08,0.95,0.99,10.65,10.52
78,TJ Hockenson,44392598,TE,MIN,NO,10.4,4800.0,1.0,3.3,19.5,10.26,11.28,21.08,0.92,0.98,10.36,10.18
74,MarShawn Lloyd,44391956,RB,GB,CHI,10.3,4800.0,1.0,3.3,19.6,9.56,14.75,26.1,0.7,0.94,10.12,9.48
159,Oronde Gadsden,44392620,TE,LAC,DEN,10.3,3600.0,5.0,2.9,19.6,9.49,11.28,21.08,0.91,0.98,10.1,9.92
57,Devaughn Vele,44392216,WR,NO,MIN,10.2,5200.0,1.0,2.8,19.8,10.22,12.51,23.74,0.82,0.96,10.2,9.77
86,Colston Loveland,44392602,TE,CHI,GB,10.2,4600.0,1.0,2.7,19.9,10.23,11.28,21.08,0.9,0.98,10.21,10.05
87,Courtland Sutton,44392230,WR,DEN,LAC,10.0,4600.0,3.0,2.2,20.4,9.81,12.51,23.74,0.8,0.96,9.95,9.6
171,Texans,44392853,DST,HOU,TEN,9.92,3400.0,8.0,2.8,16.6,9.1,6.64,13.86,1.49,1.05,9.72,10.2
76,Tre Tucker,44392224,WR,LV,NE,9.9,4800.0,2.0,2.5,20.0,9.84,12.51,23.74,0.79,0.96,9.89,9.49
63,JK Dobbins,44391948,RB,DEN,LAC,9.7,5000.0,0.0,2.9,19.2,9.93,14.75,26.1,0.66,0.94,9.76,9.12
81,Rome Odunze,44392226,WR,CHI,GB,9.7,4700.0,3.0,1.9,20.3,9.92,12.51,23.74,0.78,0.96,9.75,9.39
150,Kenyon Sadiq,44392616,TE,NYJ,CLE,9.7,3800.0,3.0,2.8,18.6,9.71,11.28,21.08,0.86,0.97,9.7,9.41
92,Keaton Mitchell,44391974,RB,LAC,DEN,9.7,4500.0,1.0,3.2,18.2,8.95,14.75,26.1,0.66,0.92,9.51,8.8
35,Jordan Addison,44392196,WR,MIN,NO,9.6,5800.0,1.0,2.0,19.6,9.71,12.51,23.74,0.77,0.96,9.63,9.22
93,Juwan Johnson,44392604,TE,NO,MIN,9.5,4500.0,1.0,2.7,18.5,9.81,11.28,21.08,0.84,0.97,9.58,9.29
29,Omarion Hampton,44391916,RB,LAC,DEN,9.4,6000.0,0.0,2.7,18.2,9.09,14.75,26.1,0.64,0.92,9.32,8.62
156,Roman Wilson,44392270,WR,PIT,IND,9.4,3700.0,10.0,2.1,19.4,9.47,12.51,23.74,0.75,0.96,9.42,8.99
96,Wan'Dale Robinson,44392234,WR,TEN,HOU,9.4,4500.0,0.0,2.9,17.6,9.28,12.51,23.74,0.75,0.94,9.37,8.76
126,Dalton Schultz,44392612,TE,HOU,TEN,9.3,4000.0,3.0,2.6,18.1,9.44,11.28,21.08,0.82,0.96,9.34,9.01
154,Hunter Henry,44392618,TE,NE,LV,8.8,3700.0,3.0,2.0,17.8,8.86,11.28,21.08,0.78,0.96,8.82,8.46
97,Marvin Harrison Jr.,44392236,WR,ARI,DET,8.7,4400.0,7.0,1.3,18.4,8.31,12.51,23.74,0.7,0.94,8.6,8.11
152,Antonio Williams,44392268,WR,WAS,NYG,8.7,3800.0,5.0,1.8,18.2,9.27,12.51,23.74,0.7,0.94,8.84,8.33
59,Tyler Allgeier,44391946,RB,ARI,DET,8.4,5100.0,0.0,2.3,16.3,8.3,14.75,26.1,0.57,0.9,8.38,7.58
104,Keenan Allen,44392240,WR,IND,PIT,8.4,4300.0,0.0,2.2,16.9,8.43,12.51,23.74,0.67,0.93,8.41,7.8
238,Jets,44392864,DST,NYJ,CLE,8.32,2700.0,10.0,1.7,15.3,7.8,6.64,13.86,1.25,1.02,8.19,8.39
148,Pat Freiermuth,44392614,TE,PIT,IND,8.3,3900.0,1.0,2.0,16.8,8.23,11.28,21.08,0.74,0.95,8.28,7.87
183,Broncos,44392855,DST,DEN,LAC,8.26,3200.0,6.0,1.8,15.7,8.1,6.64,13.86,1.24,1.03,8.22,8.49
144,Rashid Shaheed,44392256,WR,SEA,SF,8.2,4000.0,1.0,1.6,17.2,7.54,12.51,23.74,0.66,0.93,8.04,7.47
229,Commanders,44392860,DST,WAS,NYG,8.16,2900.0,13.0,1.8,15.7,8.0,6.64,13.86,1.23,1.03,8.12,8.38
181,AJ Barner,44392626,TE,SEA,SF,8.1,3200.0,1.0,1.8,16.4,7.94,11.28,21.08,0.72,0.94,8.06,7.62
162,Michael Mayer,44392622,TE,LV,NE,8.1,3500.0,1.0,2.2,15.9,8.32,11.28,21.08,0.72,0.94,8.15,7.65
62,Rachaad White,44391944,RB,WAS,NYG,8.0,5100.0,0.0,2.1,16.0,7.46,14.75,26.1,0.54,0.9,7.86,7.1
163,DeMario Douglas,44392290,WR,NE,LV,8.0,3500.0,2.0,1.6,16.8,7.69,12.51,23.74,0.64,0.93,7.92,7.35
160,Chris Bell,44392276,WR,MIA,CIN,8.0,3600.0,2.0,1.5,16.9,7.89,12.51,23.74,0.64,0.93,7.97,7.39
166,Bengals,44392852,DST,CIN,MIA,7.99,3500.0,4.0,2.0,15.9,8.2,6.64,13.86,1.2,1.04,8.04,8.34
232,Browns,44392861,DST,CLE,NYJ,7.92,2800.0,10.0,1.6,15.0,7.6,6.64,13.86,1.19,1.02,7.84,8.0
75,Woody Marks,44391958,RB,HOU,TEN,7.9,4800.0,0.0,2.3,15.7,7.92,14.75,26.1,0.54,0.9,7.91,7.11
88,Kaleb Johnson,44391968,RB,GB,CHI,7.8,4600.0,0.0,2.0,16.2,7.42,14.75,26.1,0.53,0.9,7.7,6.97
146,Kalif Raymond,44392262,WR,CHI,GB,7.7,3900.0,1.0,1.7,15.9,7.68,12.51,23.74,0.62,0.92,7.7,7.06
84,Rico Dowdle,44391962,RB,PIT,IND,7.5,4700.0,0.0,2.0,15.2,7.74,14.75,26.1,0.51,0.9,7.56,6.77
189,Vikings,44392856,DST,MIN,NO,7.26,3100.0,7.0,1.7,15.3,7.8,6.64,13.86,1.09,1.02,7.4,7.58
147,Kayshon Boutte,44392258,WR,HOU,TEN,7.1,3900.0,0.0,1.0,15.5,6.77,12.51,23.74,0.57,0.91,7.02,6.4
71,Kendre Miller,44391952,RB,NO,MIN,7.0,4900.0,0.0,1.9,14.1,6.4,14.75,26.1,0.47,0.88,6.85,6.06
175,Chig Okonkwo,44392624,TE,WAS,NYG,7.0,3300.0,1.0,1.5,14.5,7.0,11.28,21.08,0.62,0.92,7.0,6.46
176,Steelers,44392854,DST,PIT,IND,6.91,3300.0,1.0,1.0,13.8,6.6,6.64,13.86,1.04,1.0,6.83,6.83
155,Isaiah Williams,44392272,WR,NYJ,CLE,6.9,3700.0,0.0,1.4,14.6,6.9,12.51,23.74,0.55,0.9,6.9,6.23
95,George Holani,44391976,RB,SEA,SF,6.7,4500.0,0.0,1.5,13.9,6.85,14.75,26.1,0.45,0.88,6.74,5.95
113,Mike Gesicki,44392610,TE,CIN,MIA,6.6,4100.0,6.0,1.0,14.3,7.62,11.28,21.08,0.59,0.92,6.86,6.31
151,Cooper Kupp,44392264,WR,SEA,SF,6.6,3800.0,0.0,0.8,14.6,6.56,12.51,23.74,0.53,0.9,6.59,5.95
186,Greg Dulcich,44392628,TE,MIA,CIN,6.6,3100.0,0.0,1.3,13.7,6.6,11.28,21.08,0.59,0.91,6.6,6.02
180,Efton Chism,44392312,WR,NE,LV,6.5,3200.0,1.0,0.8,14.6,6.33,12.51,23.74,0.52,0.9,6.46,5.83
228,Bears,44392859,DST,CHI,GB,6.44,2900.0,1.0,0.3,13.1,6.0,6.64,13.86,0.97,0.99,6.33,6.25
161,Dohnte Meyers,44392288,WR,CIN,MIA,6.4,3500.0,1.0,1.0,14.5,7.42,12.51,23.74,0.51,0.9,6.66,6.01
173,Cody White,44392302,WR,LV,NE,6.4,3300.0,1.0,0.9,14.2,6.34,12.51,23.74,0.51,0.9,6.39,5.75
226,Patriots,44392858,DST,NE,LV,6.38,3000.0,3.0,1.1,14.4,7.0,6.64,13.86,0.96,1.01,6.54,6.6
170,Germie Bernard,44392298,WR,PIT,IND,6.3,3400.0,1.0,0.8,13.9,6.27,12.51,23.74,0.5,0.9,6.29,5.65
289,Titans,44392872,DST,TEN,HOU,6.24,2100.0,10.0,0.4,12.9,6.1,6.64,13.86,0.94,0.98,6.2,6.1
237,Packers,44392863,DST,GB,CHI,6.24,2700.0,1.0,0.0,12.7,5.7,6.64,13.86,0.94,0.98,6.1,5.98
169,Isaac TeSlaa,44392294,WR,DET,ARI,6.2,3400.0,4.0,0.3,14.5,6.29,12.51,23.74,0.5,0.9,6.22,5.62
106,Malachi Fields,44392250,WR,NYG,WAS,6.1,4300.0,0.0,0.6,13.8,6.31,12.51,23.74,0.49,0.9,6.15,5.51
227,Darnell Washington,44392632,TE,PIT,IND,6.1,2900.0,0.0,0.9,13.3,6.01,11.28,21.08,0.54,0.91,6.08,5.52
91,Tyjae Spears,44391970,RB,TEN,HOU,5.9,4600.0,0.0,1.4,12.1,5.7,14.75,26.1,0.4,0.86,5.85,5.06
233,Seahawks,44392862,DST,SEA,SF,5.88,2800.0,2.0,0.5,13.9,6.5,6.64,13.86,0.89,1.0,6.04,6.04
285,Raiders,44392868,DST,LV,NE,5.86,2500.0,5.0,0.0,13.3,6.1,6.64,13.86,0.88,0.99,5.92,5.86
242,Saints,44392865,DST,NO,MIN,5.84,2600.0,4.0,0.5,13.0,6.2,6.64,13.86,0.88,0.98,5.93,5.84
179,Jaylin Noel,44392314,WR,HOU,TEN,5.7,3200.0,0.0,0.7,13.1,5.76,12.51,23.74,0.46,0.89,5.72,5.07
230,Evan Engram,44392636,TE,DEN,LAC,5.7,2800.0,0.0,0.9,12.3,5.94,11.28,21.08,0.51,0.9,5.76,5.16
101,Austin Ekeler,44391982,RB,WAS,NYG,5.6,4400.0,0.0,0.9,12.6,5.51,14.75,26.1,0.38,0.87,5.58,4.85
225,Lions,44392857,DST,DET,ARI,5.59,3000.0,2.0,0.0,13.1,6.0,6.64,13.86,0.84,0.99,5.69,5.62
286,49ers,44392869,DST,SF,SEA,5.53,2400.0,3.0,-0.2,12.5,5.5,6.64,13.86,0.83,0.98,5.52,5.38
174,Marquez Valdes-Scantling,44392308,WR,LAC,DEN,5.5,3300.0,0.0,0.3,13.3,6.1,12.51,23.74,0.44,0.89,5.65,5.03
243,Giants,44392866,DST,NYG,WAS,5.43,2600.0,1.0,0.2,12.7,5.8,6.64,13.86,0.82,0.98,5.52,5.41
98,Samaje Perine,44391984,RB,CIN,MIA,5.4,4400.0,0.0,0.8,12.2,5.43,14.75,26.1,0.37,0.87,5.41,4.69
284,Colts,44392867,DST,IND,PIT,5.34,2500.0,2.0,0.3,12.4,5.7,6.64,13.86,0.8,0.97,5.43,5.28
287,Chargers,44392870,DST,LAC,DEN,5.33,2300.0,3.0,0.0,12.2,5.4,6.64,13.86,0.8,0.97,5.35,5.19
177,Troy Franklin,44392316,WR,DEN,LAC,5.3,3200.0,1.0,0.3,12.4,5.0,12.51,23.74,0.42,0.88,5.22,4.6
158,Laquon Treadwell,44392278,WR,IND,PIT,5.3,3600.0,0.0,0.5,12.2,4.97,12.51,23.74,0.42,0.88,5.22,4.58
77,Jaylen Wright,44391960,RB,MIA,CIN,5.2,4800.0,0.0,1.0,11.3,5.2,14.75,26.1,0.35,0.86,5.2,4.46
231,Gunnar Helm,44392634,TE,TEN,HOU,5.1,2800.0,0.0,0.7,10.9,5.13,11.28,21.08,0.45,0.88,5.11,4.49
167,Kendrick Bourne,44392300,WR,ARI,DET,5.0,3400.0,4.0,0.4,11.5,5.39,12.51,23.74,0.4,0.87,5.1,4.43
205,Kevin Coleman,44392566,WR,MIA,CIN,5.0,3000.0,0.0,0.4,11.8,5.09,12.51,23.74,0.4,0.88,5.02,4.39
127,Dylan Laube,44392140,RB,LV,NE,5.0,4000.0,0.0,0.7,11.5,3.59,14.75,26.1,0.34,0.86,4.65,4.0
82,Raheim Sanders,44391964,RB,CLE,NYJ,4.8,4700.0,0.0,0.6,11.2,4.69,14.75,26.1,0.33,0.86,4.77,4.09
94,Najee Harris,44391978,RB,NYG,WAS,4.8,4500.0,0.0,0.9,10.9,4.8,14.75,26.1,0.33,0.86,4.8,4.1
125,Xavier Hutchinson,44392254,WR,HOU,TEN,4.8,4000.0,0.0,0.2,11.5,4.68,12.51,23.74,0.38,0.87,4.77,4.15
178,Skyy Moore,44392320,WR,GB,CHI,4.7,3200.0,0.0,0.3,11.2,4.58,12.51,23.74,0.38,0.87,4.67,4.05
271,Mason Taylor,44392780,TE,NYJ,CLE,4.6,2500.0,0.0,0.4,10.6,4.78,11.28,21.08,0.41,0.88,4.64,4.06
105,Kimani Vidal,44391990,RB,LAC,DEN,4.6,4300.0,0.0,0.4,10.9,4.69,14.75,26.1,0.31,0.86,4.62,3.95
290,Dolphins,44392873,DST,MIA,CIN,4.55,2000.0,5.0,-0.7,11.6,4.9,6.64,13.86,0.69,0.96,4.64,4.45
188,Dyami Brown,44392330,WR,WAS,NYG,4.5,3100.0,0.0,0.0,11.2,5.37,12.51,23.74,0.36,0.87,4.72,4.09
116,Jauan Jennings,44392248,WR,MIN,NO,4.5,4100.0,0.0,0.1,10.9,4.5,12.51,23.74,0.36,0.86,4.5,3.89
213,Noah Fant,44392630,TE,NO,MIN,4.5,3000.0,0.0,0.4,10.5,4.38,11.28,21.08,0.4,0.88,4.47,3.91
149,Darnell Mooney,44392266,WR,NYG,WAS,4.5,3800.0,0.0,0.1,11.0,4.53,12.51,23.74,0.36,0.86,4.51,3.9
168,Marvin Mims,44392296,WR,DEN,LAC,4.2,3400.0,0.0,0.2,10.1,4.02,12.51,23.74,0.34,0.86,4.16,3.56
182,Treylon Burks,44392318,WR,WAS,NYG,4.2,3200.0,0.0,0.0,10.9,5.52,12.51,23.74,0.34,0.86,4.53,3.92
223,Elic Ayomanor,44392448,WR,TEN,HOU,4.1,3000.0,0.0,0.0,10.2,4.16,12.51,23.74,0.33,0.86,4.12,3.53
210,Bryce Lance,44392518,WR,NO,MIN,4.0,3000.0,0.0,0.0,10.4,3.94,12.51,23.74,0.32,0.86,3.98,3.43
187,Kyle Williams,44392328,WR,NE,LV,4.0,3100.0,0.0,0.0,11.0,3.79,12.51,23.74,0.32,0.86,3.95,3.41
85,Kaelon Black,44391966,RB,SF,SEA,3.7,4700.0,0.0,0.5,8.6,3.58,14.75,26.1,0.25,0.83,3.67,3.06
153,Jerry Jeudy,44392274,WR,CLE,NYJ,3.6,3700.0,0.0,0.0,9.6,3.63,12.51,23.74,0.29,0.85,3.61,3.07
239,Cole Kmet,44392644,TE,CHI,GB,3.6,2600.0,0.0,0.0,9.4,3.6,11.28,21.08,0.32,0.86,3.6,3.11
263,Charlie Kolar,44392650,TE,LAC,DEN,3.6,2500.0,0.0,0.0,9.0,3.45,11.28,21.08,0.32,0.86,3.56,3.05
236,Eli Raridon,44392638,TE,NE,LV,3.6,2700.0,0.0,0.0,9.6,3.63,11.28,21.08,0.32,0.86,3.61,3.12
102,Sione Vaki,44391986,RB,DET,ARI,3.4,4300.0,0.0,0.1,9.0,3.28,14.75,26.1,0.23,0.84,3.37,2.81
112,Isaiah Davis,44391996,RB,NYJ,CLE,3.4,4200.0,0.0,0.3,8.5,3.31,14.75,26.1,0.23,0.83,3.38,2.81
108,Roschon Johnson,44391998,RB,CHI,GB,3.3,4200.0,0.0,0.1,9.0,3.78,14.75,26.1,0.22,0.84,3.42,2.86
288,Cardinals,44392871,DST,ARI,DET,3.16,2200.0,0.0,-2.0,9.5,3.3,6.64,13.86,0.48,0.92,3.2,2.95
216,Sterling Shepard,44392498,WR,NYJ,CLE,3.1,3000.0,0.0,0.0,8.4,3.1,12.51,23.74,0.25,0.84,3.1,2.6
221,Tory Horton,44392340,WR,SEA,SF,3.0,3000.0,0.0,0.0,8.7,2.76,12.51,23.74,0.24,0.84,2.94,2.48
279,Daniel Bellinger,44392746,TE,TEN,HOU,2.9,2500.0,0.0,0.0,7.3,3.36,11.28,21.08,0.26,0.84,3.01,2.53
257,Foster Moreau,44392652,TE,HOU,TEN,2.9,2500.0,0.0,0.0,7.7,3.46,11.28,21.08,0.26,0.84,3.04,2.56
241,Theo Johnson,44392646,TE,NYG,WAS,2.8,2600.0,0.0,0.0,7.6,2.65,11.28,21.08,0.25,0.84,2.76,2.32
103,Seth McGowan,44391988,RB,IND,PIT,2.8,4300.0,0.0,0.0,7.6,2.62,14.75,26.1,0.19,0.82,2.76,2.27
136,Tyrone Tracy,44392162,RB,NYG,WAS,2.7,4000.0,0.0,0.0,7.3,2.55,14.75,26.1,0.18,0.82,2.66,2.18
185,Derius Davis,44392324,WR,LAC,DEN,2.6,3100.0,0.0,0.0,7.1,2.45,12.51,23.74,0.21,0.82,2.56,2.11
220,Jacob Cowing,44392586,WR,SF,SEA,2.5,3000.0,0.0,0.0,7.4,2.32,12.51,23.74,0.2,0.83,2.46,2.03
235,Jonnu Smith,44392640,TE,GB,CHI,2.5,2700.0,0.0,0.0,6.9,2.59,11.28,21.08,0.22,0.83,2.52,2.1
