,player_id,team,opp,pos,name,fpts,proj_own,smash,opto_pct,value_percent,ceil,floor,min_exposure,max_exposure,rg_value,salary,custom,rg_id,partner_id
0,689689,IND,PIT,TE,Pharaoh Brown,,0.0,,,,,,0,0,-7.75,2500,,-689689,689689
1,843733,DEN,LAC,TE,Mitchell Fraboni,,0.0,,,,,,0,0,-7.75,2500,,-843733,843733
2,861278,DET,ARI,TE,Tyler Conklin,,0.0,,,,3.7,,0,0,-7.75,2500,,328304,861278
3,613866,MIN,NO,QB,Carson Wentz,,0.0,,,,,,0,0,-13.75,4000,,35558,613866
4,744425,NE,LV,TE,Hunter Henry,9.73,4.32,,,,16.0,4.6,0,0,-0.42,3700,,35634,744425
5,1381902,GB,CHI,RB,Kaleb Johnson,5.49,0.38,,,,12.4,1.1,0,0,-6.46,4600,,8223437,1381902
6,944416,GB,CHI,RB,Josh Jacobs,,0.0,,,,,,0,0,-15.35,6300,,973101,944416
7,727837,DET,ARI,QB,Jared Goff,22.82,16.22,,,,31.9,14.7,0,0,3.87,6600,,35673,727837
8,867009,MIN,NO,WR,Jauan Jennings,4.86,0.71,,,,10.6,1.1,0,0,-6.09,4100,,1849815,867009
9,946748,NYJ,CLE,RB,Kene Nwangwu,0.08,0.16,,,,4.9,,0,0,-10.67,4000,,2861721,946748
10,824428,NYJ,CLE,RB,Andrew Beck,0.3,0.8,,,,4.0,,0,0,-10.45,4000,,982262,824428
11,1067918,GB,CHI,WR,Christian Watson,15.49,12.52,,,,23.5,8.0,0,0,-0.06,6400,,3491515,1067918
12,1286818,SF,SEA,WR,De'Zhaun Stribling,,0.0,,,,,,0,0,-8.75,3000,,12274999,1286818
13,830523,HOU,TEN,TE,Dalton Schultz,8.94,3.54,,,,14.7,4.5,0,0,-1.81,4000,,328583,830523
14,975503,NYJ,CLE,TE,Jelani Woods,1.26,0.1,,,,5.2,,0,0,-6.49,2500,,3491721,975503
15,1180625,SEA,SF,RB,George Holani,8.38,0.7,,,,16.2,2.0,0,0,-3.37,4500,,6228549,1180625
16,976966,TEN,HOU,QB,Hendon Hooker,,0.0,,,,,,0,0,-13.75,4000,,4687729,976966
17,692660,CHI,GB,WR,Kalif Raymond,8.87,7.43,,,,15.4,3.8,0,0,-1.68,3900,,35608,692660
18,920756,ARI,DET,WR,Devin Duvernay,0.16,0.43,,,,4.3,,0,0,-8.59,3000,,1844099,920756
19,1317191,MIA,CIN,TE,Tre Watson,,0.0,,,,,,0,0,-7.75,2500,,-1317191,1317191
20,1271738,CLE,NYJ,RB,Jaleel McLaughlin,0.56,0.16,,,,5.6,,0,0,-10.39,4100,,4773040,1271738
21,1285917,LV,NE,TE,Brock Bowers,16.93,5.37,,,,24.2,9.6,0,0,0.18,7000,,6228166,1285917
22,883312,SEA,SF,WR,Irvin Charles,,0.0,,,,,,0,0,-8.75,3000,,3515611,883312
23,881058,TEN,HOU,WR,K.J. Osborn,,0.0,,,,,,0,0,-8.75,3000,,1844304,881058
24,698227,SEA,SF,WR,Cooper Kupp,6.19,1.56,,,,12.3,2.0,0,0,-4.16,3800,,37050,698227
25,741314,MIN,NO,RB,Aaron Jones Sr.,18.54,15.23,,,,28.8,8.6,0,0,2.79,6500,,36871,741314
26,513856,NYJ,CLE,QB,Geno Smith,15.46,5.39,,,,24.7,8.0,0,0,-0.29,5000,,16557,513856
27,820734,CIN,MIA,RB,Samaje Perine,5.32,0.3,,,,12.1,0.6,0,0,-6.23,4400,,36977,820734
28,820866,NYG,WAS,WR,Braxton Berrios,,0.0,,,,,,0,0,-8.75,3000,,328392,820866
29,1390913,SF,SEA,WR,Wesley Grimes,,0.0,,,,,,0,0,-8.75,3000,,12297166,1390913
30,920944,PIT,IND,WR,Ben Skowronek,1.16,0.46,,,,5.8,,0,0,-7.59,3000,,2862398,920944
31,1180329,NYG,WAS,WR,Dalen Cambre,,0.0,,,,,,0,0,-8.75,3000,,8262387,1180329
32,976329,TEN,HOU,RB,Michael Carter,,0.0,,,,4.9,,0,0,-10.75,4000,,2861839,976329
33,1161739,NO,MIN,WR,Trey Palmer,,0.0,,,,,,0,0,-8.75,3000,,4688203,1161739
34,835749,SF,SEA,WR,Deebo Samuel Sr.,12.03,4.15,,,,19.7,5.2,0,0,-1.72,5500,,982845,835749
35,1383807,CLE,NYJ,RB,Quinshon Judkins,15.05,6.44,,,,24.5,6.5,0,0,0.9,5700,,8223000,1383807
36,946739,HOU,TEN,RB,David Montgomery,12.11,3.1,,,,20.9,4.4,0,0,-2.24,5800,,982082,946739
37,1407491,TEN,HOU,WR,Tyren Montgomery,,0.0,,,,,,0,0,-8.75,3000,,12297246,1407491
38,880398,TEN,HOU,RB,Tony Pollard,11.04,2.36,,,,19.3,4.5,0,0,-2.91,5600,,982431,880398
39,882345,SEA,SF,QB,Drew Lock,,0.0,,,,,,0,0,-13.75,4000,,982657,882345
40,973964,NYG,WAS,RB,Najee Harris,4.79,0.29,,,,11.7,1.0,0,0,-6.96,4500,,2861602,973964
41,865801,SF,SEA,WR,Christian Kirk,,0.0,,,,,,0,0,-9.35,3300,,328952,865801
42,883259,IND,PIT,WR,Nick Westbrook-Ikhine,,0.0,,,,,,0,0,-8.75,3000,,2184953,883259
43,865868,DEN,LAC,QB,Jarrett Stidham,,0.0,,,,,,0,0,-13.75,4000,,982257,865868
44,712506,IND,PIT,TE,Mo Alie-Cox,0.67,0.1,,,,4.5,,0,0,-7.08,2500,,36928,712506
45,944826,NE,LV,WR,A.J. Brown,,0.0,,,,,,0,0,-8.75,3000,,982405,944826
46,920758,DEN,LAC,WR,Lil'Jordan Humphrey,,0.0,,,,,,0,0,-8.75,3000,,982599,920758
47,923915,MIN,NO,TE,T.J. Hockenson,10.31,2.45,,,,16.6,5.3,0,0,-2.04,4800,,972605,923915
48,1229083,IND,PIT,TE,Tyler Warren,12.47,5.2,,,,19.1,6.6,0,0,-0.28,5000,,8217153,1229083
49,1285908,NYJ,CLE,WR,Adonai Mitchell,,0.0,,,,,,0,0,-11.75,4500,,6228064,1285908
50,880322,LAC,DEN,RB,Alec Ingold,0.04,0.18,,,,4.9,,0,0,-10.71,4000,,1001990,880322
51,881697,CHI,GB,TE,Stephen Carlson,,0.0,,,,,,0,0,-7.75,2500,,982024,881697
52,403308,LV,NE,QB,Kirk Cousins,15.66,2.03,,,,23.8,8.9,0,0,-0.89,5400,,13563,403308
53,1181739,CIN,MIA,TE,William Wagner,,0.0,,,,,,0,0,-7.75,2500,,-1181739,1181739
54,1108161,ARI,DET,TE,Trey McBride,20.34,11.58,,,,28.4,12.0,0,0,4.19,6700,,3492164,1108161
55,976309,MIN,NO,RB,DeeJay Dallas,2.05,0.2,,,,7.5,,0,0,-8.7,4000,,1849843,976309
56,1161818,GB,CHI,QB,Kedon Slovis,,0.0,,,,,,0,0,-13.75,4000,,-1161818,1161818
57,1271609,NYJ,CLE,RB,Isaiah Davis,3.66,0.19,,,,10.0,,0,0,-7.49,4200,,6228429,1271609
58,399579,GB,CHI,QB,Tyrod Taylor,,0.0,,,,,,0,0,-13.75,4000,,11656,399579
59,1319185,MIA,CIN,RB,Jarquez Hunter,,0.0,,,,,,0,0,-10.75,4000,,8228751,1319185
60,880026,SEA,SF,QB,Sam Darnold,19.01,6.13,,,,27.9,11.1,0,0,1.66,5800,,328423,880026
61,1170916,NO,MIN,WR,Jalen Moreno-Cropper,,0.0,,,,,,0,0,-8.75,3000,,4773013,1170916
62,1215291,CLE,NYJ,WR,Malachi Corley,0.26,0.47,,,,4.6,,0,0,-8.49,3000,,6228432,1215291
63,273278,CIN,MIA,QB,Josh Johnson,,0.0,,,,,,0,0,-13.75,4000,,14078,273278
64,593587,SF,SEA,WR,Mike Evans,11.53,6.55,,,,19.1,5.4,0,0,-4.22,6500,,18287,593587
65,1108052,NO,MIN,QB,Zach Wilson,,0.0,,,,,,0,0,-13.75,4000,,2861838,1108052
66,691278,NYJ,CLE,WR,Sterling Shepard,,0.0,,,,,,0,0,-8.75,3000,,35547,691278
67,973945,SF,SEA,QB,Mac Jones,,0.0,,,,,,0,0,-13.75,4000,,2861809,973945
68,743749,GB,CHI,TE,Jonnu Smith,2.45,0.2,,,,6.6,0.2,0,0,-5.7,2700,,36950,743749
69,830517,SF,SEA,RB,Christian McCaffrey,19.96,18.79,,,,31.0,9.7,0,0,0.81,8200,,36994,830517
70,694931,SEA,SF,TE,Eric Saubert,1.06,0.09,,,,5.1,,0,0,-6.69,2500,,36986,694931
71,1390939,ARI,DET,WR,Reggie Virgil,,0.0,,,,4.3,,0,0,-8.75,3000,,12283150,1390939
72,790004,WAS,NYG,RB,Austin Ekeler,1.73,0.29,,,,7.2,,0,0,-9.82,4400,,37034,790004
73,1378290,WAS,NYG,WR,Antonio Williams,4.01,1.81,,,,9.4,0.5,0,0,-6.34,3800,,12275099,1378290
74,973935,CLE,NYJ,WR,Jerry Jeudy,3.77,0.59,,,,9.0,0.5,0,0,-6.38,3700,,1844833,973935
75,1321090,NE,LV,TE,Tanner Arkin,,0.0,,,,3.7,,0,0,-7.75,2500,,12306012,1321090
76,1228691,TEN,HOU,QB,Cam Ward,13.53,0.81,,,,22.1,6.2,0,0,-2.02,4900,,8217535,1228691
77,1106382,MIN,NO,WR,Jeshaun Jones,,0.0,,,,,,0,0,-8.75,3000,,6228286,1106382
78,1128085,MIA,CIN,TE,Greg Dulcich,6.29,0.93,,,,11.6,2.4,0,0,-2.66,3100,,3492045,1128085
79,702808,NE,LV,WR,Mack Hollins,,0.0,,,,,,0,0,-11.15,4200,,36971,702808
80,1317230,LV,NE,RB,Roman Hemby,,0.0,,,,,,0,0,-10.75,4000,,12305869,1317230
81,213957,PIT,IND,QB,Aaron Rodgers,17.91,5.84,,,,27.1,10.0,0,0,1.56,5300,,11601,213957
82,880557,IND,PIT,WR,Darius Slayton,2.62,0.8,,,,7.6,,0,0,-6.73,3300,,982456,880557
83,975829,DEN,LAC,QB,Sam Ehlinger,,0.0,,,,,,0,0,-13.75,4000,,2861902,975829
84,1214183,TEN,HOU,WR,Xavier Restrepo,,0.0,,,,,,0,0,-8.75,3000,,8268818,1214183
85,1214084,HOU,TEN,QB,C.J. Stroud,18.7,2.96,,,,28.0,10.4,0,0,1.15,5900,,4687775,1214084
86,1128295,HOU,TEN,RB,British Brooks,,0.0,,,,,,0,0,-10.75,4000,,6228028,1128295
87,1229055,CIN,MIA,RB,Kentrel Bullock,,0.0,,,,,,0,0,-10.75,4000,,12439440,1229055
88,596417,LV,NE,WR,Phillip Dorsett II,,0.0,,,,,,0,0,-8.75,3000,,21666,596417
89,750846,NO,MIN,RB,Alvin Kamara,10.9,6.62,,,,19.3,4.2,0,0,-2.65,5400,,36998,750846
90,881779,MIN,NO,TE,Josh Oliver,,0.0,,,,,,0,0,-7.75,2500,,982372,881779
91,1248031,ARI,DET,RB,Trey Benson,,0.0,,,,,,0,0,-10.75,4000,,6227660,1248031
92,1229089,SEA,SF,WR,Malick Meiga,,0.0,,,,,,0,0,-8.75,3000,,-1229089,1229089
93,1441191,LV,NE,WR,Malik Benson,1.71,0.44,,,,6.5,,0,0,-7.04,3000,,12283539,1441191
94,1321291,MIN,NO,RB,Audric Estime,,0.0,,,,,,0,0,-10.75,4000,,-1321291,1321291
95,1214250,MIN,NO,WR,Jordan Addison,11.2,2.08,,,,18.6,5.1,0,0,-3.15,5800,,4687982,1214250
96,1228551,GB,CHI,TE,Drake Dabney,,0.0,,,,,,0,0,-7.75,2500,,8409631,1228551
97,1402692,CIN,MIA,WR,Noah Thomas,,0.0,,,,,,0,0,-8.75,3000,,12314674,1402692
98,1229541,MIA,CIN,WR,AJ Henning,,0.0,,,,,,0,0,-8.75,3000,,-1229541,1229541
99,1106374,WAS,NYG,TE,Chig Okonkwo,6.13,0.89,,,,11.3,2.4,0,0,-3.22,3300,,3491778,1106374
100,1127065,GB,CHI,RB,Chris Brooks,5.18,0.21,,,,11.8,0.6,0,0,-5.77,4100,,4744672,1127065
101,1229673,TEN,HOU,RB,Kalel Mullings,,0.0,,,,,,0,0,-10.75,4000,,8229045,1229673
102,1107232,WAS,NYG,TE,Colson Yankoff,0.48,0.09,,,,4.2,,0,0,-7.27,2500,,6228648,1107232
103,691536,NYG,WAS,QB,Jameis Winston,14.22,1.6,,,,22.9,7.0,0,0,-1.13,4800,,21745,691536
104,1229343,WAS,NYG,RB,Rachaad White,7.12,0.66,,,,14.6,1.5,0,0,-5.83,5100,,3492017,1229343
105,1107034,SF,SEA,WR,Brandon Aiyuk,,0.0,,,,,,0,0,-8.75,3000,,1849809,1107034
106,1444140,CHI,GB,QB,Tyson Bagent,18.48,3.12,,,,28.1,9.8,0,0,3.33,4700,,4715811,1444140
107,1115394,CIN,MIA,TE,Tanner Hudson,5.35,0.21,,,,10.4,1.8,0,0,-2.4,2500,,328798,1115394
108,1325231,NYJ,CLE,RB,Braelon Allen,18.51,14.53,,,,29.1,8.2,0,0,4.96,5400,,6228431,1325231
109,1215022,IND,PIT,QB,Anthony Richardson Sr.,,0.0,,,,,,0,0,-13.75,4000,,4687802,1215022
110,1214087,SEA,SF,WR,Jaxon Smith-Njigba,25.86,20.51,,,,36.0,15.5,0,0,5.51,8800,,4688187,1214087
111,1215077,IND,PIT,WR,Josh Downs,13.81,2.53,,,,21.7,7.1,0,0,-0.94,6000,,4687801,1215077
112,1122182,LV,NE,RB,Dylan Laube,0.34,0.15,,,,5.2,,0,0,-10.41,4000,,6228165,1122182
113,1399272,MIA,CIN,WR,Kevin Coleman Jr.,5.54,0.62,,,,11.4,1.5,0,0,-3.21,3000,,12283610,1399272
114,1321260,WAS,NYG,WR,Jaden Bradley,,0.0,,,,,,0,0,-8.75,3000,,12306295,1321260
115,884609,NO,MIN,TE,Juwan Johnson,12.01,5.11,,,,18.6,6.6,0,0,0.26,4500,,1844771,884609
116,1223393,SEA,SF,WR,Tory Horton,3.01,0.61,,,,8.3,,0,0,-5.74,3000,,8228995,1223393
117,1322393,CLE,NYJ,WR,Jimmy Horn Jr.,,0.0,,,,,,0,0,-8.75,3000,,-1322393,1322393
118,1214154,DET,ARI,RB,Jahmyr Gibbs,28.49,26.75,,,,41.7,14.4,0,0,6.14,9800,,4687730,1214154
119,1109731,CLE,NYJ,TE,Blake Whiteheart,0.79,0.1,,,,4.5,,0,0,-6.96,2500,,4715678,1109731
120,1218653,NYJ,CLE,WR,Arian Smith,,0.0,,,,,,0,0,-8.75,3000,,8228888,1218653
121,1216288,NE,LV,WR,Efton Chism III,7.48,1.62,,,,14.0,2.7,0,0,-1.67,3200,,8250990,1216288
122,1179790,GB,CHI,TE,Luke Musgrave,,0.0,,,,,,0,0,-7.75,2500,,4687754,1179790
123,1166480,PIT,IND,RB,Lew Nichols,,0.0,,,,,,0,0,-10.75,4000,,4687751,1166480
124,1286050,NE,LV,RB,Corey Kiner,0.99,0.18,,,,6.2,,0,0,-9.76,4000,,8268732,1286050
125,1319589,NYG,WAS,WR,Malachi Fields,6.2,1.3,,,,12.2,2.1,0,0,-5.15,4300,,12274897,1319589
126,1121050,SEA,SF,WR,Jake Bobo,,0.0,,,,,,0,0,-8.75,3000,,4716451,1121050
127,1288074,NE,LV,RB,Myles Montgomery,,0.0,,,,,,0,0,-10.75,4000,,12439897,1288074
128,1169263,NE,LV,WR,Chandler Brayboy,,0.0,,,,,,0,0,-8.75,3000,,-1169263,1169263
129,1213340,ARI,DET,QB,Carson Beck,,0.0,,,,,,0,0,-13.75,4000,,12274373,1213340
130,1213362,HOU,TEN,WR,Kayshon Boutte,8.02,0.94,,,,14.8,3.3,0,0,-2.53,3900,,4688005,1213362
131,1379264,TEN,HOU,RB,Nick Singleton,1.33,0.15,,,,6.7,-0.1,0,0,-9.42,4000,,12283894,1379264
132,1325562,MIN,NO,RB,Max Bredeson,,0.0,,,,,,0,0,-10.75,4000,,12283636,1325562
133,1116001,MIN,NO,RB,Jordan Mason,,0.0,,,,,,0,0,-10.75,4000,,3492222,1116001
134,1128222,HOU,TEN,WR,Tank Dell,,0.0,,,,,,0,0,-9.55,3400,,4687774,1128222
135,1218643,LAC,DEN,WR,Ladd McConkey,,0.0,,,,,,0,0,-13.95,5600,,6228204,1218643
136,1172080,CLE,NYJ,WR,Bub Means,,0.0,,,,,,0,0,-8.75,3000,,-1172080,1172080
137,1227157,NE,LV,WR,Kyle Williams,4.46,0.75,,,,10.1,0.8,0,0,-4.49,3100,,8223311,1227157
138,1286480,DET,ARI,WR,Dominic Lovett,,0.0,,,,,,0,0,-8.75,3000,,8228545,1286480
139,1286370,HOU,TEN,WR,Jaylin Noel,7.73,1.21,,,,14.2,2.6,0,0,-1.42,3200,,8223113,1286370
140,1107037,GB,CHI,TE,Josh Whyle,,0.0,,,,3.7,,0,0,-7.75,2500,,4688224,1107037
141,1229489,ARI,DET,TE,Tip Reiman,,0.0,,,,,,0,0,-7.75,2500,,6227659,1229489
142,1286260,NYG,WAS,QB,Jaxson Dart,,0.0,,,,,,0,0,-13.75,4000,,8217369,1286260
143,1175182,HOU,TEN,TE,Cade Stover,0.95,0.11,,,,4.9,,0,0,-6.8,2500,,6228030,1175182
144,1286282,PIT,IND,TE,Lake McRee,,0.0,,,,,,0,0,-7.75,2500,,12306149,1286282
145,1378660,DEN,LAC,WR,Dane Key,,0.0,,,,,,0,0,-8.75,3000,,12314764,1378660
146,1059220,PIT,IND,WR,Brandon Smith,,0.0,,,,,,0,0,-8.75,3000,,2862013,1059220
147,1049254,NYG,WAS,QB,Jake Haener,,0.0,,,,,,0,0,-13.75,4000,,-1049254,1049254
148,1116662,PIT,IND,TE,Pat Freiermuth,8.52,3.09,,,,14.4,3.7,0,0,-2.03,3900,,2861601,1116662
149,1215772,SF,SEA,RB,Kaelon Black,3.72,0.22,,,,10.0,0.2,0,0,-8.43,4700,,12274998,1215772
150,1228730,CIN,MIA,RB,Tahj Brooks,0.03,0.15,,,,4.9,,0,0,-10.72,4000,,8228448,1228730
151,1405644,HOU,TEN,WR,Treyvhon Saunders,,0.0,,,,,,0,0,-8.75,3000,,12314847,1405644
152,1107027,IND,PIT,WR,Alec Pierce,,0.0,,,,,,0,0,-8.75,3000,,3491723,1107027
153,1286173,NO,MIN,TE,Moliki Matavao,,0.0,,,,,,0,0,-7.75,2500,,8228833,1286173
154,1122592,NO,MIN,WR,Chris Olave,20.04,14.34,,,,28.7,11.4,0,0,1.89,7700,,3491988,1122592
155,1232592,LV,NE,TE,Michael Mayer,9.66,4.68,,,,15.8,5.0,0,0,-0.09,3500,,4687882,1232592
156,1169430,TEN,HOU,RB,Tyjae Spears,6.09,0.31,,,,12.9,1.6,0,0,-5.86,4600,,4688225,1169430
157,1289220,HOU,TEN,TE,Zaire Mitchell-Paden,,0.0,,,,,,0,0,-7.75,2500,,-1289220,1289220
158,350,NO,MIN,DST,Saints,5.79,1.04,,,,11.8,0.9,0,0,-0.41,2600,,18433,350
159,361,SEA,SF,DST,Seahawks,6.38,12.96,,,,12.9,1.1,0,0,-0.22,2800,,18441,361
160,1398153,CHI,GB,WR,Zavion Thomas,0.55,0.43,,,,5.1,,0,0,-8.2,3000,,12274487,1398153
161,1399132,LAC,DEN,WR,Brenen Thompson,4.47,0.66,,,,10.1,0.9,0,0,-4.28,3000,,12283562,1399132
162,1213782,PIT,IND,QB,Will Howard,,0.0,,,,,,0,0,-13.75,4000,,8228943,1213782
163,1125111,NYG,WAS,TE,Isaiah Likely,12.21,10.62,,,,18.9,6.4,0,0,0.86,4300,,3491355,1125111
164,1116663,NYJ,CLE,QB,Will Levis,,0.0,,,,,,0,0,-13.75,4000,,-1116663,1116663
165,1378287,NYJ,CLE,QB,Cade Klubnik,,0.0,,,,,,0,0,-13.75,4000,,12283740,1378287
166,1214112,LV,NE,WR,Tyler Scott,,0.0,,,,,,0,0,-8.75,3000,,-1214112,1214112
167,1213386,MIA,CIN,QB,Brady Cook,,0.0,,,,,,0,0,-13.75,4000,,-1213386,1213386
168,1109711,WAS,NYG,QB,Sam Hartman,,0.0,,,,,,0,0,-13.75,4000,,6228649,1109711
169,1215102,TEN,HOU,WR,Chimere Dike,1.88,0.46,,,,6.4,,0,0,-6.87,3000,,8229048,1215102
170,1637701,NE,LV,WR,Kyle Dixon,,0.0,,,,,,0,0,-8.75,3000,,12306011,1637701
171,1274492,HOU,TEN,WR,Jayden Higgins,,0.0,,,,,,0,0,-8.75,3000,,8223114,1274492
172,1065052,DET,ARI,WR,Tay Martin,,0.0,,,,4.3,,0,0,-8.75,3000,,3492220,1065052
173,1286262,CHI,GB,QB,Miller Moss,,0.0,,,,,,0,0,-13.75,4000,,12296592,1286262
174,1175184,DET,ARI,WR,Jameson Williams,12.96,4.09,,,,21.1,6.1,0,0,-1.59,5900,,3491483,1175184
175,1122692,MIA,CIN,TE,Cole Turner,,0.0,,,,,,0,0,-7.75,2500,,3491903,1122692
176,1398572,LAC,DEN,RB,Omarion Hampton,10.59,3.67,,,,18.8,3.9,0,0,-4.16,6000,,8217247,1398572
177,1057484,LV,NE,WR,Cody White,6.13,1.19,,,,12.3,2.0,0,0,-3.22,3300,,2185208,1057484
178,1461173,DEN,LAC,TE,Dallen Bentley,,0.0,,,,,,0,0,-7.75,2500,,12283369,1461173
179,351,NYG,WAS,DST,Giants,4.9,4.94,,,,10.5,0.4,0,0,-1.3,2600,,18434,351
180,1441362,DET,ARI,WR,Isaac TeSlaa,6.1,2.16,,,,12.5,1.7,0,0,-3.45,3400,,8223065,1441362
181,1213794,IND,PIT,RB,Seth McGowan,3.04,0.17,,,,9.0,-0.1,0,0,-8.31,4300,,12283466,1213794
182,1378156,CHI,GB,TE,Sam Roush,1.54,0.1,,,,5.6,,0,0,-6.21,2500,,12274488,1378156
183,1379267,GB,CHI,WR,Matthew Golden,14.56,7.94,,,,22.7,7.2,0,0,0.41,5700,,8217102,1379267
184,1124199,TEN,HOU,TE,David Martin-Robinson,0.15,0.09,,,,3.9,,0,0,-7.6,2500,,6228620,1124199
185,1327875,MIA,CIN,RB,DJ Herman,1.21,0.15,,,,6.5,,0,0,-9.54,4000,,12547318,1327875
186,1445256,IND,PIT,RB,Davon Booth,,0.0,,,,,,0,0,-10.75,4000,,-1445256,1445256
187,1107326,GB,CHI,TE,Thomas Yassmin,,0.0,,,,,,0,0,-7.75,2500,,-1107326,1107326
188,1325016,NO,MIN,WR,Bryce Lance,4.74,0.9,,,,10.6,1.2,0,0,-4.01,3000,,12283681,1325016
189,1406878,CIN,MIA,WR,Colbie Young,9.34,0.87,,,,16.4,4.3,0,0,-0.61,3600,,12283293,1406878
190,1067132,NYG,WAS,WR,Charlie Jones,0.98,0.42,,,,5.7,,0,0,-7.77,3000,,4687627,1067132
191,1286164,LV,NE,WR,Dont'e Thornton Jr.,,0.0,,,,,,0,0,-8.95,3100,,8228700,1286164
192,341,LV,NE,DST,Raiders,5.31,7.71,,,,11.2,0.9,0,0,-0.69,2500,,18436,341
193,352,NYJ,CLE,DST,Jets,7.8,8.25,,,,13.3,2.5,0,0,1.4,2700,,18435,352
194,1213872,GB,CHI,WR,Savion Williams,,0.0,,,,,,0,0,-8.75,3000,,8223085,1213872
195,363,WAS,NYG,DST,Commanders,7.37,5.72,,,,14.0,1.9,0,0,0.57,2900,,18445,363
196,1123364,TEN,HOU,TE,Joel Wilson,,0.0,,,,,,0,0,-7.75,2500,,4688029,1123364
197,1288045,SF,SEA,WR,Will Pauling,,0.0,,,,,,0,0,-8.75,3000,,12297167,1288045
198,1123496,ARI,DET,WR,Simi Fehoko,,0.0,,,,4.3,,0,0,-8.75,3000,,2862007,1123496
199,1247543,NYG,WAS,TE,Ben Mann,,0.0,,,,,,0,0,-7.75,2500,,-1247543,1247543
200,1228920,WAS,NYG,TE,Ben Sinnott,1.32,0.09,,,,5.2,,0,0,-6.43,2500,,6228652,1228920
201,1468632,LV,NE,TE,Carter Runyon,,0.0,,,,,,0,0,-7.75,2500,,8274658,1468632
202,1049246,CHI,GB,RB,Salvon Ahmed,,0.0,,,,,,0,0,-10.75,4000,,1849808,1049246
203,1173480,SEA,SF,RB,Jacardia Wright,,0.0,,,,,,0,0,-10.75,4000,,8268761,1173480
204,1229503,SEA,SF,TE,AJ Barner,8.62,3.81,,,,14.4,3.9,0,0,-0.53,3200,,6228551,1229503
205,1229756,CLE,NYJ,TE,Joe Royer,,0.0,,,,,,0,0,-7.75,2500,,12283321,1229756
206,1395681,NO,MIN,RB,CJ Donaldson,2.93,0.18,,,,8.7,-0.1,0,0,-8.62,4400,,12306036,1395681
207,1218658,PIT,IND,TE,Darnell Washington,6.51,0.97,,,,11.9,2.5,0,0,-2.04,2900,,4688136,1218658
208,1229669,PIT,IND,WR,Roman Wilson,6.68,2.01,,,,13.0,2.2,0,0,-3.47,3700,,6228488,1229669
209,1232892,NYG,WAS,WR,Jalin Hyatt,,0.0,,,,,,0,0,-8.75,3000,,4688061,1232892
210,1168410,NYG,WAS,WR,Gunner Olszewski,,0.0,,,,,,0,0,-8.75,3000,,1055342,1168410
211,1133320,CIN,MIA,WR,Dohnte Meyers,13.18,3.54,,,,20.8,6.7,0,0,3.43,3500,,11362830,1133320
212,1286176,DEN,LAC,WR,Troy Franklin,4.46,0.56,,,,10.4,0.6,0,0,-4.69,3200,,6227934,1286176
213,1166045,CHI,GB,TE,Nikola Kalinic,,0.0,,,,,,0,0,-7.75,2500,,3335156,1166045
214,1059576,NO,MIN,RB,Ty Chandler,,0.0,,,,,,0,0,-10.75,4000,,3491547,1059576
215,1213730,GB,CHI,TE,Mark Redman,,0.0,,,,,,0,0,-7.75,2500,,-1213730,1213730
216,1067089,CIN,MIA,QB,Sean Clifford,,0.0,,,,,,0,0,-13.75,4000,,4687752,1067089
217,1379995,LAC,DEN,TE,Evan Svoboda,,0.0,,,,,,0,0,-7.75,2500,,12296899,1379995
218,1049797,LV,NE,RB,Owen Wright,,0.0,,,,,,0,0,-10.75,4000,,-1049797,1049797
219,1123398,GB,CHI,WR,Jayden Reed,,0.0,,,,,,0,0,-8.75,3000,,4687753,1123398
220,1106832,DET,ARI,RB,Isiah Pacheco,,0.0,,,,,,0,0,-10.75,4000,,3492074,1106832
221,1215974,LV,NE,RB,Chris Collier,,0.0,,,,,,0,0,-10.75,4000,,6227725,1215974
222,1213345,CIN,MIA,RB,Kendall Milton,,0.0,,,,,,0,0,-10.75,4000,,6228453,1213345
223,1379258,PIT,IND,QB,Drew Allar,,0.0,,,,,,0,0,-13.75,4000,,12274976,1379258
224,1118668,MIA,CIN,WR,Ryan Miller,1.55,0.7,,,,6.3,,0,0,-7.2,3000,,4744955,1118668
225,1305866,DEN,LAC,WR,Pat Bryant,,0.0,,,,,,0,0,-10.75,4000,,8223043,1305866
226,1175693,NE,LV,WR,DeMario Douglas,8.89,3.81,,,,16.0,3.5,0,0,-0.86,3500,,4688003,1175693
227,1522347,DEN,LAC,WR,Kolbe Katsis,,0.0,,,,,,0,0,-8.75,3000,,12439535,1522347
228,946261,NE,LV,TE,Tanner Conner,,0.0,,,,,,0,0,-7.75,2500,,-946261,946261
229,1109979,CIN,MIA,WR,Ja'Marr Chase,,0.0,,,,,,0,0,-18.95,8100,,2861551,1109979
230,1068872,SF,SEA,TE,Jake Tonges,,0.0,,,,,,0,0,-7.75,2500,,3503411,1068872
231,1405857,HOU,TEN,TE,Marlin Klein,,0.0,,,,3.7,,0,0,-7.75,2500,,12274647,1405857
232,749185,DEN,LAC,TE,Evan Engram,6.56,1.42,,,,11.9,2.7,0,0,-1.79,2800,,36968,749185
233,1123630,NE,LV,TE,Julian Hill,,0.0,,,,,,0,0,-7.75,2500,,4744671,1123630
234,1124851,CIN,MIA,WR,Andrei Iosivas,,0.0,,,,,,0,0,-8.75,3000,,4687628,1124851
235,1386002,CHI,GB,WR,Kaden Davis,,0.0,,,,,,0,0,-8.75,3000,,3516007,1386002
236,1288113,CLE,NYJ,QB,Taylen Green,,0.0,,,,,,0,0,-13.75,4000,,12283320,1288113
237,1122596,NYJ,CLE,TE,Jeremy Ruckert,3.66,0.73,,,,8.2,0.7,0,0,-4.09,2500,,3491659,1122596
238,1131198,ARI,DET,RB,Tyler Allgeier,8.03,1.04,,,,15.7,2.0,0,0,-4.92,5100,,3491931,1131198
239,338280,CHI,GB,QB,Case Keenum,,0.0,,,,,,0,0,-14.15,4200,,16877,338280
240,332,DEN,LAC,DST,Broncos,7.51,1.96,,,,13.6,2.3,0,0,0.11,3200,,18423,332
241,1124664,NO,MIN,WR,Cedric Tillman,,0.0,,,,,,0,0,-8.75,3000,,-1124664,1124664
242,1223301,ARI,DET,WR,Jalen Brooks,0.26,0.42,,,,4.8,,0,0,-8.49,3000,,4687678,1223301
243,1122035,TEN,HOU,TE,Daniel Bellinger,2.89,0.14,,,,7.4,0.4,0,0,-4.86,2500,,3491834,1122035
244,1465213,CHI,GB,WR,Jahdae Walker,0.16,0.53,,,,4.6,,0,0,-8.59,3000,,8268095,1465213
245,1214633,LAC,DEN,WR,Tre' Harris,10.91,4.72,,,,18.3,5.2,0,0,-0.04,4100,,8223234,1214633
246,1113477,LAC,DEN,WR,Derius Davis,2.02,0.46,,,,6.6,,0,0,-6.93,3100,,4687908,1113477
247,1232057,CIN,MIA,WR,Ke'Shawn Williams,,0.0,,,,,,0,0,-8.75,3000,,8251126,1232057
248,1400852,CIN,MIA,TE,Jack Endries,,0.0,,,,3.7,,0,0,-7.75,2500,,12283292,1400852
249,1322367,MIA,CIN,TE,Will Kacmarek,2.55,0.13,,,,6.9,0.1,0,0,-5.2,2500,,12274803,1322367
250,1213478,NYJ,CLE,RB,Chip Trayanum,,0.0,,,,,,0,0,-10.75,4000,,12324326,1213478
251,1400786,LV,NE,QB,Fernando Mendoza,,0.0,,,,,,0,0,-13.75,4000,,12274736,1400786
252,1379259,WAS,NYG,RB,Kaytron Allen,0.04,0.19,,,,4.9,,0,0,-10.91,4100,,12283923,1379259
253,1127106,DET,ARI,WR,Amon-Ra St. Brown,23.77,21.56,,,,33.9,13.8,0,0,5.22,7900,,2861659,1127106
254,1107878,WAS,NYG,WR,Dyami Brown,3.6,0.67,,,,8.8,0.1,0,0,-5.35,3100,,2862095,1107878
255,1229846,SEA,SF,WR,Ricky White III,,0.0,,,,,,0,0,-8.75,3000,,8228992,1229846
256,1383791,SEA,SF,RB,Jadarian Price,,0.0,,,,,,0,0,-10.75,4000,,12275024,1383791
257,943093,LV,NE,TE,Ian Thomas,1.03,0.12,,,,5.0,,0,0,-6.72,2500,,328735,943093
258,1394692,NO,MIN,WR,Jordyn Tyson,,0.0,,,,,,0,0,-13.55,5400,,12274868,1394692
259,836152,CIN,MIA,TE,Mike Gesicki,10.04,2.28,,,,16.4,5.1,0,0,-0.91,4100,,328364,836152
260,1286662,CIN,MIA,WR,Jordan Moore,,0.0,,,,,,0,0,-8.75,3000,,8238369,1286662
261,1121871,HOU,TEN,TE,Brevin Jordan,1.03,0.09,,,,4.9,,0,0,-6.72,2500,,2861873,1121871
262,1287641,NYG,WAS,RB,Phil Mafah,,0.0,,,,,,0,0,-10.75,4000,,-1287641,1287641
263,1121761,SF,SEA,QB,Brock Purdy,20.28,5.96,,,,30.4,10.9,0,0,1.53,6500,,3492223,1121761
264,1168753,LAC,DEN,TE,Patrick Herbert,,0.0,,,,,,0,0,-7.75,2500,,8262138,1168753
265,1231431,DEN,LAC,TE,Caleb Lohner,,0.0,,,,,,0,0,-7.75,2500,,8228522,1231431
266,837087,DET,ARI,WR,Tom Kennedy,0.17,0.53,,,,4.3,,0,0,-8.58,3000,,1018905,837087
267,1286046,LV,NE,WR,Jack Bech,,0.0,,,,,,0,0,-8.75,3000,,8223208,1286046
268,1167356,WAS,NYG,RB,Craig Reynolds,,0.0,,,,,,0,0,-10.75,4000,,1019315,1167356
269,1166036,IND,PIT,WR,Ashton Dulin,3.19,0.51,,,,8.3,0.1,0,0,-5.56,3000,,982346,1166036
270,915066,NE,LV,RB,Reggie Gilliam,0.79,0.18,,,,5.9,,0,0,-9.96,4000,,1844335,915066
271,1244224,PIT,IND,RB,Riley Nowakowski,,0.0,,,,4.9,,0,0,-10.75,4000,,12283793,1244224
272,355,ARI,DET,DST,Cardinals,4.39,2.06,,,,10.3,0.6,0,0,-1.01,2200,,18415,355
273,1214733,LV,NE,WR,Corey Rucker,,0.0,,,,,,0,0,-8.75,3000,,12342390,1214733
274,1125589,SF,SEA,TE,Brayden Willis,0.12,0.09,,,,3.9,,0,0,-7.63,2500,,4688160,1125589
275,1061591,NO,MIN,TE,Cal Adomitis,,0.0,,,,,,0,0,-7.75,2500,,-1061591,1061591
276,1214414,NYG,WAS,TE,Theo Johnson,2.75,0.26,,,,7.1,0.1,0,0,-5.2,2600,,6228389,1214414
277,1325624,LAC,DEN,TE,Oronde Gadsden II,9.68,6.09,,,,15.9,4.7,0,0,-0.27,3600,,8228725,1325624
278,749681,WAS,NYG,WR,River Cracraft,,0.0,,,,,,0,0,-8.75,3000,,37962,749681
279,1214689,WAS,NYG,WR,Jaylin Lane,,0.0,,,,,,0,0,-8.75,3000,,8229073,1214689
280,933480,PIT,IND,RB,Rico Dowdle,9.55,0.84,,,,17.8,2.8,0,0,-2.6,4700,,1844583,933480
281,1215305,CIN,MIA,WR,Mitch Tinsley,8.47,1.45,,,,15.4,3.3,0,0,-0.88,3300,,4688248,1215305
282,1174682,NE,LV,RB,Rhamondre Stevenson,11.28,7.74,,,,20.1,4.3,0,0,-2.47,5500,,2861810,1174682
283,921050,TEN,HOU,TE,Kylen Granson,,0.0,,,,3.7,,0,0,-7.75,2500,,2861904,921050
284,1229869,SEA,SF,WR,Montorie Foster Jr.,,0.0,,,,4.3,,0,0,-8.75,3000,,8409571,1229869
285,1303569,IND,PIT,RB,DJ Giddens,,0.0,,,,4.9,,0,0,-10.75,4000,,8228624,1303569
286,1286652,HOU,TEN,WR,Lewis Bond,,0.0,,,,,,0,0,-8.75,3000,,12283441,1286652
287,1381164,DET,ARI,RB,Sione Vaki,3.21,0.18,,,,9.3,-0.1,0,0,-8.14,4300,,6227967,1381164
288,1176432,NYJ,CLE,WR,Isaiah Williams,7.41,3.3,,,,13.9,2.8,0,0,-2.74,3700,,6227963,1176432
289,1296464,GB,CHI,WR,Quincy Skinner Jr.,,0.0,,,,,,0,0,-8.75,3000,,-1296464,1296464
290,1176443,PIT,IND,RB,Jaylen Warren,13.15,16.48,,,,22.4,5.3,0,0,-3.0,6700,,3491433,1176443
291,1130595,LAC,DEN,RB,Scott Matlock,,0.0,,,,,,0,0,-10.75,4000,,7481580,1130595
292,1163265,CHI,GB,RB,Roschon Johnson,1.05,0.18,,,,6.3,,0,0,-10.1,4200,,4687604,1163265
293,1165333,CLE,NYJ,QB,Dillon Gabriel,,0.0,,,,,,0,0,-13.75,4000,,8222998,1165333
294,1231652,HOU,TEN,RB,Woody Marks,7.8,0.98,,,,15.5,2.0,0,0,-4.55,4800,,8228596,1231652
295,1398511,SEA,SF,WR,Emmanuel Henderson Jr.,,0.0,,,,,,0,0,-8.75,3000,,12283843,1398511
296,1389700,MIA,CIN,WR,Chris Bell,7.44,3.6,,,,14.0,2.9,0,0,-2.51,3600,,12274802,1389700
297,1122653,NE,LV,WR,Romeo Doubs,13.41,18.42,,,,21.6,6.6,0,0,0.66,5000,,3491516,1122653
298,1287587,MIN,NO,WR,Tai Felton,1.35,0.42,,,,6.0,,0,0,-7.4,3000,,8223294,1287587
299,1378821,CHI,GB,TE,Colston Loveland,10.68,2.08,,,,17.2,5.3,0,0,-1.27,4600,,8216973,1378821
300,1377732,CHI,GB,WR,Luther Burden III,14.35,13.52,,,,22.4,7.2,0,0,1.8,4900,,8222949,1377732
301,1166235,SF,SEA,RB,Sincere McCormick,,0.0,,,,,,0,0,-10.75,4000,,3516068,1166235
302,1286388,NE,LV,QB,Behren Morton,,0.0,,,,,,0,0,-13.75,4000,,12283658,1286388
303,1122323,DEN,LAC,TE,Lucas Krull,,0.0,,,,,,0,0,-7.75,2500,,3503947,1122323
304,884080,WAS,NYG,WR,Van Jefferson,,0.0,,,,,,0,0,-8.75,3000,,1849783,884080
305,1212622,IND,PIT,TE,Carson Towt,,0.0,,,,,,0,0,-7.75,2500,,11955012,1212622
306,334,DET,ARI,DST,Lions,6.65,3.01,,,,12.5,1.2,0,0,-0.35,3000,,18424,334
307,1441576,CLE,NYJ,WR,KC Concepcion Jr.,11.92,5.62,,,,19.4,5.6,0,0,0.77,4200,,12274535,1441576
308,345,MIA,CIN,DST,Dolphins,4.16,4.27,,,,10.2,,0,0,-0.84,2000,,18430,345
309,1213865,LAC,DEN,WR,Quentin Johnston,11.45,1.52,,,,19.1,5.2,0,0,-1.5,5100,,4687909,1213865
310,356,PIT,IND,DST,Steelers,6.61,1.21,,,,12.6,1.3,0,0,-0.99,3300,,18438,356
311,1379646,LV,NE,RB,Ashton Jeanty,18.7,10.03,,,,29.4,8.4,0,0,1.55,7200,,8217222,1379646
312,1112357,ARI,DET,TE,Shawn Bowman,,0.0,,,,,,0,0,-7.75,2500,,-1112357,1112357
313,1123379,CIN,MIA,RB,Chase Brown,20.13,12.12,,,,31.3,9.5,0,0,3.58,6900,,4687629,1123379
314,1213414,GB,CHI,RB,MarShawn Lloyd,8.89,1.24,,,,16.8,2.4,0,0,-3.46,4800,,6228001,1213414
315,1213799,DEN,LAC,WR,Marvin Mims Jr.,3.98,0.54,,,,9.4,0.2,0,0,-5.57,3400,,4687701,1213799
316,1510975,PIT,IND,WR,Cole Burgess,,0.0,,,,,,0,0,-8.75,3000,,6227836,1510975
317,1126338,SF,SEA,RB,Isaac Guerendo,,0.0,,,,,,0,0,-10.75,4000,,6228519,1126338
318,1215658,NE,LV,RB,Lan Larison,,0.0,,,,,,0,0,-10.75,4000,,8250987,1215658
319,1128538,ARI,DET,TE,Teagan Quitoriano,0.33,0.1,,,,4.0,,0,0,-7.42,2500,,3491690,1128538
320,1164530,SEA,SF,RB,Zach Charbonnet,,0.0,,,,,,0,0,-13.75,5500,,4688186,1164530
321,1229749,LV,NE,TE,Patrick Gurd,,0.0,,,,,,0,0,-7.75,2500,,12372832,1229749
322,1381263,NYJ,CLE,TE,Mason Taylor,,0.0,,,,,,0,0,-7.75,2500,,8223384,1381263
323,837594,WAS,NYG,RB,Jeremy McNichols,,0.0,,,,,,0,0,-10.75,4000,,37006,837594
324,1293066,MIN,NO,RB,Devin Neal,,0.0,,,,,,0,0,-10.75,4000,,8228834,1293066
325,1121873,IND,PIT,TE,Will Mallory,,0.0,,,,,,0,0,-7.75,2500,,4687800,1121873
326,1378910,DET,ARI,WR,Kendrick Law,,0.0,,,,,,0,0,-8.75,3000,,12283394,1378910
327,1069535,MIN,NO,WR,Justin Jefferson,20.11,12.97,,,,29.0,11.4,0,0,2.76,7300,,1844306,1069535
328,1287599,NYG,WAS,QB,J.J. McCarthy,,0.0,,,,,,0,0,-14.35,4300,,-1287599,1287599
329,1057457,LV,NE,RB,Connor Heyward,1.21,0.15,,,,6.6,,0,0,-9.54,4000,,3491431,1057457
330,1110697,NO,MIN,RB,Zamir White,,0.0,,,,,,0,0,-10.75,4000,,-1110697,1110697
331,1287258,MIN,NO,TE,Gavin Bartholomew,1.98,0.11,,,,6.2,,0,0,-5.77,2500,,8228791,1287258
332,742390,ARI,DET,RB,James Conner,,0.0,,,,,,0,0,-11.95,4600,,36851,742390
333,1377766,MIA,CIN,RB,Ollie Gordon II,10.28,5.03,,,,18.7,3.5,0,0,-3.07,5300,,8228772,1377766
334,1289436,NYJ,CLE,RB,Al-Jay Henderson,,0.0,,,,,,0,0,-10.75,4000,,12305841,1289436
335,1286059,NYG,WAS,WR,Malik Nabers,13.51,3.35,,,,21.5,7.0,0,0,-1.84,6300,,6228390,1286059
336,335,GB,CHI,DST,Packers,5.66,5.68,,,,11.9,1.0,0,0,-0.74,2700,,18425,335
337,357,LAC,DEN,DST,Chargers,4.91,14.46,,,,10.7,0.4,0,0,-0.69,2300,,18439,357
338,1180294,LAC,DEN,TE,Hayden Rucci,0.81,0.1,,,,4.5,,0,0,-6.94,2500,,6228256,1180294
339,1444547,NYJ,CLE,TE,Kenyon Sadiq,8.59,4.33,,,,14.6,4.2,0,0,-1.76,3800,,12274926,1444547
340,1214405,LAC,DEN,WR,KeAndre Lambert-Smith,,0.0,,,,,,0,0,-8.75,3000,,8228726,1214405
341,1322238,HOU,TEN,WR,Daniel Sobkowicz,,0.0,,,,,,0,0,-8.75,3000,,12314848,1322238
342,1400657,SF,SEA,RB,Jordan James,,0.0,,,,4.9,,0,0,-10.75,4000,,8228968,1400657
343,978120,DET,ARI,TE,Brock Wright,1.85,0.57,,,,6.0,,0,0,-5.9,2500,,2861662,978120
344,1286840,SEA,SF,TE,Elijah Arroyo,2.61,0.12,,,,6.9,,0,0,-5.14,2500,,8223482,1286840
345,1176730,GB,CHI,WR,Skyy Moore,4.56,0.55,,,,10.0,0.9,0,0,-4.59,3200,,3492073,1176730
346,1447759,SEA,SF,RB,Emanuel Wilson,14.53,8.59,,,,24.2,5.6,0,0,1.18,5300,,4799359,1447759
347,1215329,MIA,CIN,WR,Will Sheppard,,0.0,,,,,,0,0,-8.75,3000,,-1215329,1215329
348,1173485,NO,MIN,RB,Ulysses Bentley IV,,0.0,,,,,,0,0,-10.75,4000,,-1173485,1173485
349,1173254,DET,ARI,TE,Thomas Gordon,,0.0,,,,,,0,0,-7.75,2500,,9557813,1173254
350,1063397,IND,PIT,WR,D.J. Montgomery,,0.0,,,,,,0,0,-8.75,3000,,1001267,1063397
351,1399910,CLE,NYJ,RB,Dylan Sampson,,0.0,,,,,,0,0,-10.75,4000,,8228474,1399910
352,1121863,WAS,NYG,TE,Jack Westover,,0.0,,,,,,0,0,-7.75,2500,,-1121863,1121863
353,1287655,NYG,WAS,TE,Thomas Fidone II,,0.0,,,,3.7,,0,0,-7.75,2500,,8228863,1287655
354,1286445,CHI,GB,QB,Caleb Williams,,0.0,,,,,,0,0,-18.15,6200,,6227816,1286445
355,1286214,DET,ARI,QB,Luke Altmyer,,0.0,,,,,,0,0,-13.75,4000,,12296718,1286214
356,1287798,IND,PIT,WR,Deion Burks,1.5,0.46,,,,6.4,,0,0,-7.45,3100,,12283465,1287798
357,607047,ARI,DET,QB,Jacoby Brissett,22.28,13.36,,,,31.9,13.2,0,0,5.53,5500,,35493,607047
358,916466,NYG,WAS,RB,Devin Singletary,,0.0,,,,4.9,,0,0,-10.75,4000,,982203,916466
359,838179,NYJ,CLE,WR,Tim Patrick,,0.0,,,,,,0,0,-8.75,3000,,36825,838179
360,325,HOU,TEN,DST,Texans,8.92,2.58,,,,15.1,3.6,0,0,1.12,3400,,18426,325
361,919304,SEA,SF,RB,Velus Jones Jr.,,0.0,,,,4.9,,0,0,-10.75,4000,,3491460,919304
362,336,TEN,HOU,DST,Titans,5.35,3.34,,,,11.8,1.0,0,0,0.15,2100,,18444,336
363,501150,SF,SEA,RB,Kyle Juszczyk,,0.0,,,,,,0,0,-10.75,4000,,18516,501150
364,1214824,LAC,DEN,RB,Kimani Vidal,3.63,0.23,,,,9.7,0.1,0,0,-7.72,4300,,6228203,1214824
365,1443998,SEA,SF,RB,Robert Henry Jr.,,0.0,,,,,,0,0,-10.75,4000,,12306296,1443998
366,347,MIN,NO,DST,Vikings,7.4,6.57,,,,13.1,2.0,0,0,0.2,3100,,18431,347
367,1213867,NO,MIN,RB,Kendre Miller,6.49,0.34,,,,13.5,1.5,0,0,-6.06,4900,,4688037,1213867
368,1213636,HOU,TEN,WR,Xavier Hutchinson,3.87,1.05,,,,9.4,0.4,0,0,-6.88,4000,,4687773,1213636
369,1124338,DEN,LAC,RB,Tyler Badie,3.05,0.18,,,,9.0,0.1,0,0,-8.1,4200,,3491354,1124338
370,1665835,NYG,WAS,RB,Grant Finley,,0.0,,,,,,0,0,-10.75,4000,,-1665835,1665835
371,1161661,IND,PIT,WR,Anthony Gould,0.19,0.42,,,,4.3,,0,0,-8.56,3000,,6228063,1161661
372,921460,PIT,IND,WR,Brandon Johnson,,0.0,,,,,,0,0,-8.75,3000,,-921460,921460
373,1228728,MIN,NO,WR,Myles Price,0.33,0.42,,,,4.6,,0,0,-8.42,3000,,8268530,1228728
374,1380594,DEN,LAC,RB,Jonah Coleman,,0.0,,,,,,0,0,-10.75,4000,,12283371,1380594
375,1383993,PIT,IND,WR,Kaden Wetjen,0.2,0.42,,,,4.3,,0,0,-8.55,3000,,12283794,1383993
376,1272321,CLE,NYJ,QB,Shedeur Sanders,,0.0,,,,,,0,0,-13.75,4000,,8228473,1272321
377,1184233,GB,CHI,WR,Coleman Owen,,0.0,,,,,,0,0,-8.75,3000,,-1184233,1184233
378,1403969,NE,LV,TE,Eli Raridon,2.62,0.2,,,,7.1,,0,0,-5.53,2700,,12274846,1403969
379,1285895,CLE,NYJ,RB,Raheim Sanders,5.58,0.23,,,,12.0,1.6,0,0,-6.57,4700,,8244748,1285895
380,1109708,NYG,WAS,RB,Tyrone Tracy Jr.,2.77,0.16,,,,8.4,0.1,0,0,-7.98,4000,,6228388,1109708
381,1173255,MIA,CIN,WR,Malik Washington,12.66,14.24,,,,20.4,5.7,0,0,0.71,4600,,6228260,1173255
382,1173266,ARI,DET,RB,Evan Hull,,0.0,,,,,,0,0,-10.75,4000,,-1173266,1173266
383,1130004,CHI,GB,TE,Qadir Ismail,,0.0,,,,,,0,0,-7.75,2500,,6227718,1130004
384,1451501,ARI,DET,RB,Jeremiyah Love,13.89,8.2,,,,23.3,5.4,0,0,-1.06,6100,,12274374,1451501
385,1398503,CLE,NYJ,WR,Isaiah Bond,1.19,0.47,,,,5.8,,0,0,-7.56,3000,,9683249,1398503
386,1164137,HOU,TEN,RB,Jawhar Jordan,,0.0,,,,,,0,0,-10.75,4000,,6228029,1164137
387,728169,TEN,HOU,QB,Mitchell Trubisky,,0.0,,,,,,0,0,-13.75,4000,,36854,728169
388,1232898,DET,ARI,RB,Jabari Small,,0.0,,,,,,0,0,-10.75,4000,,6228610,1232898
389,1443955,CHI,GB,TE,Hayden Large,,0.0,,,,,,0,0,-7.75,2500,,12305562,1443955
390,1125846,TEN,HOU,RB,Julius Chestnut,0.01,0.15,,,,4.9,,0,0,-10.74,4000,,3503728,1125846
391,326,CHI,GB,DST,Bears,5.99,1.13,,,,12.3,0.7,0,0,-0.81,2900,,18419,326
392,1222789,LAC,DEN,RB,Keaton Mitchell,7.47,2.65,,,,14.8,2.3,0,0,-4.28,4500,,4744211,1222789
393,1060550,ARI,DET,TE,Hunter Long,,0.0,,,,,,0,0,-7.75,2500,,2861780,1060550
394,1060671,NE,LV,QB,Tommy DeVito,,0.0,,,,,,0,0,-13.75,4000,,4716303,1060671
395,348,NE,LV,DST,Patriots,6.81,4.9,,,,13.0,1.5,0,0,-0.19,3000,,18432,348
396,1169329,MIN,NO,QB,Max Brosmer,,0.0,,,,,,0,0,-13.75,4000,,8244817,1169329
397,359,SF,SEA,DST,49ers,4.79,2.13,,,,10.5,0.2,0,0,-1.01,2400,,18440,359
398,920482,DEN,LAC,WR,Michael Bandy,,0.0,,,,,,0,0,-8.75,3000,,2946514,920482
399,1191186,WAS,NYG,RB,Jacory Croskey-Merritt,10.56,2.21,,,,18.9,3.8,0,0,-1.99,4900,,8229072,1191186
400,823220,PIT,IND,QB,Mason Rudolph,,0.0,,,,,,0,0,-13.75,4000,,328181,823220
401,1382993,NYJ,CLE,WR,Jamaal Pritchett,,0.0,,,,4.3,,0,0,-8.75,3000,,8251070,1382993
402,1164951,HOU,TEN,QB,Graham Mertz,,0.0,,,,,,0,0,-13.75,4000,,8228595,1164951
403,1174752,NO,MIN,QB,Spencer Rattler,,0.0,,,,,,0,0,-13.75,4000,,6228357,1174752
404,922451,CHI,GB,RB,Brittain Brown,,0.0,,,,,,0,0,-10.75,4000,,3492104,922451
405,946541,SF,SEA,TE,Luke Farrell,1.6,0.1,,,,5.7,,0,0,-6.15,2500,,2861936,946541
406,1394752,CLE,NYJ,TE,Harold Fannin Jr.,11.0,4.23,,,,17.3,5.8,0,0,-0.55,4400,,8222999,1394752
407,1287920,ARI,DET,TE,Jameson Geers,,0.0,,,,,,0,0,-7.75,2500,,12314510,1287920
408,922484,PIT,IND,RB,Travis Homer,,0.0,,,,4.9,,0,0,-10.75,4000,,982875,922484
409,1287810,ARI,DET,WR,Harrison Wallace III,,0.0,,,,,,0,0,-8.75,3000,,-1287810,1287810
410,1395874,PIT,IND,RB,Eli Heidenreich,,0.0,,,,4.9,,0,0,-10.75,4000,,12492629,1395874
411,1172024,WAS,NYG,WR,Treylon Burks,1.93,0.6,,,,6.9,,0,0,-7.22,3200,,3491779,1172024
412,1164533,CIN,MIA,TE,Erick All Jr.,2.27,0.14,,,,6.5,,0,0,-5.48,2500,,6227839,1164533
413,1066765,CHI,GB,TE,Cole Kmet,3.44,0.2,,,,8.0,0.6,0,0,-4.51,2600,,1844217,1066765
414,1405928,MIA,CIN,TE,Justin Joly,,0.0,,,,,,0,0,-7.75,2500,,-1405928,1405928
415,1231820,MIA,CIN,RB,De'Von Achane,,0.0,,,,,,0,0,-10.75,4000,,4687954,1231820
416,1056865,NO,MIN,TE,Stone Smartt,,0.0,,,,,,0,0,-7.75,2500,,3492135,1056865
417,1066424,MIA,CIN,WR,Jalen Tolbert,1.43,0.42,,,,6.2,,0,0,-7.32,3000,,3491808,1066424
418,1399934,DET,ARI,TE,Miles Kitselman,,0.0,,,,,,0,0,-7.75,2500,,12305702,1399934
419,727279,SF,SEA,WR,Demarcus Robinson,,0.0,,,,,,0,0,-8.75,3000,,35615,727279
420,1131457,DET,ARI,RB,Jacob Saylors,,0.0,,,,4.9,,0,0,-10.75,4000,,4715839,1131457
421,1332922,LAC,DEN,RB,Amar Johnson,,0.0,,,,,,0,0,-10.75,4000,,8250714,1332922
422,1058648,LAC,DEN,TE,Charlie Kolar,,0.0,,,,,,0,0,-7.75,2500,,3491347,1058648
423,1131017,CLE,NYJ,TE,John FitzPatrick,,0.0,,,,,,0,0,-7.75,2500,,-1131017,1131017
424,742382,LAC,DEN,WR,Marquez Valdes-Scantling,2.96,0.46,,,,8.2,,0,0,-6.39,3300,,328275,742382
425,1289428,LV,NE,RB,Mike Washington Jr.,4.07,0.22,,,,10.5,0.7,0,0,-7.08,4200,,12283540,1289428
426,879981,IND,PIT,QB,Daniel Jones,17.46,1.36,,,,26.5,9.1,0,0,1.71,5000,,972884,879981
427,327,CIN,MIA,DST,Bengals,8.67,2.01,,,,15.0,3.0,0,0,0.67,3500,,18420,327
428,338,IND,PIT,DST,Colts,6.09,2.17,,,,12.1,1.4,0,0,0.09,2500,,18427,338
429,1271740,IND,PIT,TE,Drew Ogletree,1.0,0.09,,,,4.9,,0,0,-6.75,2500,,3491722,1271740
430,1182695,NO,MIN,WR,Mason Tipton,,0.0,,,,,,0,0,-8.75,3000,,6228352,1182695
431,1290165,IND,PIT,QB,Riley Leonard,,0.0,,,,,,0,0,-13.75,4000,,8228623,1290165
432,1272873,MIN,NO,WR,Michael Briscoe,,0.0,,,,,,0,0,-8.75,3000,,12342739,1272873
433,976066,MIA,CIN,WR,Jalen Reagor,,0.0,,,,,,0,0,-8.75,3000,,1844643,976066
434,832098,LAC,DEN,TE,David Njoku,,0.0,,,,,,0,0,-7.75,2500,,36844,832098
435,1396942,MIN,NO,WR,Dillon Bell,,0.0,,,,,,0,0,-8.75,3000,,12296978,1396942
436,1176733,HOU,TEN,WR,Jared Wayne,1.71,0.45,,,,6.5,,0,0,-7.04,3000,,4687772,1176733
437,1164875,TEN,HOU,WR,Wan'Dale Robinson,9.9,4.07,,,,16.8,4.8,0,0,-1.85,4500,,3491835,1164875
438,1286854,NYJ,CLE,WR,Malik McClain,0.52,0.42,,,,5.1,,0,0,-8.23,3000,,12315195,1286854
439,1163445,IND,PIT,WR,Eli Pancol,,0.0,,,,,,0,0,-8.75,3000,,8250808,1163445
440,828743,CLE,NYJ,QB,Deshaun Watson,18.05,1.84,,,,28.7,8.9,0,0,2.1,5100,,36923,828743
441,1286513,MIA,CIN,RB,Jaylen Wright,5.35,0.33,,,,12.3,1.5,0,0,-7.0,4800,,6228261,1286513
442,1057725,MIA,CIN,RB,Carlos Washington Jr.,,0.0,,,,,,0,0,-10.75,4000,,4715708,1057725
443,556483,CLE,NYJ,RB,Michael Burton,,0.0,,,,4.9,,0,0,-10.75,4000,,21607,556483
444,1222835,SF,SEA,WR,Jordan Watkins,1.77,0.71,,,,6.7,,0,0,-6.98,3000,,8228969,1222835
445,1379904,CLE,NYJ,WR,Denzel Boston,10.65,3.84,,,,18.1,4.9,0,0,-2.5,5200,,12274534,1379904
446,1125749,DEN,LAC,WR,Jaylen Waddle,14.1,6.52,,,,22.1,7.0,0,0,-0.85,6100,,2861778,1125749
447,1213727,CHI,GB,WR,Rome Odunze,10.55,3.16,,,,17.9,4.8,0,0,-1.6,4700,,6227815,1213727
448,1172752,NO,MIN,TE,Treyton Welch,,0.0,,,,3.7,,0,0,-7.75,2500,,6227868,1172752
449,1380773,IND,PIT,TE,Kenny Fletcher Jr.,,0.0,,,,,,0,0,-7.75,2500,,-1380773,1380773
450,910562,LAC,DEN,QB,Justin Herbert,17.48,1.26,,,,27.3,9.2,0,0,1.53,5100,,1849725,910562
451,748554,IND,PIT,WR,Laquon Treadwell,5.06,1.22,,,,10.9,1.3,0,0,-4.89,3600,,35473,748554
452,1393863,NYJ,CLE,TE,Cody Hardy,,0.0,,,,,,0,0,-7.75,2500,,-1393863,1393863
453,1066811,LV,NE,QB,Aidan O'Connell,,0.0,,,,,,0,0,-13.75,4000,,4687880,1066811
454,607864,SF,SEA,WR,Brandin Cooks,1.6,0.5,,,,6.3,,0,0,-8.15,3500,,18281,607864
455,1074698,HOU,TEN,WR,Nico Collins,17.74,10.07,,,,26.5,9.7,0,0,-0.01,7500,,2861874,1074698
456,1286701,LAC,DEN,RB,Gregory Desrosiers,,0.0,,,,,,0,0,-10.75,4000,,-1286701,1286701
457,1395843,NO,MIN,WR,Barion Brown,0.48,0.42,,,,4.8,,0,0,-8.27,3000,,12283680,1395843
458,1394798,MIA,CIN,WR,Caleb Douglas,,0.0,,,,,,0,0,-10.55,3900,,12274804,1394798
459,1164788,NO,MIN,WR,Devaughn Vele,12.24,4.41,,,,19.8,6.3,0,0,-0.91,5200,,6227936,1164788
460,1140248,DEN,LAC,RB,Cody Schrader,,0.0,,,,,,0,0,-10.75,4000,,6228516,1140248
461,1166989,SF,SEA,QB,Kurtis Rourke,,0.0,,,,,,0,0,-13.75,4000,,8228967,1166989
462,1286438,TEN,HOU,TE,Gunnar Helm,5.5,0.43,,,,10.6,2.1,0,0,-2.85,2800,,8229047,1286438
463,216342,CIN,MIA,QB,Joe Flacco,,0.0,,,,,,0,0,-14.55,4400,,11610,216342
464,1110306,NO,MIN,QB,Tyler Shough,20.1,4.25,,,,29.5,11.0,0,0,2.15,6100,,8223333,1110306
465,557210,IND,PIT,WR,Keenan Allen,11.03,3.73,,,,18.3,5.5,0,0,-0.32,4300,,16569,557210
466,741262,DET,ARI,QB,Joshua Dobbs,,0.0,,,,,,0,0,-13.75,4000,,-741262,741262
467,1181861,SF,SEA,WR,Jacob Cowing,3.04,0.46,,,,8.2,,0,0,-5.71,3000,,6228518,1181861
468,733672,SF,SEA,TE,George Kittle,14.64,10.2,,,,21.6,8.0,0,0,1.49,5200,,37069,733672
469,865573,HOU,TEN,TE,Foster Moreau,2.42,0.12,,,,6.7,0.1,0,0,-5.33,2500,,982728,865573
470,1126817,LV,NE,WR,Jalen Nailor,,0.0,,,,,,0,0,-9.95,3600,,3491545,1126817
471,1125739,NE,LV,TE,Cameron Latu,,0.0,,,,3.7,,0,0,-7.75,2500,,4688163,1125739
472,329,CLE,NYJ,DST,Browns,6.69,1.89,,,,12.4,1.7,0,0,0.09,2800,,18421,329
473,1060311,HOU,TEN,QB,Davis Mills,,0.0,,,,,,0,0,-13.75,4000,,2861872,1060311
474,1172401,DEN,LAC,RB,RJ Harvey,13.12,6.38,,,,22.1,5.5,0,0,-0.03,5200,,8223044,1172401
475,837820,SF,SEA,WR,Dante Pettis,,0.0,,,,,,0,0,-8.75,3000,,329006,837820
476,1216808,MIN,NO,TE,Ben Yurosek,,0.0,,,,,,0,0,-7.75,2500,,8274772,1216808
477,607843,WAS,NYG,QB,Marcus Mariota,,0.0,,,,,,0,0,-14.75,4500,,21686,607843
478,1130975,LAC,DEN,QB,Trey Lance,,0.0,,,,,,0,0,-13.75,4000,,2862426,1130975
479,1250886,CHI,GB,RB,Kyle Monangai,10.34,8.52,,,,19.0,3.2,0,0,-2.81,5200,,8228422,1250886
480,1251513,MIN,NO,TE,Cam Grandy,,0.0,,,,,,0,0,-7.75,2500,,6227843,1251513
481,1068803,GB,CHI,WR,Bo Melton,1.64,0.46,,,,6.4,,0,0,-7.11,3000,,3492253,1068803
482,300580,MIN,NO,TE,Andrew DePaola,,0.0,,,,,,0,0,-7.75,2500,,-300580,300580
483,703015,HOU,TEN,RB,Dare Ogunbowale,,0.0,,,,4.9,,0,0,-10.75,4000,,36919,703015
484,563293,NYG,WAS,TE,Chris Manhertz,0.32,0.09,,,,4.1,,0,0,-7.43,2500,,21635,563293
485,1168926,DET,ARI,TE,Sam LaPorta,13.5,6.39,,,,20.4,7.2,0,0,0.95,4900,,4687728,1168926
486,1286417,CHI,GB,WR,JP Richardson,,0.0,,,,,,0,0,-8.75,3000,,8244430,1286417
487,912027,NYG,WAS,WR,Darnell Mooney,4.45,0.6,,,,10.1,0.9,0,0,-5.9,3800,,1844218,912027
488,1123529,ARI,DET,WR,Michael Wilson,18.36,15.33,,,,27.0,10.1,0,0,3.21,6200,,4687487,1123529
489,1323916,GB,CHI,WR,J. Michael Sturdivant,1.43,0.42,,,,6.2,,0,0,-7.32,3000,,12305729,1323916
490,1310628,SF,SEA,TE,Khalil Dinkins,,0.0,,,,,,0,0,-7.75,2500,,12297165,1310628
491,878785,CIN,MIA,QB,Joe Burrow,21.6,3.62,,,,30.8,12.4,0,0,2.05,6900,,1844126,878785
492,1290102,SEA,SF,QB,Jalen Milroe,,0.0,,,,,,0,0,-13.75,4000,,8223481,1290102
493,1161853,ARI,DET,TE,Elijah Higgins,2.75,0.25,,,,7.2,0.2,0,0,-5.4,2700,,4687953,1161853
494,975387,PIT,IND,WR,Isaiah Hodgins,,0.0,,,,,,0,0,-8.75,3000,,-975387,975387
495,1062765,NYG,WAS,WR,Calvin Austin III,,0.0,,,,,,0,0,-8.75,3000,,3491434,1062765
496,1290014,MIA,CIN,TE,Seydou Traore,,0.0,,,,3.7,,0,0,-7.75,2500,,12283609,1290014
497,658389,NYG,WAS,RB,Patrick Ricard,0.38,0.15,,,,5.4,,0,0,-10.37,4000,,523069,658389
498,1050335,GB,CHI,RB,Pierre Strong Jr.,,0.0,,,,,,0,0,-10.75,4000,,3491634,1050335
499,978577,NO,MIN,RB,Travis Etienne Jr.,,0.0,,,,,,0,0,-10.75,4000,,2861937,978577
500,923412,SEA,SF,WR,Rashid Shaheed,7.23,2.07,,,,13.5,2.4,0,0,-3.52,4000,,3503949,923412
501,1161798,CLE,NYJ,RB,Eric Gray,,0.0,,,,,,0,0,-10.75,4000,,-1161798,1161798
502,1130833,LV,NE,WR,Deven Thompkins,,0.0,,,,,,0,0,-8.75,3000,,-1130833,1130833
503,1163866,ARI,DET,RB,Bam Knight,0.14,0.15,,,,5.1,,0,0,-10.61,4000,,3515609,1163866
504,606799,NO,MIN,TE,Zach Wood,,0.0,,,,,,0,0,-7.75,2500,,-606799,606799
505,1381105,NO,MIN,TE,Oscar Delp,0.58,0.09,,,,4.5,,0,0,-7.17,2500,,12274867,1381105
506,1164889,NYJ,CLE,WR,Garrett Wilson,16.77,27.92,,,,25.1,9.1,0,0,0.82,6600,,3491660,1164889
507,836116,WAS,NYG,WR,Terry McLaurin,12.32,1.84,,,,20.2,5.8,0,0,-1.03,5300,,982511,836116
508,912137,GB,CHI,QB,Jordan Love,18.51,5.82,,,,27.2,10.8,0,0,1.36,5700,,1844276,912137
509,885540,DEN,LAC,RB,Adam Prentice,0.76,0.16,,,,5.9,,0,0,-9.99,4000,,2874182,885540
510,1132517,DEN,LAC,TE,Nate Adkins,2.14,0.38,,,,6.3,,0,0,-5.61,2500,,4773039,1132517
511,1067309,CHI,GB,RB,Zavier Scott,,0.0,,,,,,0,0,-10.75,4000,,-1067309,1067309
512,1181874,GB,CHI,TE,Tucker Kraft,12.65,5.11,,,,19.4,6.8,0,0,0.5,4700,,4687755,1181874
513,1213928,LAC,DEN,QB,DJ Uiagalelei,,0.0,,,,,,0,0,-13.75,4000,,8244750,1213928
514,976323,MIA,CIN,QB,Malik Willis,15.91,2.34,,,,26.1,7.3,0,0,0.96,4600,,3491780,976323
515,1162602,LAC,DEN,WR,Theo Wease Jr.,,0.0,,,,,,0,0,-8.75,3000,,-1162602,1162602
516,945633,PIT,IND,WR,DK Metcalf,12.57,6.31,,,,20.2,5.9,0,0,-0.98,5400,,982879,945633
517,1064955,SEA,SF,RB,Brady Russell,0.52,0.74,,,,5.6,,0,0,-10.23,4000,,4716358,1064955
518,1062546,CLE,NYJ,WR,Tylan Wallace,,0.0,,,,,,0,0,-8.75,3000,,2861518,1062546
519,1286803,NE,LV,QB,Drake Maye,21.32,4.11,,,,32.3,11.7,0,0,2.97,6300,,6228327,1286803
520,1164846,WAS,NYG,WR,Luke McCaffrey,0.31,0.77,,,,4.6,,0,0,-8.44,3000,,6228651,1164846
521,1164736,SEA,SF,TE,Nick Kallerup,,0.0,,,,3.7,,0,0,-7.75,2500,,8281271,1164736
522,694041,WAS,NYG,WR,Stefon Diggs,12.51,4.24,,,,20.3,6.2,0,0,-1.24,5500,,21625,694041
523,1287925,WAS,NYG,QB,Athan Kaliakmanis,,0.0,,,,,,0,0,-14.75,4500,,12283922,1287925
524,911236,NYJ,CLE,WR,Tyler Johnson,,0.0,,,,,,0,0,-8.75,3000,,1844805,911236
525,1065406,IND,PIT,RB,Jonathan Taylor,17.45,14.64,,,,27.2,7.8,0,0,-0.9,7800,,1844485,1065406
526,838878,DEN,LAC,WR,Courtland Sutton,10.82,2.65,,,,18.3,4.8,0,0,-1.13,4600,,328827,838878
527,944038,WAS,NYG,TE,John Bates,1.43,0.11,,,,5.4,,0,0,-6.32,2500,,2862096,944038
528,1384626,CLE,NYJ,TE,Carsen Ryan,0.13,0.09,,,,3.9,,0,0,-7.62,2500,,12283319,1384626
529,1130526,NO,MIN,WR,Kevin Austin Jr.,0.16,0.42,,,,4.7,,0,0,-8.59,3000,,3503700,1130526
530,1287826,MIA,CIN,QB,Kyle McCord,,0.0,,,,,,0,0,-13.75,4000,,-1287826,1287826
531,1287837,NE,LV,RB,TreVeyon Henderson,9.81,1.59,,,,18.0,3.4,0,0,-2.94,5000,,8223312,1287837
532,1395319,TEN,HOU,WR,Elic Ayomanor,3.68,0.94,,,,9.0,0.3,0,0,-5.07,3000,,8229046,1395319
533,877654,LAC,DEN,WR,Gary Jennings,,0.0,,,,,,0,0,-8.75,3000,,-877654,877654
534,867303,ARI,DET,QB,Gardner Minshew II,,0.0,,,,,,0,0,-13.75,4000,,982379,867303
535,879799,MIN,NO,QB,Kyler Murray,20.21,6.2,,,,30.1,11.2,0,0,4.06,5200,,973153,879799
536,911985,SF,SEA,TE,Jack Stoll,,0.0,,,,,,0,0,-7.75,2500,,-911985,911985
537,1161899,DEN,LAC,QB,Bo Nix,18.96,2.82,,,,28.6,10.4,0,0,2.01,5600,,6227935,1161899
538,978579,CIN,MIA,WR,Tee Higgins,,0.0,,,,,,0,0,-16.95,7100,,1844128,978579
539,1162537,NYJ,CLE,RB,Breece Hall,,0.0,,,,,,0,0,-14.55,5900,,3491661,1162537
540,660151,PIT,IND,TE,Robert Tonyan,0.19,0.09,,,,4.0,,0,0,-7.56,2500,,36860,660151
541,1164979,LV,NE,WR,Tre Tucker,9.75,6.17,,,,16.9,4.3,0,0,-2.6,4800,,4687881,1164979
542,1161228,WAS,NYG,QB,Jayden Daniels,19.91,1.79,,,,31.3,10.1,0,0,2.16,6000,,6228653,1161228
543,1183008,NE,LV,WR,Jeremiah Webb,,0.0,,,,,,0,0,-8.75,3000,,8274799,1183008
544,1384869,LV,NE,WR,Dareke Young,1.15,0.44,,,,5.9,,0,0,-7.6,3000,,3492252,1384869
545,1130538,DET,ARI,WR,Lawrence Keys III,,0.0,,,,,,0,0,-8.75,3000,,-1130538,1130538
546,838318,LV,NE,TE,Chris Myarick,,0.0,,,,,,0,0,-7.75,2500,,-838318,838318
547,884013,TEN,HOU,WR,Calvin Ridley,2.42,0.54,,,,7.4,,0,0,-7.33,3500,,328705,884013
548,1441839,TEN,HOU,WR,Carnell Tate,12.52,5.23,,,,20.0,6.4,0,0,-0.83,5300,,12275072,1441839
549,875444,DEN,LAC,TE,Adam Trautman,1.72,0.13,,,,5.9,,0,0,-6.03,2500,,1844770,875444
550,1380613,PIT,IND,WR,Germie Bernard,3.38,0.54,,,,8.8,0.1,0,0,-6.17,3400,,12274977,1380613
551,1172746,GB,CHI,WR,Isaiah Neyor,,0.0,,,,,,0,0,-8.75,3000,,8268733,1172746
552,837824,CIN,MIA,TE,Drew Sample,2.24,0.18,,,,6.4,,0,0,-5.71,2600,,981992,837824
553,1394825,NYJ,CLE,WR,Omar Cooper Jr.,,0.0,,,,,,0,0,-8.75,3000,,12274925,1394825
554,1161416,SF,SEA,WR,Ricky Pearsall,,0.0,,,,,,0,0,-8.75,3000,,6228520,1161416
555,881670,DET,ARI,WR,Lucky Jackson,,0.0,,,,,,0,0,-8.75,3000,,4799617,881670
556,1285958,SEA,SF,RB,Robbie Ouzts,,0.0,,,,,,0,0,-10.75,4000,,8228994,1285958
557,911348,PIT,IND,WR,Michael Pittman Jr.,7.48,1.52,,,,14.0,2.9,0,0,-4.07,4400,,1844489,911348
558,1287828,ARI,DET,WR,Marvin Harrison Jr.,9.45,1.55,,,,16.5,4.1,0,0,-2.1,4400,,6227661,1287828
559,1069808,CHI,GB,RB,D'Andre Swift,13.12,8.95,,,,22.3,5.3,0,0,-2.03,6200,,1844244,1069808
560,1585808,NE,LV,WR,Cameron Dorner,,0.0,,,,,,0,0,-8.75,3000,,12439898,1585808
561,754412,ARI,DET,WR,Kendrick Bourne,7.49,2.25,,,,14.0,3.1,0,0,-2.06,3400,,37068,754412
562,1170921,HOU,TEN,WR,Josh Kelly,,0.0,,,,,,0,0,-8.75,3000,,8244514,1170921
563,1390910,MIN,NO,RB,Demond Claiborne,2.16,0.21,,,,7.7,-0.1,0,0,-8.59,4000,,12283635,1390910
564,830686,SF,SEA,WR,Malik Turner,,0.0,,,,,,0,0,-8.75,3000,,509617,830686
565,976513,DEN,LAC,RB,J.K. Dobbins,9.5,1.84,,,,17.4,3.6,0,0,-3.25,5000,,1844097,976513
566,1180557,NO,MIN,WR,Kyrese Rowan,,0.0,,,,,,0,0,-8.75,3000,,-1180557,1180557
567,923911,NO,MIN,TE,Noah Fant,3.56,1.36,,,,8.1,0.8,0,0,-5.19,3000,,973054,923911
568,1280316,NYG,WAS,RB,Cam Skattebo,15.85,9.65,,,,25.3,6.8,0,0,1.1,6000,,8228864,1280316
569,1285915,DET,ARI,TE,Jackson Meeks,0.15,0.09,,,,3.9,,0,0,-7.6,2500,,8250688,1285915
570,1381307,TEN,HOU,TE,Jaren Kanak,,0.0,,,,,,0,0,-7.75,2500,,12283893,1381307
571,553024,WAS,NYG,TE,Tyler Ott,,0.0,,,,,,0,0,-7.75,2500,,-553024,553024
