,player_id,team,opp,pos,name,fpts,proj_own,smash,opto_pct,value_percent,ceil,floor,min_exposure,max_exposure,rg_value,salary,custom,rg_id,partner_id
0,741785,CAR,NO,QB,Mike White,,0.0,,,,,,0,0,-13.75,4000,,328578,741785
1,875523,TEN,SF,WR,Kristian Wilkerson,,0.0,,,,,,0,0,-8.75,3000,,1844548,875523
2,689689,ARI,HOU,TE,Pharaoh Brown,0.13,0.09,,,,3.9,,0,0,-7.62,2500,,37028,689689
3,843733,DEN,GB,TE,Mitchell Fraboni,,0.0,,,,,,0,0,-7.75,2500,,-843733,843733
4,861278,LAC,KC,TE,Tyler Conklin,,0.0,,,,3.7,,0,0,-7.75,2500,,328304,861278
5,877745,BAL,CIN,QB,Lamar Jackson,21.54,7.8,,,,33.4,12.0,0,0,2.99,6400,,328097,877745
6,744425,NE,BUF,TE,Hunter Henry,10.82,4.03,,,,17.5,5.1,0,0,-0.73,4400,,35634,744425
7,943635,SF,TEN,RB,Patrick Taylor Jr.,,0.0,,,,,,0,0,-10.75,4000,,1844272,943635
8,820699,BAL,CIN,TE,Mark Andrews,10.57,4.17,,,,16.9,4.9,0,0,0.02,3900,,328096,820699
9,560241,BAL,CIN,WR,DeAndre Hopkins,4.24,0.23,,,,9.9,0.8,0,0,-4.51,3000,,16563,560241
10,944416,GB,DEN,RB,Josh Jacobs,17.88,12.72,,,,27.7,8.0,0,0,1.33,6900,,973101,944416
11,727837,DET,LAR,QB,Jared Goff,21.29,3.39,,,,29.6,14.0,0,0,3.34,6100,,35673,727837
12,837958,NYJ,JAX,WR,Allen Lazard,1.48,0.15,,,,6.3,,0,0,-7.27,3000,,328523,837958
13,867009,SF,TEN,WR,Jauan Jennings,13.4,9.89,,,,21.3,6.6,0,0,0.25,5200,,1849815,867009
14,946748,NYJ,JAX,RB,Kene Nwangwu,0.08,0.15,,,,4.9,,0,0,-10.67,4000,,2861721,946748
15,824428,NYJ,JAX,RB,Andrew Beck,0.88,0.0,,,,4.8,,0,0,-9.87,4000,,982262,824428
16,1067918,GB,DEN,WR,Christian Watson,11.42,6.49,,,,19.3,5.1,0,0,-2.33,5500,,3491515,1067918
17,885940,DET,LAR,TE,Giovanni Ricci,,0.0,,,,,,0,0,-7.75,2500,,1844743,885940
18,923109,BAL,CIN,RB,Justice Hill,,0.0,,,,,,0,0,-10.75,4000,,981965,923109
19,401534,NYG,WAS,QB,Russell Wilson,,0.0,,,,,,0,0,-13.75,4000,,13560,401534
20,555358,LAR,DET,QB,Jimmy Garoppolo,,0.0,,,,,,0,0,-13.75,4000,,18136,555358
21,865844,CIN,BAL,QB,Jake Browning,,0.0,,,,,,0,0,-13.75,4000,,982172,865844
22,820601,HOU,ARI,TE,Jakob Johnson,,0.0,,,,,,0,0,-7.75,2500,,963120,820601
23,830523,HOU,ARI,TE,Dalton Schultz,11.29,4.42,,,,17.8,6.1,0,0,0.34,4100,,328583,830523
24,975503,NYJ,JAX,TE,Jelani Woods,,0.0,,,,3.7,,0,0,-7.75,2500,,3491721,975503
25,1180625,SEA,IND,RB,George Holani,,0.0,,,,,,0,0,-10.75,4000,,6228549,1180625
26,692660,DET,LAR,WR,Kalif Raymond,4.2,0.27,,,,9.7,0.7,0,0,-5.35,3400,,35608,692660
27,920756,CHI,CLE,WR,Devin Duvernay,0.69,0.13,,,,4.9,,0,0,-8.06,3000,,1844099,920756
28,1180328,CAR,NO,WR,Ainias Smith,,0.0,,,,,,0,0,-8.75,3000,,6228457,1180328
29,1181659,BAL,CIN,WR,Cornelius Johnson,,0.0,,,,,,0,0,-8.75,3000,,6228201,1181659
30,923814,LV,PHI,WR,DJ Turner,,0.0,,,,,,0,0,-8.75,3000,,2862308,923814
31,1172969,BAL,CIN,WR,Dayton Wade,,0.0,,,,,,0,0,-8.75,3000,,6227723,1172969
32,1182649,BUF,NE,TE,Jackson Hawes,2.35,0.22,,,,6.7,,0,0,-5.4,2500,,8228372,1182649
33,1317191,KC,LAC,TE,Tre Watson,,0.0,,,,,,0,0,-7.75,2500,,8274627,1317191
34,1271738,DEN,GB,RB,Jaleel McLaughlin,4.03,0.18,,,,10.4,0.4,0,0,-6.72,4000,,4773040,1271738
35,1285917,LV,PHI,TE,Brock Bowers,12.77,6.99,,,,19.1,7.1,0,0,-1.78,5900,,6228166,1285917
36,748309,JAX,NYJ,QB,Nick Mullens,,0.0,,,,,,0,0,-13.75,4000,,37067,748309
37,883312,NYJ,JAX,WR,Irvin Charles,,0.0,,,,,,0,0,-8.75,3000,,3515611,883312
38,752665,DET,LAR,TE,Ross Dwelley,,0.0,,,,,,0,0,-7.95,2600,,329008,752665
39,698227,SEA,IND,WR,Cooper Kupp,8.14,1.56,,,,14.9,3.3,0,0,-2.81,4100,,37050,698227
40,832900,WAS,NYG,RB,Chase Edmonds,,0.0,,,,4.9,,0,0,-10.75,4000,,328948,832900
41,513856,LV,PHI,QB,Geno Smith,,1.98,,,,,,0,0,-14.75,4500,,16557,513856
42,820734,CIN,BAL,RB,Samaje Perine,5.44,0.39,,,,12.4,0.8,0,0,-5.71,4200,,36977,820734
43,820866,HOU,ARI,WR,Braxton Berrios,,0.0,,,,4.3,,0,0,-8.75,3000,,328392,820866
44,1180538,ARI,HOU,WR,Xavier Weaver,6.31,0.23,,,,12.2,2.0,0,0,-2.44,3000,,6227657,1180538
45,822857,HOU,ARI,RB,Nick Chubb,5.18,0.33,,,,12.2,0.6,0,0,-6.77,4600,,328152,822857
46,867759,NYG,WAS,WR,Ray-Ray McCloud III,,0.0,,,,,,0,0,-8.75,3000,,328333,867759
47,1180329,NYG,WAS,WR,Dalen Cambre,,0.0,,,,,,0,0,-8.75,3000,,8262387,1180329
48,976329,ARI,HOU,RB,Michael Carter,8.74,0.68,,,,16.3,3.3,0,0,-2.41,4200,,2861839,976329
49,1161739,NO,CAR,WR,Trey Palmer,,0.0,,,,,,0,0,-8.75,3000,,4688203,1161739
50,837806,LAC,KC,TE,Will Dissly,0.88,0.1,,,,4.8,,0,0,-6.87,2500,,329037,837806
51,835749,WAS,NYG,WR,Deebo Samuel Sr.,13.08,6.41,,,,20.9,6.1,0,0,-0.27,5300,,982845,835749
52,1383807,CLE,CHI,RB,Quinshon Judkins,15.54,4.78,,,,24.3,6.9,0,0,0.19,6300,,8223000,1383807
53,946739,DET,LAR,RB,David Montgomery,8.92,2.09,,,,16.9,2.5,0,0,-3.83,5000,,982082,946739
54,880123,WAS,NYG,TE,Lawrence Cager,,0.0,,,,,,0,0,-7.75,2500,,1844430,880123
55,880398,TEN,SF,RB,Tony Pollard,10.99,3.16,,,,19.1,4.5,0,0,-2.16,5200,,982431,880398
56,883302,PHI,LV,RB,Saquon Barkley,18.89,10.35,,,,29.2,8.5,0,0,1.94,7100,,328607,883302
57,882345,SEA,IND,QB,Drew Lock,,0.0,,,,,,0,0,-13.75,4000,,982657,882345
58,973964,LAC,KC,RB,Najee Harris,,0.0,,,,,,0,0,-10.75,4000,,2861602,973964
59,865801,HOU,ARI,WR,Christian Kirk,5.61,0.62,,,,11.5,1.6,0,0,-3.54,3200,,328952,865801
60,877913,TEN,SF,WR,James Proche II,1.6,0.12,,,,6.3,,0,0,-7.15,3000,,1844098,877913
61,976924,LV,PHI,QB,Kenny Pickett,12.15,0.0,,,,20.4,5.4,0,0,-2.6,4500,,3491435,976924
62,1127080,KC,LAC,WR,Nikko Remigio,0.21,0.0,,,,4.3,,0,0,-8.54,3000,,4716086,1127080
63,865868,DEN,GB,QB,Jarrett Stidham,,0.0,,,,,,0,0,-13.75,4000,,982257,865868
64,712506,IND,SEA,TE,Mo Alie-Cox,1.27,0.1,,,,5.3,,0,0,-6.48,2500,,36928,712506
65,944826,PHI,LV,WR,A.J. Brown,16.34,11.25,,,,24.8,8.9,0,0,-0.01,6800,,982405,944826
66,920758,DEN,GB,WR,Lil'Jordan Humphrey,0.96,0.12,,,,5.6,,0,0,-7.79,3000,,982599,920758
67,910605,CLE,CHI,RB,Trayveon Williams,0.71,0.0,,,,5.7,,0,0,-10.04,4000,,981990,910605
68,1283807,NYG,WAS,TE,Zach Davidson,,0.0,,,,,,0,0,-7.75,2500,,2861727,1283807
69,1229083,IND,SEA,TE,Tyler Warren,10.65,4.14,,,,16.8,5.6,0,0,-1.5,4700,,8217153,1229083
70,791365,PHI,LV,TE,Dallas Goedert,9.73,4.23,,,,16.0,4.8,0,0,-0.62,3800,,328643,791365
71,1285908,NYJ,JAX,WR,Adonai Mitchell,11.55,3.89,,,,18.7,5.7,0,0,0.0,4400,,6228064,1285908
72,881697,CHI,CLE,TE,Stephen Carlson,,0.0,,,,,,0,0,-7.75,2500,,982024,881697
73,323205,LAR,DET,QB,Matthew Stafford,23.49,6.19,,,,32.5,16.2,0,0,3.74,7000,,11613,323205
74,883314,CAR,NO,WR,Dan Chisena,,0.0,,,,,,0,0,-8.75,3000,,2184716,883314
75,881048,WAS,NYG,TE,Tyree Jackson,,0.0,,,,,,0,0,-7.75,2500,,982201,881048
76,884315,LV,PHI,WR,Alex Bachman,,0.0,,,,,,0,0,-8.75,3000,,982816,884315
77,976804,LAR,DET,RB,Ronnie Rivers,,0.0,,,,4.9,,0,0,-10.75,4000,,3504123,976804
78,611417,LAR,DET,WR,Davante Adams,16.69,12.25,,,,25.3,8.6,0,0,-0.46,7200,,18106,611417
79,1181739,CIN,BAL,TE,William Wagner,,0.0,,,,,,0,0,-7.75,2500,,-1181739,1181739
80,1108161,ARI,HOU,TE,Trey McBride,17.39,8.71,,,,24.5,10.1,0,0,-0.16,7400,,3492164,1108161
81,976309,CAR,NO,RB,DeeJay Dallas,,0.0,,,,,,0,0,-10.75,4000,,1849843,976309
82,1161818,ARI,HOU,QB,Kedon Slovis,,0.0,,,,,,0,0,-13.75,4000,,6228058,1161818
83,1271609,NYJ,JAX,RB,Isaiah Davis,3.08,0.19,,,,9.0,,0,0,-7.67,4000,,6228429,1271609
84,399579,NYJ,JAX,QB,Tyrod Taylor,14.75,0.0,,,,23.5,7.1,0,0,-0.6,4800,,11656,399579
85,884943,NYJ,JAX,WR,Trenton Irwin,,0.0,,,,,,0,0,-8.75,3000,,982231,884943
86,1319185,LAR,DET,RB,Jarquez Hunter,,0.0,,,,4.9,,0,0,-10.75,4000,,8228751,1319185
87,880026,SEA,IND,QB,Sam Darnold,17.04,3.87,,,,25.9,10.0,0,0,-0.31,5800,,328423,880026
88,973966,SF,TEN,RB,Brian Robinson Jr.,5.01,0.29,,,,11.8,0.9,0,0,-6.74,4500,,3491896,973966
89,1215291,CLE,CHI,WR,Malachi Corley,1.24,0.0,,,,6.1,,0,0,-7.51,3000,,6228432,1215291
90,691784,DET,LAR,QB,C.J. Beathard,,0.0,,,,,,0,0,-13.75,4000,,37061,691784
91,273278,WAS,NYG,QB,Josh Johnson,,0.0,,,,,,0,0,-13.75,4000,,14078,273278
92,1229074,JAX,NYJ,WR,Parker Washington,9.5,1.38,,,,16.5,3.7,0,0,-2.65,4700,,4687830,1229074
93,911619,BUF,NE,QB,Shane Buechele,,0.0,,,,,,0,0,-13.75,4000,,2862276,911619
94,883976,CHI,CLE,WR,Olamide Zaccheaus,6.26,1.2,,,,12.3,1.8,0,0,-3.09,3300,,982543,883976
95,1058090,CLE,CHI,QB,Bailey Zappe,,0.0,,,,,,0,0,-13.75,4000,,3491632,1058090
96,973945,SF,TEN,QB,Mac Jones,,0.0,,,,,,0,0,-13.75,4000,,2861809,973945
97,865838,ARI,HOU,WR,Andre Baccellia,2.08,0.12,,,,7.1,,0,0,-6.67,3000,,2184800,865838
98,830517,SF,TEN,RB,Christian McCaffrey,27.58,16.18,,,,41.5,13.7,0,0,6.83,9000,,36994,830517
99,841649,CAR,NO,WR,Hunter Renfrow,,0.0,,,,4.3,,0,0,-8.75,3000,,982727,841649
100,820727,HOU,ARI,RB,Joe Mixon,,0.0,,,,,,0,0,-12.35,4800,,36833,820727
101,733849,SF,TEN,WR,Trent Taylor,,0.0,,,,,,0,0,-8.75,3000,,37066,733849
102,694931,SEA,IND,TE,Eric Saubert,,0.0,,,,,,0,0,-7.75,2500,,36986,694931
103,1403491,KC,LAC,WR,Jalen Royals,,0.0,,,,4.3,,0,0,-8.75,3000,,8228672,1403491
104,790004,WAS,NYG,RB,Austin Ekeler,,0.0,,,,,,0,0,-10.75,4000,,37034,790004
105,1109285,PHI,LV,WR,Terrace Marshall,,0.0,,,,,,0,0,-8.75,3000,,2862164,1109285
106,694117,BAL,CIN,QB,Cooper Rush,,0.0,,,,,,0,0,-13.75,4000,,36954,694117
107,973935,CLE,CHI,WR,Jerry Jeudy,8.61,0.0,,,,15.2,3.7,0,0,-2.94,4400,,1844833,973935
108,1228691,TEN,SF,QB,Cam Ward,14.24,2.5,,,,22.8,7.0,0,0,-0.71,4600,,8217535,1228691
109,702808,NE,BUF,WR,Mack Hollins,8.12,1.0,,,,14.8,3.1,0,0,-2.63,4000,,36971,702808
110,880557,NYG,WAS,WR,Darius Slayton,7.42,2.04,,,,14.0,2.7,0,0,-4.13,4400,,982456,880557
111,590796,IND,SEA,RB,Ameer Abdullah,1.62,0.15,,,,7.0,,0,0,-9.13,4000,,21604,590796
112,1218880,CLE,CHI,WR,Luke Floriea,,0.0,,,,,,0,0,-8.75,3000,,8408939,1218880
113,975829,DEN,GB,QB,Sam Ehlinger,,0.0,,,,,,0,0,-13.75,4000,,2861902,975829
114,1214183,TEN,SF,WR,Xavier Restrepo,,0.0,,,,,,0,0,-8.75,3000,,8268818,1214183
115,472623,KC,LAC,TE,James Winchester,,0.0,,,,,,0,0,-7.75,2500,,-472623,472623
116,1214084,HOU,ARI,QB,C.J. Stroud,20.55,6.0,,,,29.6,12.3,0,0,4.4,5200,,4687775,1214084
117,1128295,HOU,ARI,RB,British Brooks,0.27,0.0,,,,5.3,,0,0,-10.48,4000,,6228028,1128295
118,835909,KC,LAC,WR,JuJu Smith-Schuster,2.4,0.15,,,,7.4,,0,0,-6.35,3000,,36849,835909
119,1109133,GB,DEN,QB,Clayton Tune,,0.0,,,,,,0,0,-13.75,4000,,4687486,1109133
120,596417,LV,PHI,WR,Phillip Dorsett II,,0.0,,,,,,0,0,-8.75,3000,,21666,596417
121,322858,CAR,NO,QB,Andy Dalton,,0.0,,,,,,0,0,-13.75,4000,,11633,322858
122,750846,NO,CAR,RB,Alvin Kamara,,0.0,,,,,,0,0,-13.75,5500,,36998,750846
123,740704,JAX,NYJ,TE,Johnny Mundt,,0.0,,,,3.7,,0,0,-7.75,2500,,37055,740704
124,1248031,ARI,HOU,RB,Trey Benson,,0.0,,,,,,0,0,-13.55,5400,,6227660,1248031
125,1229540,LAR,DET,RB,Blake Corum,7.52,1.22,,,,15.3,1.9,0,0,-4.83,4800,,6228231,1229540
126,1229133,BAL,CIN,RB,Rasheen Ali,3.27,0.15,,,,9.2,0.1,0,0,-7.48,4000,,6227728,1229133
127,1229386,LAR,DET,WR,Brennan Presley,,0.0,,,,,,0,0,-8.75,3000,,8268478,1229386
128,1317287,NE,BUF,RB,Brock Lampe,,0.0,,,,,,0,0,-10.75,4000,,-1317287,1317287
129,1321291,NO,CAR,RB,Audric Estime,1.24,0.14,,,,6.6,,0,0,-9.51,4000,,6227937,1321291
130,973949,BUF,NE,WR,Tyrell Shavers,3.18,0.34,,,,8.4,0.1,0,0,-5.57,3000,,4744237,973949
131,1228551,GB,DEN,TE,Drake Dabney,,0.0,,,,,,0,0,-7.75,2500,,8409631,1228551
132,1107584,NYJ,JAX,QB,Adrian Martinez,,0.0,,,,,,0,0,-13.75,4000,,4687726,1107584
133,1106374,TEN,SF,TE,Chig Okonkwo,6.46,1.74,,,,11.8,2.9,0,0,-2.89,3300,,3491778,1106374
134,1127065,GB,DEN,RB,Chris Brooks,1.55,0.15,,,,7.0,,0,0,-9.2,4000,,4744672,1127065
135,1229673,TEN,SF,RB,Kalel Mullings,0.13,0.15,,,,5.2,,0,0,-10.62,4000,,8229045,1229673
136,1107232,WAS,NYG,TE,Colson Yankoff,1.37,0.1,,,,5.4,,0,0,-6.38,2500,,6228648,1107232
137,1228243,JAX,NYJ,RB,Ja'Quinden Jackson,,0.0,,,,,,0,0,-10.75,4000,,8250806,1228243
138,691536,NYG,WAS,QB,Jameis Winston,,0.0,,,,,,0,0,-13.75,4000,,21745,691536
139,1107034,SF,TEN,WR,Brandon Aiyuk,,0.0,,,,,,0,0,-11.95,4600,,1849809,1107034
140,1179480,NYG,WAS,WR,Da'Quan Felton,,0.0,,,,,,0,0,-8.75,3000,,8262384,1179480
141,1319246,DET,LAR,RB,Kye Robichaux,,0.0,,,,,,0,0,-10.75,4000,,8250691,1319246
142,1113381,CLE,CHI,TE,Brenden Bates,,0.0,,,,,,0,0,-7.75,2500,,6227809,1113381
143,1444140,CHI,CLE,QB,Tyson Bagent,,0.0,,,,,,0,0,-13.75,4000,,4715811,1444140
144,1115394,CIN,BAL,TE,Tanner Hudson,1.78,0.15,,,,5.9,,0,0,-5.97,2500,,328798,1115394
145,1325231,NYJ,JAX,RB,Braelon Allen,,0.0,,,,,,0,0,-10.75,4000,,6228431,1325231
146,1215022,IND,SEA,QB,Anthony Richardson Sr.,,0.0,,,,,,0,0,-14.55,4400,,4687802,1215022
147,1127066,GB,DEN,TE,McCallan Castles,,0.0,,,,,,0,0,-7.75,2500,,6228455,1127066
148,1214087,SEA,IND,WR,Jaxon Smith-Njigba,23.09,18.59,,,,33.0,13.0,0,0,3.14,8600,,4688187,1214087
149,1215077,IND,SEA,WR,Josh Downs,8.04,1.78,,,,14.4,3.6,0,0,-2.91,4100,,4687801,1215077
150,1059680,JAX,NYJ,TE,Quintin Morris,0.68,0.1,,,,4.6,,0,0,-7.07,2500,,2861751,1059680
151,1122182,LV,PHI,RB,Dylan Laube,0.04,0.16,,,,4.9,,0,0,-10.71,4000,,6228165,1122182
152,884609,NO,CAR,TE,Juwan Johnson,10.73,9.1,,,,17.1,5.7,0,0,0.58,3700,,1844771,884609
153,1223393,SEA,IND,WR,Tory Horton,,0.0,,,,,,0,0,-8.75,3000,,8228995,1223393
154,1106760,LAR,DET,WR,Tutu Atwell,,0.0,,,,,,0,0,-9.35,3300,,2862399,1106760
155,1322393,CAR,NO,WR,Jimmy Horn Jr.,2.04,0.13,,,,7.0,,0,0,-6.71,3000,,8228394,1322393
156,1214154,DET,LAR,RB,Jahmyr Gibbs,25.13,20.78,,,,37.3,12.8,0,0,4.78,8800,,4687730,1214154
157,1218631,CIN,BAL,WR,Jermaine Burton,,0.0,,,,,,0,0,-8.75,3000,,6227840,1218631
158,1109731,CLE,CHI,TE,Blake Whiteheart,,0.0,,,,3.7,,0,0,-7.75,2500,,4715678,1109731
159,1218653,NYJ,JAX,WR,Arian Smith,0.48,0.12,,,,5.0,,0,0,-8.27,3000,,8228888,1218653
160,1228586,PHI,LV,WR,Danny Gray,,0.0,,,,,,0,0,-8.75,3000,,3492219,1228586
161,592538,ARI,HOU,QB,Jeff Driskel,,0.0,,,,,,0,0,-13.75,4000,,35677,592538
162,1216288,NE,BUF,WR,Efton Chism III,0.08,0.12,,,,4.3,,0,0,-8.67,3000,,8250990,1216288
163,1215078,BUF,NE,WR,Stephen Gosnell,,0.0,,,,,,0,0,-8.75,3000,,8238287,1215078
164,1179790,GB,DEN,TE,Luke Musgrave,3.75,0.36,,,,8.4,0.8,0,0,-4.0,2500,,4687754,1179790
165,1286050,ARI,HOU,RB,Corey Kiner,,0.0,,,,4.9,,0,0,-10.75,4000,,8268732,1286050
166,1056392,TEN,SF,WR,Lance McCutcheon,,0.0,,,,,,0,0,-8.75,3000,,3516161,1056392
167,1289471,CAR,NO,TE,Mitchell Evans,2.38,0.14,,,,6.7,,0,0,-5.37,2500,,8228395,1289471
168,1317059,DET,LAR,TE,Zach Horton,,0.0,,,,,,0,0,-7.75,2500,,8268237,1317059
169,1121050,SEA,IND,WR,Jake Bobo,,0.0,,,,4.3,,0,0,-8.75,3000,,4716451,1121050
170,882718,PHI,LV,WR,Britain Covey,0.14,0.12,,,,4.3,,0,0,-8.61,3000,,3503821,882718
171,1049792,NYJ,JAX,TE,Nick Muse,,0.0,,,,,,0,0,-7.75,2500,,3491546,1049792
172,1169263,JAX,NYJ,WR,Chandler Brayboy,,0.0,,,,,,0,0,-8.75,3000,,8250809,1169263
173,1128981,NE,BUF,RB,Jashaun Corbin,,0.0,,,,,,0,0,-10.75,4000,,3515793,1128981
174,1136395,CIN,BAL,WR,Xavier Johnson,,0.0,,,,,,0,0,-8.75,3000,,6227750,1136395
175,1213362,NE,BUF,WR,Kayshon Boutte,8.0,1.7,,,,14.8,3.0,0,0,-4.75,5000,,4688005,1213362
176,1128783,DEN,GB,WR,Elijah Moore,,0.0,,,,,,0,0,-8.75,3000,,2861841,1128783
177,1214242,CLE,CHI,TE,Caden Prieskorn,,0.0,,,,,,0,0,-7.75,2500,,8250690,1214242
178,1128222,HOU,ARI,WR,Tank Dell,,0.0,,,,,,0,0,-8.75,3000,,4687774,1128222
179,1218753,CAR,NO,WR,Jalen Coker,8.26,1.93,,,,15.1,3.5,0,0,-2.29,3900,,6227778,1218753
180,1218643,LAC,KC,WR,Ladd McConkey,13.3,5.87,,,,20.9,7.0,0,0,-2.25,6400,,6228204,1218643
181,1172080,NO,CAR,WR,Bub Means,,0.0,,,,,,0,0,-8.75,3000,,6228356,1172080
182,1315586,ARI,HOU,WR,Tejhaun Palmer,,0.0,,,,,,0,0,-8.75,3000,,6227658,1315586
183,1215035,PHI,LV,RB,Tank Bigsby,1.44,0.22,,,,6.8,,0,0,-10.51,4600,,4687832,1215035
184,1227157,NE,BUF,WR,Kyle Williams,1.85,0.16,,,,6.8,,0,0,-6.9,3000,,8223311,1227157
185,1286480,DET,LAR,WR,Dominic Lovett,,0.0,,,,4.3,,0,0,-8.75,3000,,8228545,1286480
186,1286370,HOU,ARI,WR,Jaylin Noel,5.52,0.24,,,,11.4,1.3,0,0,-3.23,3000,,8223113,1286370
187,1107037,GB,DEN,TE,Josh Whyle,2.45,0.11,,,,6.8,,0,0,-5.3,2500,,4688224,1107037
188,1229489,ARI,HOU,TE,Tip Reiman,,0.0,,,,,,0,0,-7.75,2500,,6227659,1229489
189,1286260,NYG,WAS,QB,Jaxson Dart,20.0,6.61,,,,31.8,10.0,0,0,3.05,5600,,8217369,1286260
190,1175182,HOU,ARI,TE,Cade Stover,2.16,0.1,,,,6.3,0.1,0,0,-5.59,2500,,6228030,1175182
191,1327169,JAX,NYJ,RB,Bhayshul Tuten,5.0,0.37,,,,11.8,0.6,0,0,-6.75,4500,,8228650,1327169
192,1167361,LAR,DET,RB,Kyren Williams,16.49,6.24,,,,27.2,6.5,0,0,0.14,6800,,3492191,1167361
193,1462491,LAC,KC,WR,JaQuae Jackson,,0.0,,,,,,0,0,-8.75,3000,,6227690,1462491
194,1049254,NO,CAR,QB,Jake Haener,,0.0,,,,,,0,0,-13.75,4000,,4688035,1049254
195,1228730,CIN,BAL,RB,Tahj Brooks,,0.0,,,,4.9,,0,0,-10.75,4000,,8228448,1228730
196,1107027,IND,SEA,WR,Alec Pierce,9.61,2.99,,,,16.5,4.3,0,0,-2.94,4900,,3491723,1107027
197,1286173,NO,CAR,TE,Moliki Matavao,,0.0,,,,,,0,0,-7.75,2500,,8228833,1286173
198,1122592,NO,CAR,WR,Chris Olave,14.84,9.83,,,,22.9,7.6,0,0,-0.31,6200,,3491988,1122592
199,1177053,BAL,CIN,WR,Zay Flowers,16.97,10.34,,,,25.7,8.9,0,0,1.62,6300,,4687538,1177053
200,1232592,LV,PHI,TE,Michael Mayer,5.12,0.81,,,,10.1,2.0,0,0,-3.43,2900,,4687882,1232592
201,1169430,TEN,SF,RB,Tyjae Spears,9.23,1.63,,,,16.9,3.5,0,0,-2.92,4700,,4688225,1169430
202,1289220,NO,CAR,TE,Zaire Mitchell-Paden,,0.0,,,,3.7,,0,0,-7.75,2500,,3515342,1289220
203,350,NO,CAR,DST,Saints,5.29,1.73,,,,11.2,0.8,0,0,-0.71,2500,,18433,350
204,1059221,NYG,WAS,WR,Ihmir Smith-Marsette,,0.0,,,,,,0,0,-8.75,3000,,2861720,1059221
205,361,SEA,IND,DST,Seahawks,8.4,6.75,,,,14.1,3.4,0,0,0.0,3700,,18441,361
206,1213881,NO,CAR,WR,Ja'Lynn Polk,,0.0,,,,,,0,0,-8.75,3000,,6228326,1213881
207,1399275,JAX,NYJ,WR,Travis Hunter,,0.0,,,,,,0,0,-8.75,3000,,8217177,1399275
208,1125111,BAL,CIN,TE,Isaiah Likely,7.1,2.03,,,,12.8,2.7,0,0,-2.45,3400,,3491355,1125111
209,1116663,TEN,SF,QB,Will Levis,,0.0,,,,,,0,0,-13.75,4000,,4688226,1116663
210,1114364,LV,PHI,WR,Shedrick Jackson,,0.0,,,,,,0,0,-8.75,3000,,4715836,1114364
211,1214112,LAR,DET,WR,Tyler Scott,,0.0,,,,,,0,0,-8.75,3000,,4687603,1214112
212,1213386,NYJ,JAX,QB,Brady Cook,,0.0,,,,,,0,0,-14.35,4300,,8251067,1213386
213,1109711,WAS,NYG,QB,Sam Hartman,,0.0,,,,,,0,0,-13.75,4000,,6228649,1109711
214,1215102,TEN,SF,WR,Chimere Dike,10.98,3.58,,,,18.2,4.7,0,0,-0.37,4300,,8229048,1215102
215,1214266,NYG,WAS,TE,Maximilian Mang,,0.0,,,,,,0,0,-7.75,2500,,-1214266,1214266
216,1214289,CLE,CHI,RB,Ahmani Marshall,,0.0,,,,,,0,0,-10.75,4000,,8244487,1214289
217,608360,WAS,NYG,WR,Robbie Chosen,,0.0,,,,,,0,0,-8.75,3000,,35503,608360
218,1274492,HOU,ARI,WR,Jayden Higgins,9.52,3.74,,,,16.6,4.2,0,0,-1.63,4200,,8223114,1274492
219,1175184,DET,LAR,WR,Jameson Williams,14.9,7.62,,,,23.2,7.6,0,0,-0.05,6100,,3491483,1175184
220,1122692,TEN,SF,TE,Cole Turner,,0.0,,,,,,0,0,-7.75,2500,,3491903,1122692
221,1398572,LAC,KC,RB,Omarion Hampton,10.65,4.69,,,,19.0,3.8,0,0,-3.9,5900,,8217247,1398572
222,1405106,DET,LAR,WR,Andrew Armstrong,,0.0,,,,,,0,0,-8.75,3000,,8262280,1405106
223,1057484,SEA,IND,WR,Cody White,0.88,0.19,,,,5.4,,0,0,-7.87,3000,,2185208,1057484
224,1286064,JAX,NYJ,WR,Brian Thomas Jr.,10.42,5.15,,,,17.7,4.4,0,0,-3.73,5700,,6228100,1286064
225,1125882,KC,LAC,RB,Keaontay Ingram,,0.0,,,,,,0,0,-10.75,4000,,3492165,1125882
226,351,NYG,WAS,DST,Giants,6.55,1.7,,,,12.5,1.4,0,0,0.15,2700,,18434,351
227,1441362,DET,LAR,WR,Isaac TeSlaa,6.04,0.6,,,,12.3,1.8,0,0,-3.71,3500,,8223065,1441362
228,1213442,SEA,IND,WR,Jimmy Holiday,,0.0,,,,,,0,0,-8.75,3000,,8350232,1213442
229,1213486,PHI,LV,WR,Johnny Wilson,,0.0,,,,,,0,0,-8.75,3000,,6228456,1213486
230,1379267,GB,DEN,WR,Matthew Golden,2.67,0.26,,,,7.9,,0,0,-7.28,3600,,8217102,1379267
231,1124199,TEN,SF,TE,David Martin-Robinson,0.35,0.1,,,,4.0,,0,0,-7.4,2500,,6228620,1124199
232,1107326,LAC,KC,TE,Thomas Yassmin,,0.0,,,,,,0,0,-7.75,2500,,6227933,1107326
233,1056660,JAX,NYJ,WR,Austin Trammell,,0.0,,,,,,0,0,-8.75,3000,,2862133,1056660
234,1163272,KC,LAC,TE,Jared Wiley,0.13,0.0,,,,3.9,,0,0,-7.62,2500,,6228135,1163272
235,1164141,SEA,IND,WR,Courtney Jackson,,0.0,,,,,,0,0,-8.75,3000,,8238445,1164141
236,1110681,NYJ,JAX,QB,Justin Fields,,0.0,,,,,,0,0,-15.35,4800,,2861635,1110681
237,1067132,CIN,BAL,WR,Charlie Jones,0.33,0.12,,,,4.6,,0,0,-8.42,3000,,4687627,1067132
238,839031,KC,LAC,QB,Patrick Mahomes,19.13,3.81,,,,28.6,10.9,0,0,0.38,6500,,37022,839031
239,1286164,LV,PHI,WR,Dont'e Thornton Jr.,1.41,0.12,,,,6.1,,0,0,-7.34,3000,,8228700,1286164
240,1289332,LAR,DET,WR,Konata Mumpfield,1.36,0.12,,,,6.1,,0,0,-7.39,3000,,8228750,1289332
241,1319219,KC,LAC,RB,Carson Steele,,0.0,,,,,,0,0,-10.75,4000,,6228130,1319219
242,341,LV,PHI,DST,Raiders,4.75,5.88,,,,10.8,0.3,0,0,-0.25,2000,,18436,341
243,352,NYJ,JAX,DST,Jets,4.0,1.47,,,,10.1,0.2,0,0,-1.2,2100,,18435,352
244,1213872,GB,DEN,WR,Savion Williams,,0.0,,,,,,0,0,-8.75,3000,,8223085,1213872
245,363,WAS,NYG,DST,Commanders,5.57,2.05,,,,11.8,1.1,0,0,-0.63,2600,,18445,363
246,1123364,TEN,SF,TE,Joel Wilson,,0.0,,,,,,0,0,-7.75,2500,,4688029,1123364
247,1123496,ARI,HOU,WR,Simi Fehoko,,0.0,,,,,,0,0,-8.75,3000,,2862007,1123496
248,1322431,BUF,NE,WR,Keon Coleman,6.65,0.96,,,,13.0,2.2,0,0,-3.7,3800,,6227754,1322431
249,1325830,BAL,CIN,RB,Lucas Scott,,0.0,,,,,,0,0,-10.75,4000,,-1325830,1325830
250,1228920,WAS,NYG,TE,Ben Sinnott,3.08,0.17,,,,7.5,0.4,0,0,-5.07,2700,,6228652,1228920
251,1468632,LV,PHI,TE,Carter Runyon,,0.0,,,,3.7,,0,0,-7.75,2500,,8274658,1468632
252,1049246,IND,SEA,RB,Salvon Ahmed,,0.0,,,,,,0,0,-10.75,4000,,1849808,1049246
253,1113398,TEN,SF,WR,Bryce Oliver,,0.0,,,,,,0,0,-8.75,3000,,6228615,1113398
254,604390,TEN,SF,QB,Brandon Allen,,0.0,,,,,,0,0,-13.75,4000,,35523,604390
255,1182082,NE,BUF,RB,Terrell Jennings,0.07,0.16,,,,5.0,,0,0,-10.68,4000,,6228318,1182082
256,1229503,SEA,IND,TE,AJ Barner,9.47,3.66,,,,15.4,4.4,0,0,0.32,3200,,6228551,1229503
257,1108998,KC,LAC,RB,Dameon Pierce,,0.0,,,,,,0,0,-10.75,4000,,3491693,1108998
258,1172050,SEA,IND,RB,Kenny McIntosh,,0.0,,,,,,0,0,-10.75,4000,,4688185,1172050
259,1108526,NE,BUF,TE,Thomas Odukoya,,0.0,,,,,,0,0,-7.75,2500,,3758327,1108526
260,924381,CIN,BAL,WR,Kendric Pryor,,0.0,,,,,,0,0,-8.75,3000,,3515312,924381
261,1109758,DEN,GB,WR,A.T. Perry,,0.0,,,,,,0,0,-8.75,3000,,4688034,1109758
262,913271,PHI,LV,QB,Jalen Hurts,21.67,6.54,,,,35.2,10.1,0,0,2.32,6800,,1844646,913271
263,1163273,LAR,DET,WR,Jordan Whittington,1.45,0.12,,,,6.1,,0,0,-7.3,3000,,6228229,1163273
264,1232892,NYG,WAS,WR,Jalin Hyatt,,0.0,,,,4.3,,0,0,-8.75,3000,,4688061,1232892
265,1168410,NYG,WAS,WR,Gunner Olszewski,0.48,0.21,,,,4.7,,0,0,-8.27,3000,,1055342,1168410
266,1121220,NYG,WAS,RB,Dante Miller,,0.0,,,,,,0,0,-10.75,4000,,6073849,1121220
267,839043,NE,BUF,RB,D'Ernest Johnson,,0.0,,,,,,0,0,-10.75,4000,,1247803,839043
268,1378840,JAX,NYJ,RB,LeQuint Allen Jr.,1.49,0.22,,,,7.0,,0,0,-9.26,4000,,8228649,1378840
269,1286176,DEN,GB,WR,Troy Franklin,9.94,2.55,,,,17.3,4.3,0,0,-3.21,5200,,6227934,1286176
270,1213730,LAR,DET,TE,Mark Redman,,0.0,,,,,,0,0,-7.75,2500,,8268477,1213730
271,1231033,BAL,CIN,WR,LaJohntay Wester,0.36,0.12,,,,4.7,,0,0,-8.39,3000,,8228348,1231033
272,1067089,CIN,BAL,QB,Sean Clifford,,0.0,,,,,,0,0,-13.75,4000,,4687752,1067089
273,1168245,PHI,LV,QB,Sam Howell,,0.0,,,,,,0,0,-13.75,4000,,3491898,1168245
274,364,CAR,NO,DST,Panthers,7.56,5.39,,,,13.4,1.9,0,0,0.36,3100,,18418,364
275,1124355,ARI,HOU,TE,Messiah Swinson,,0.0,,,,,,0,0,-7.75,2500,,6227996,1124355
276,1123398,GB,DEN,WR,Jayden Reed,9.79,3.66,,,,17.3,3.9,0,0,-1.96,4500,,4687753,1123398
277,1106832,KC,LAC,RB,Isiah Pacheco,7.57,0.54,,,,15.2,2.2,0,0,-4.58,4700,,3492074,1106832
278,1215974,LV,PHI,RB,Chris Collier,,0.0,,,,,,0,0,-10.75,4000,,6227725,1215974
279,1213345,CIN,BAL,RB,Kendall Milton,,0.0,,,,,,0,0,-10.75,4000,,6228453,1213345
280,1326601,CAR,NO,RB,Jonathon Brooks,,0.0,,,,,,0,0,-10.75,4000,,6227781,1326601
281,1326964,SF,TEN,WR,Junior Bergen,,0.0,,,,,,0,0,-8.75,3000,,8228966,1326964
282,1213257,CAR,NO,QB,Bryce Young,17.05,2.04,,,,26.0,9.4,0,0,1.1,5100,,4687580,1213257
283,1305866,DEN,GB,WR,Pat Bryant,7.83,1.09,,,,14.4,3.3,0,0,-2.72,3900,,8223043,1305866
284,1175693,NE,BUF,WR,DeMario Douglas,4.37,0.42,,,,10.2,0.6,0,0,-5.38,3500,,4688003,1175693
285,1109979,CIN,BAL,WR,Ja'Marr Chase,23.52,16.02,,,,33.1,13.7,0,0,4.57,8100,,2861551,1109979
286,1068872,SF,TEN,TE,Jake Tonges,0.13,0.74,,,,3.9,,0,0,-7.62,2500,,3503411,1068872
287,1130230,LAC,KC,RB,Hassan Haskins,0.27,0.15,,,,5.3,,0,0,-10.48,4000,,3491783,1130230
288,749185,DEN,GB,TE,Evan Engram,7.62,2.18,,,,13.3,3.7,0,0,-1.33,3100,,36968,749185
289,1108208,BAL,CIN,WR,Rashod Bateman,6.23,0.63,,,,12.4,1.7,0,0,-3.32,3400,,2861521,1108208
290,1069763,LAR,DET,QB,Stetson Bennett IV,,0.0,,,,,,0,0,-13.75,4000,,-1069763,1069763
291,1124851,CIN,BAL,WR,Andrei Iosivas,6.35,1.04,,,,12.6,2.0,0,0,-4.6,4100,,4687628,1124851
292,1386002,CLE,CHI,WR,Kaden Davis,,0.0,,,,,,0,0,-8.75,3000,,3516007,1386002
293,1122596,NYJ,JAX,TE,Jeremy Ruckert,3.19,0.16,,,,7.6,0.6,0,0,-4.56,2500,,3491659,1122596
294,338280,CHI,CLE,QB,Case Keenum,,0.0,,,,,,0,0,-13.75,4000,,16877,338280
295,332,DEN,GB,DST,Broncos,5.19,3.67,,,,11.3,0.6,0,0,-2.61,3400,,18423,332
296,1125632,JAX,NYJ,QB,Carter Bradley,,0.0,,,,,,0,0,-13.75,4000,,6228169,1125632
297,1124664,CLE,CHI,WR,Cedric Tillman,4.74,0.48,,,,10.4,1.0,0,0,-4.41,3200,,4687650,1124664
298,343,LAR,DET,DST,Rams,5.77,1.91,,,,11.6,1.1,0,0,-1.23,3000,,18442,343
299,1223301,ARI,HOU,WR,Jalen Brooks,,0.0,,,,,,0,0,-9.35,3300,,4687678,1223301
300,354,PHI,LV,DST,Eagles,9.29,9.05,,,,15.3,4.3,0,0,0.69,3800,,18437,354
301,365,JAX,NYJ,DST,Jaguars,9.42,6.5,,,,16.0,4.0,0,0,0.62,3900,,18428,365
302,1122035,NYG,WAS,TE,Daniel Bellinger,3.06,0.22,,,,7.6,0.1,0,0,-4.69,2500,,3491834,1122035
303,1465213,CHI,CLE,WR,Jahdae Walker,,0.0,,,,4.3,,0,0,-8.75,3000,,8268095,1465213
304,1214633,LAC,KC,WR,Tre' Harris,3.47,0.22,,,,8.7,0.2,0,0,-5.48,3100,,8223234,1214633
305,1113477,LAC,KC,WR,Derius Davis,0.45,0.13,,,,4.7,,0,0,-8.3,3000,,4687908,1113477
306,1128998,NE,BUF,RB,Deneric Prince,,0.0,,,,,,0,0,-10.75,4000,,4716087,1128998
307,1325513,TEN,SF,WR,Hal Presley III,,0.0,,,,,,0,0,-8.75,3000,,-1325513,1325513
308,1127106,DET,LAR,WR,Amon-Ra St. Brown,26.22,17.87,,,,36.5,15.7,0,0,7.67,7900,,2861659,1127106
309,1107878,JAX,NYJ,WR,Dyami Brown,,0.0,,,,4.3,,0,0,-8.75,3000,,2862095,1107878
310,1229846,SEA,IND,WR,Ricky White III,,0.0,,,,,,0,0,-8.75,3000,,8228992,1229846
311,1177970,NYG,WAS,WR,Xavier Gipson,,0.0,,,,,,0,0,-8.75,3000,,4716332,1177970
312,943093,LV,PHI,TE,Ian Thomas,0.64,0.0,,,,4.5,,0,0,-7.11,2500,,328735,943093
313,1056981,KC,LAC,TE,Noah Gray,3.3,0.15,,,,7.8,0.5,0,0,-4.45,2500,,2862275,1056981
314,836152,CIN,BAL,TE,Mike Gesicki,7.72,2.02,,,,13.4,3.4,0,0,-1.63,3300,,328364,836152
315,1286662,CIN,BAL,WR,Jordan Moore,,0.0,,,,,,0,0,-8.75,3000,,8238369,1286662
316,1121871,HOU,ARI,TE,Brevin Jordan,,0.0,,,,,,0,0,-7.75,2500,,2861873,1121871
317,1121761,SF,TEN,QB,Brock Purdy,20.03,5.65,,,,29.9,11.7,0,0,1.88,6200,,3492223,1121761
318,913163,BAL,CIN,QB,Tyler Huntley,,0.0,,,,,,0,0,-13.75,4000,,2184520,913163
319,838396,JAX,NYJ,TE,Jordan Akins,,0.0,,,,,,0,0,-7.75,2500,,328461,838396
320,1168753,JAX,NYJ,TE,Patrick Herbert,,0.0,,,,,,0,0,-7.75,2500,,8262138,1168753
321,1231431,DEN,GB,TE,Caleb Lohner,,0.0,,,,,,0,0,-7.75,2500,,8228522,1231431
322,837087,DET,LAR,WR,Tom Kennedy,0.58,0.0,,,,5.0,,0,0,-8.17,3000,,1018905,837087
323,1131012,BUF,NE,RB,James Cook III,18.67,10.37,,,,28.8,8.3,0,0,-0.08,8000,,3491576,1131012
324,1123521,PHI,LV,QB,Tanner McKee,,0.0,,,,,,0,0,-13.75,4000,,4688108,1123521
325,1286046,LV,PHI,WR,Jack Bech,2.41,0.34,,,,7.3,,0,0,-6.74,3200,,8223208,1286046
326,1167356,NE,BUF,RB,Craig Reynolds,,0.0,,,,,,0,0,-10.75,4000,,1019315,1167356
327,1166036,IND,SEA,WR,Ashton Dulin,,0.0,,,,,,0,0,-8.75,3000,,982346,1166036
328,915066,BUF,NE,RB,Reggie Gilliam,0.12,0.0,,,,5.0,,0,0,-10.63,4000,,1844335,915066
329,1466721,NO,CAR,TE,Mason Pline,,0.0,,,,,,0,0,-7.75,2500,,6228514,1466721
330,355,ARI,HOU,DST,Cardinals,5.33,2.43,,,,11.4,1.0,0,0,-0.47,2400,,18415,355
331,366,BAL,CIN,DST,Ravens,5.68,1.78,,,,11.7,0.8,0,0,-1.72,3200,,18446,366
332,1231079,KC,LAC,WR,Jason Brownlee,,0.0,,,,,,0,0,-8.75,3000,,4716334,1231079
333,746491,ARI,HOU,WR,Zay Jones,,0.0,,,,,,0,0,-8.75,3000,,36889,746491
334,1125589,SF,TEN,TE,Brayden Willis,,0.0,,,,,,0,0,-7.75,2500,,4688160,1125589
335,1061591,PHI,LV,TE,Cal Adomitis,,0.0,,,,,,0,0,-7.75,2500,,-1061591,1061591
336,1214414,NYG,WAS,TE,Theo Johnson,9.76,6.97,,,,16.1,4.5,0,0,0.01,3500,,6228389,1214414
337,1478205,NE,BUF,WR,John Jiles,,0.0,,,,,,0,0,-8.75,3000,,6228381,1478205
338,1325624,LAC,KC,TE,Oronde Gadsden II,9.16,2.72,,,,15.1,4.6,0,0,-2.19,4300,,8228725,1325624
339,749681,WAS,NYG,WR,River Cracraft,,0.0,,,,,,0,0,-8.75,3000,,37962,749681
340,1214689,WAS,NYG,WR,Jaylin Lane,1.59,0.12,,,,6.1,,0,0,-7.16,3000,,8229073,1214689
341,933480,CAR,NO,RB,Rico Dowdle,13.37,4.36,,,,22.4,5.1,0,0,-2.58,6600,,1844583,933480
342,1215305,CIN,BAL,WR,Mitch Tinsley,1.09,0.24,,,,5.7,,0,0,-7.86,3100,,4688248,1215305
343,1174682,NE,BUF,RB,Rhamondre Stevenson,9.85,1.0,,,,18.3,2.6,0,0,-3.1,5100,,2861810,1174682
344,921050,PHI,LV,TE,Kylen Granson,0.45,0.09,,,,4.2,,0,0,-7.3,2500,,2861904,921050
345,1303569,IND,SEA,RB,DJ Giddens,,0.0,,,,4.9,,0,0,-10.75,4000,,8228624,1303569
346,924362,HOU,ARI,WR,Quintez Cephus,,0.0,,,,,,0,0,-8.75,3000,,1844245,924362
347,1381164,DET,LAR,RB,Sione Vaki,,0.0,,,,,,0,0,-10.75,4000,,6227967,1381164
348,1176432,NYJ,JAX,WR,Isaiah Williams,3.3,0.12,,,,8.3,0.2,0,0,-5.45,3000,,6227963,1176432
349,1130595,LAC,KC,RB,Scott Matlock,0.15,0.0,,,,5.1,,0,0,-10.6,4000,,7481580,1130595
350,1163265,CHI,CLE,RB,Roschon Johnson,,0.0,,,,,,0,0,-10.75,4000,,4687604,1163265
351,1165333,CLE,CHI,QB,Dillon Gabriel,,0.0,,,,,,0,0,-13.75,4000,,8222998,1165333
352,1231652,HOU,ARI,RB,Woody Marks,17.6,10.94,,,,28.0,7.6,0,0,3.65,5600,,8228596,1231652
353,1169832,GB,DEN,WR,Jakobie Keeney-James,,0.0,,,,,,0,0,-8.75,3000,,8250689,1169832
354,1059612,BUF,NE,WR,Joshua Palmer,,0.0,,,,,,0,0,-9.75,3500,,2862340,1059612
355,1122653,GB,DEN,WR,Romeo Doubs,9.82,2.44,,,,16.8,4.0,0,0,-2.33,4700,,3491516,1122653
356,949134,PHI,LV,WR,Quez Watkins,,0.0,,,,,,0,0,-8.75,3000,,1844642,949134
357,1378821,CHI,CLE,TE,Colston Loveland,7.53,3.01,,,,13.3,3.0,0,0,-2.42,3600,,8216973,1378821
358,1377732,CHI,CLE,WR,Luther Burden III,10.37,4.92,,,,17.7,4.2,0,0,-1.98,4800,,8222949,1377732
359,1166235,DEN,GB,RB,Sincere McCormick,,0.0,,,,,,0,0,-10.75,4000,,3516068,1166235
360,1122323,DEN,GB,TE,Lucas Krull,,0.0,,,,,,0,0,-7.75,2500,,3503947,1122323
361,884080,TEN,SF,WR,Van Jefferson,6.49,0.58,,,,12.6,2.4,0,0,-2.26,3000,,1849783,884080
362,1286179,LAR,DET,TE,Terrance Ferguson,3.54,0.18,,,,8.2,0.5,0,0,-4.21,2500,,8223257,1286179
363,334,DET,LAR,DST,Lions,4.43,2.96,,,,10.7,0.8,0,0,-1.77,2600,,18424,334
364,1213865,LAC,KC,WR,Quentin Johnston,8.56,3.13,,,,15.5,3.7,0,0,-3.99,4900,,4687909,1213865
365,1137635,LAR,DET,WR,Xavier Smith,3.79,0.23,,,,9.2,0.2,0,0,-4.96,3000,,4716168,1137635
366,1379646,LV,PHI,RB,Ashton Jeanty,17.87,13.04,,,,27.4,9.1,0,0,3.52,5800,,8217222,1379646
367,1123379,CIN,BAL,RB,Chase Brown,17.06,11.11,,,,27.5,7.3,0,0,0.91,6700,,4687629,1123379
368,1213414,GB,DEN,RB,MarShawn Lloyd,,0.0,,,,,,0,0,-10.75,4000,,6228001,1213414
369,1213799,DEN,GB,WR,Marvin Mims Jr.,4.9,0.32,,,,10.6,1.0,0,0,-5.05,3600,,4687701,1213799
370,1126338,SF,TEN,RB,Isaac Guerendo,,0.0,,,,4.9,,0,0,-10.75,4000,,6228519,1126338
371,1128527,ARI,HOU,RB,Jermar Jefferson,,0.0,,,,,,0,0,-10.75,4000,,2861666,1128527
372,1215658,NE,BUF,RB,Lan Larison,,0.0,,,,,,0,0,-10.75,4000,,8250987,1215658
373,1313668,KC,LAC,RB,Brashard Smith,3.03,0.16,,,,9.1,0.1,0,0,-7.72,4000,,8228671,1313668
374,1323007,CLE,CHI,WR,Gage Larvadain,2.33,0.18,,,,7.1,,0,0,-6.42,3000,,8268155,1323007
375,1164530,SEA,IND,RB,Zach Charbonnet,10.82,3.28,,,,19.8,3.5,0,0,-2.13,5100,,4688186,1164530
376,1381263,NYJ,JAX,TE,Mason Taylor,9.08,3.78,,,,15.0,4.8,0,0,0.13,3100,,8223384,1381263
377,837594,WAS,NYG,RB,Jeremy McNichols,4.66,0.2,,,,11.1,0.4,0,0,-6.29,4100,,37006,837594
378,1293066,NO,CAR,RB,Devin Neal,13.21,3.37,,,,22.1,6.0,0,0,-0.14,5300,,8228834,1293066
379,1121873,IND,SEA,TE,Will Mallory,,0.0,,,,3.7,,0,0,-7.75,2500,,4687800,1121873
380,1287566,WAS,NYG,RB,Donovan Edwards,,0.0,,,,,,0,0,-10.75,4000,,8251068,1287566
381,1176367,LAC,KC,WR,Dalevon Campbell,,0.0,,,,,,0,0,-8.75,3000,,8409245,1176367
382,1110301,KC,LAC,WR,Tyquan Thornton,2.35,0.14,,,,7.4,,0,0,-6.4,3000,,3491633,1110301
383,1287588,NE,BUF,TE,CJ Dippre,,0.0,,,,3.7,,0,0,-7.75,2500,,8250986,1287588
384,1110697,LV,PHI,RB,Zamir White,,0.0,,,,4.9,,0,0,-10.75,4000,,3492105,1110697
385,1135513,BUF,NE,TE,Dalton Kincaid,9.36,2.87,,,,15.6,4.4,0,0,-2.39,4500,,4687560,1135513
386,742390,ARI,HOU,RB,James Conner,,0.0,,,,,,0,0,-10.75,4000,,36851,742390
387,1286059,NYG,WAS,WR,Malik Nabers,,0.0,,,,,,0,0,-8.75,3000,,6228390,1286059
388,1322612,CAR,NO,WR,Ja'seem Reed,,0.0,,,,,,0,0,-8.75,3000,,8422767,1322612
389,324,BUF,NE,DST,Bills,6.03,1.91,,,,11.9,1.6,0,0,-0.77,2900,,18417,324
390,1113403,WAS,NYG,RB,Chris Rodriguez Jr.,8.74,1.53,,,,16.8,3.0,0,0,-3.81,4900,,4688250,1113403
391,1231136,SF,TEN,WR,Javon Baker,,0.0,,,,,,0,0,-8.75,3000,,6228323,1231136
392,335,GB,DEN,DST,Packers,6.5,3.78,,,,12.3,1.5,0,0,-0.1,2800,,18425,335
393,357,LAC,KC,DST,Chargers,5.82,5.05,,,,11.8,1.3,0,0,-0.18,2500,,18439,357
394,1233127,BUF,NE,RB,Frank Gore Jr.,,0.0,,,,,,0,0,-10.75,4000,,6227751,1233127
395,1225999,LV,PHI,WR,Brenden Rice,,0.0,,,,,,0,0,-8.75,3000,,6228202,1225999
396,1051781,PHI,LV,TE,E.J. Jenkins,,0.0,,,,,,0,0,-7.75,2500,,4716331,1051781
397,1180294,DET,LAR,TE,Hayden Rucci,,0.0,,,,,,0,0,-7.75,2500,,6228256,1180294
398,1228925,DEN,GB,RB,Deuce Vaughn,,0.0,,,,,,0,0,-10.75,4000,,4687677,1228925
399,1214405,LAC,KC,WR,KeAndre Lambert-Smith,,0.0,,,,4.3,,0,0,-8.75,3000,,8228726,1214405
400,1060262,PHI,LV,WR,DeVonta Smith,12.85,5.93,,,,20.4,6.5,0,0,-1.5,5800,,2862069,1060262
401,1107826,NE,BUF,RB,Antonio Gibson,,0.0,,,,,,0,0,-10.75,4000,,1844676,1107826
402,503184,NO,CAR,TE,Taysom Hill,5.94,0.38,,,,10.1,3.1,0,0,-2.21,2700,,36873,503184
403,1400657,SF,TEN,RB,Jordan James,,0.0,,,,4.9,,0,0,-10.75,4000,,8228968,1400657
404,978120,DET,LAR,TE,Brock Wright,,0.0,,,,,,0,0,-7.75,2500,,2861662,978120
405,1108937,LAC,KC,RB,Jaret Patterson,,0.0,,,,,,0,0,-11.15,4200,,2862097,1108937
406,606551,WAS,NYG,WR,Chris Moore,,0.0,,,,,,0,0,-8.75,3000,,35415,606551
407,1286840,SEA,IND,TE,Elijah Arroyo,2.52,0.0,,,,7.0,,0,0,-5.23,2500,,8223482,1286840
408,1176730,SF,TEN,WR,Skyy Moore,0.26,0.12,,,,4.3,,0,0,-8.49,3000,,3492073,1176730
409,1326638,KC,LAC,WR,Xavier Worthy,9.5,3.69,,,,16.6,3.7,0,0,-2.25,4500,,6228136,1326638
410,1447759,GB,DEN,RB,Emanuel Wilson,3.85,0.3,,,,10.3,0.3,0,0,-7.7,4400,,4799359,1447759
411,1215329,GB,DEN,WR,Will Sheppard,,0.0,,,,,,0,0,-8.75,3000,,8245045,1215329
412,605242,LV,PHI,WR,Tyler Lockett,4.25,0.76,,,,9.6,0.9,0,0,-5.3,3400,,21808,605242
413,911020,IND,SEA,TE,Sean McKeon,,0.0,,,,,,0,0,-7.75,2500,,1844580,911020
414,1173485,IND,SEA,RB,Ulysses Bentley IV,,0.0,,,,,,0,0,-10.75,4000,,8250773,1173485
415,1063397,IND,SEA,WR,D.J. Montgomery,,0.0,,,,,,0,0,-8.75,3000,,1001267,1063397
416,1399910,CLE,CHI,RB,Dylan Sampson,7.37,0.4,,,,14.5,2.3,0,0,-3.98,4300,,8228474,1399910
417,1121863,NE,BUF,RB,Jack Westover,,0.0,,,,4.9,,0,0,-10.75,4000,,6228548,1121863
418,1287655,NYG,WAS,TE,Thomas Fidone II,,0.0,,,,,,0,0,-7.75,2500,,8228863,1287655
419,1286445,CHI,CLE,QB,Caleb Williams,16.23,2.52,,,,26.2,8.1,0,0,-0.12,5300,,6227816,1286445
420,1130245,PHI,LV,RB,Ben VanSumeren,,0.0,,,,,,0,0,-10.75,4000,,-1130245,1130245
421,607047,ARI,HOU,QB,Jacoby Brissett,17.14,2.44,,,,25.7,9.0,0,0,0.39,5500,,35493,607047
422,1178557,JAX,NYJ,WR,Joshua Cephus,,0.0,,,,,,0,0,-8.75,3000,,6228097,1178557
423,916466,NYG,WAS,RB,Devin Singletary,9.61,2.72,,,,18.2,2.7,0,0,-3.14,5000,,982203,916466
424,838179,JAX,NYJ,WR,Tim Patrick,2.56,0.54,,,,7.7,,0,0,-7.59,3700,,36825,838179
425,877790,CHI,CLE,WR,DJ Moore,8.97,2.85,,,,16.0,3.2,0,0,-3.78,5000,,328733,877790
426,448240,KC,LAC,TE,Travis Kelce,9.48,2.48,,,,15.6,4.7,0,0,-3.07,4900,,18314,448240
427,325,HOU,ARI,DST,Texans,9.61,8.93,,,,16.1,3.8,0,0,1.41,3600,,18426,325
428,919304,SEA,IND,RB,Velus Jones Jr.,,0.0,,,,,,0,0,-10.75,4000,,3491460,919304
429,1225703,NYJ,JAX,WR,Quentin Skinner,,0.0,,,,,,0,0,-8.75,3000,,8251069,1225703
430,336,TEN,SF,DST,Titans,3.94,2.86,,,,10.3,0.2,0,0,-1.66,2300,,18444,336
431,501150,SF,TEN,RB,Kyle Juszczyk,2.8,0.2,,,,8.8,0.2,0,0,-7.95,4000,,18516,501150
432,1214824,LAC,KC,RB,Kimani Vidal,7.18,1.18,,,,14.6,1.8,0,0,-6.97,5700,,6228203,1214824
433,1213867,NO,CAR,RB,Kendre Miller,,0.0,,,,,,0,0,-10.75,4000,,4688037,1213867
434,546184,TEN,SF,QB,Trevor Siemian,,0.0,,,,,,0,0,-13.75,4000,,21750,546184
435,1213636,HOU,ARI,WR,Xavier Hutchinson,4.06,0.28,,,,9.6,0.5,0,0,-4.69,3000,,4687773,1213636
436,1124338,DEN,GB,RB,Tyler Badie,3.19,0.15,,,,9.0,0.3,0,0,-7.56,4000,,3491354,1124338
437,976251,SEA,IND,RB,Cam Akers,,0.0,,,,4.9,,0,0,-10.75,4000,,1849790,976251
438,822350,DET,LAR,QB,Kyle Allen,,0.0,,,,,,0,0,-13.75,4000,,328736,822350
439,1161661,IND,SEA,WR,Anthony Gould,0.59,0.12,,,,4.9,,0,0,-8.16,3000,,6228063,1161661
440,1321029,LAR,DET,WR,Tru Edwards,,0.0,,,,,,0,0,-8.75,3000,,8268481,1321029
441,1215308,TEN,SF,WR,Mason Kinsey,0.27,0.12,,,,4.7,,0,0,-8.48,3000,,1844553,1215308
442,1326628,CAR,NO,TE,Ja'Tavion Sanders,5.73,0.43,,,,10.9,2.0,0,0,-2.02,2500,,6227780,1326628
443,1272321,CLE,CHI,QB,Shedeur Sanders,12.96,1.23,,,,21.2,6.2,0,0,-2.19,4700,,8228473,1272321
444,1184233,IND,SEA,WR,Coleman Owen,,0.0,,,,,,0,0,-8.75,3000,,8250775,1184233
445,1285895,CLE,CHI,RB,Raheim Sanders,,0.0,,,,4.9,,0,0,-10.75,4000,,8244748,1285895
446,1109708,NYG,WAS,RB,Tyrone Tracy Jr.,12.52,3.1,,,,21.4,4.9,0,0,-1.23,5500,,6228388,1109708
447,604176,LAR,DET,TE,Tyler Higbee,,0.0,,,,,,0,0,-7.75,2500,,35670,604176
448,1173266,NO,CAR,RB,Evan Hull,1.7,0.14,,,,7.2,,0,0,-9.05,4000,,4916613,1173266
449,1130213,NO,CAR,WR,Ronnie Bell,,0.0,,,,,,0,0,-8.75,3000,,4688161,1130213
450,1130004,CHI,CLE,TE,Qadir Ismail,,0.0,,,,,,0,0,-7.75,2500,,6227718,1130004
451,1123712,CAR,NO,TE,James Mitchell,,0.0,,,,3.7,,0,0,-7.75,2500,,3491484,1123712
452,1398503,CLE,CHI,WR,Isaiah Bond,3.94,0.26,,,,9.5,0.4,0,0,-4.81,3000,,9683249,1398503
453,1164137,HOU,ARI,RB,Jawhar Jordan,,0.0,,,,,,0,0,-10.75,4000,,6228029,1164137
454,1242787,LV,PHI,QB,Cam Miller,,0.0,,,,,,0,0,-13.75,4000,,8228698,1242787
455,728169,BUF,NE,QB,Mitchell Trubisky,,0.0,,,,,,0,0,-13.75,4000,,36854,728169
456,916467,HOU,ARI,TE,Harrison Bryant,,0.0,,,,,,0,0,-7.75,2500,,1844156,916467
457,1232898,DET,LAR,RB,Jabari Small,,0.0,,,,,,0,0,-10.75,4000,,6228610,1232898
458,1123525,CAR,NO,WR,Brycen Tremayne,0.75,0.12,,,,5.3,,0,0,-8.0,3000,,4716517,1123525
459,1125846,TEN,SF,RB,Julius Chestnut,0.5,0.0,,,,5.7,,0,0,-10.25,4000,,3503728,1125846
460,884083,BUF,NE,TE,Dawson Knox,4.53,0.89,,,,9.4,1.2,0,0,-4.22,3000,,982202,884083
461,326,CHI,CLE,DST,Bears,8.08,5.14,,,,13.9,3.1,0,0,0.08,3500,,18419,326
462,1222789,BAL,CIN,RB,Keaton Mitchell,4.62,0.0,,,,11.0,0.2,0,0,-6.73,4300,,4744211,1222789
463,1060550,JAX,NYJ,TE,Hunter Long,1.14,0.12,,,,5.1,,0,0,-6.61,2500,,2861780,1060550
464,1060671,NE,BUF,QB,Tommy DeVito,,0.0,,,,,,0,0,-13.75,4000,,4716303,1060671
465,348,NE,BUF,DST,Patriots,4.6,3.03,,,,10.5,0.4,0,0,-2.0,2800,,18432,348
466,359,SF,TEN,DST,49ers,8.8,5.7,,,,14.5,3.3,0,0,-0.2,4000,,18440,359
467,920482,DEN,GB,WR,Michael Bandy,,0.0,,,,,,0,0,-8.75,3000,,2946514,920482
468,1191186,WAS,NYG,RB,Jacory Croskey-Merritt,4.63,0.24,,,,11.5,1.0,0,0,-6.92,4400,,8229072,1191186
469,1164940,JAX,NYJ,TE,Brenton Strange,9.77,3.83,,,,16.0,4.8,0,0,-1.38,4200,,4687831,1164940
470,1382993,NYJ,JAX,WR,Jamaal Pritchett,,0.0,,,,,,0,0,-8.75,3000,,8251070,1382993
471,1164951,HOU,ARI,QB,Graham Mertz,,0.0,,,,,,0,0,-13.75,4000,,8228595,1164951
472,1174752,NO,CAR,QB,Spencer Rattler,,0.0,,,,,,0,0,-13.75,4000,,6228357,1174752
473,922451,CHI,CLE,RB,Brittain Brown,,0.0,,,,,,0,0,-10.75,4000,,3492104,922451
474,946541,SF,TEN,TE,Luke Farrell,1.12,0.1,,,,5.1,,0,0,-6.63,2500,,2861936,946541
475,1394752,CLE,CHI,TE,Harold Fannin Jr.,12.1,10.7,,,,18.7,6.9,0,0,1.35,4000,,8222999,1394752
476,922484,CHI,CLE,RB,Travis Homer,,0.0,,,,,,0,0,-10.75,4000,,982875,922484
477,1172024,WAS,NYG,WR,Treylon Burks,3.51,0.31,,,,9.0,0.3,0,0,-5.24,3000,,3491779,1172024
478,1164533,CIN,BAL,TE,Erick All Jr.,,0.0,,,,,,0,0,-7.75,2500,,6227839,1164533
479,1068822,ARI,HOU,TE,Travis Vokolek,,0.0,,,,,,0,0,-7.75,2500,,4744209,1068822
480,1066765,CHI,CLE,TE,Cole Kmet,5.34,0.55,,,,10.5,1.6,0,0,-2.61,2600,,1844217,1066765
481,868199,BUF,NE,QB,Josh Allen,22.12,6.08,,,,33.9,11.8,0,0,1.37,7500,,328331,868199
482,1056865,NYJ,JAX,TE,Stone Smartt,0.24,0.11,,,,3.9,,0,0,-7.51,2500,,3492135,1056865
483,1284247,DET,LAR,TE,Shane Zylstra,,0.0,,,,,,0,0,-7.75,2500,,2873657,1284247
484,727279,SF,TEN,WR,Demarcus Robinson,3.43,0.21,,,,8.9,0.1,0,0,-5.32,3000,,35615,727279
485,1121887,LV,PHI,WR,Justin Shorter,,0.0,,,,,,0,0,-8.75,3000,,4687559,1121887
486,1287778,CAR,NO,RB,Anthony Tyus III,,0.0,,,,,,0,0,-10.75,4000,,-1287778,1287778
487,1131457,DET,LAR,RB,Jacob Saylors,0.08,0.15,,,,4.9,,0,0,-10.67,4000,,4715839,1131457
488,1332922,LAC,KC,RB,Amar Johnson,,0.0,,,,,,0,0,-10.75,4000,,8250714,1332922
489,1058648,BAL,CIN,TE,Charlie Kolar,1.47,0.12,,,,5.5,,0,0,-6.28,2500,,3491347,1058648
490,1131017,GB,DEN,TE,John FitzPatrick,2.18,0.11,,,,6.3,,0,0,-5.57,2500,,3491930,1131017
491,1181892,CHI,CLE,RB,Deion Hankins,,0.0,,,,,,0,0,-10.75,4000,,8268094,1181892
492,879981,IND,SEA,QB,Daniel Jones,,0.0,,,,,,0,0,-13.75,4000,,972884,879981
493,1125737,CLE,CHI,RB,Jerome Ford,,0.0,,,,,,0,0,-10.75,4000,,3491403,1125737
494,327,CIN,BAL,DST,Bengals,4.67,1.61,,,,10.7,0.4,0,0,-1.13,2400,,18420,327
495,338,IND,SEA,DST,Colts,3.83,2.66,,,,10.1,0.3,0,0,-1.57,2200,,18427,338
496,976220,KC,LAC,WR,Hollywood Brown,4.86,0.77,,,,10.7,1.1,0,0,-5.89,4000,,972489,976220
497,920560,NO,CAR,WR,Samori Toure,,0.0,,,,,,0,0,-8.75,3000,,3491512,920560
498,1223318,PHI,LV,WR,Darius Cooper,0.93,0.12,,,,5.5,,0,0,-7.82,3000,,8281184,1223318
499,1271740,IND,SEA,TE,Drew Ogletree,0.26,0.1,,,,4.0,,0,0,-7.49,2500,,3491722,1271740
500,1182695,NO,CAR,WR,Mason Tipton,5.17,0.22,,,,10.9,1.2,0,0,-3.58,3000,,6228352,1182695
501,767297,DET,LAR,TE,Anthony Firkser,3.22,0.15,,,,7.6,0.4,0,0,-4.53,2500,,36910,767297
502,1446717,DEN,GB,TE,Patrick Murtagh,,0.0,,,,,,0,0,-7.75,2500,,-1446717,1446717
503,1290165,IND,SEA,QB,Riley Leonard,13.06,2.06,,,,21.2,6.1,0,0,-1.49,4400,,8228623,1290165
504,1382752,CAR,NO,TE,Bryce Pierre,,0.0,,,,,,0,0,-7.75,2500,,8250520,1382752
505,832098,CLE,CHI,TE,David Njoku,3.43,0.99,,,,8.0,0.6,0,0,-5.32,3000,,36844,832098
506,1176733,HOU,ARI,WR,Jared Wayne,,0.0,,,,,,0,0,-8.75,3000,,4687772,1176733
507,1164875,NYG,WAS,WR,Wan'Dale Robinson,14.8,11.38,,,,22.9,7.5,0,0,0.25,5900,,3491835,1164875
508,1164402,SEA,IND,RB,Kenneth Walker III,15.53,9.04,,,,25.3,6.5,0,0,1.58,5600,,3492251,1164402
509,1163445,IND,SEA,WR,Eli Pancol,,0.0,,,,,,0,0,-8.75,3000,,8250808,1163445
510,828743,CLE,CHI,QB,Deshaun Watson,,0.0,,,,,,0,0,-13.75,4000,,36923,828743
511,1062047,CAR,NO,RB,Chuba Hubbard,10.16,1.95,,,,18.4,3.7,0,0,-1.79,4600,,2862163,1062047
512,1130555,CAR,NO,TE,Tommy Tremble,3.29,0.16,,,,7.8,0.5,0,0,-4.46,2500,,2862165,1130555
513,606488,LAR,DET,TE,Nick Vannett,,0.0,,,,3.7,,0,0,-7.75,2500,,35685,606488
514,1110711,JAX,NYJ,QB,Trevor Lawrence,19.09,5.13,,,,29.3,10.6,0,0,1.94,5700,,2861939,1110711
515,1287636,PHI,LV,RB,Will Shipley,1.34,0.22,,,,6.6,,0,0,-9.61,4100,,6228458,1287636
516,1286426,ARI,HOU,WR,Bryson Green,,0.0,,,,,,0,0,-8.75,3000,,8244298,1286426
517,1049915,CAR,NO,WR,David Moore,,0.0,,,,,,0,0,-8.75,3000,,37076,1049915
518,556483,DEN,GB,RB,Michael Burton,,0.0,,,,,,0,0,-10.75,4000,,21607,556483
519,1222835,SF,TEN,WR,Jordan Watkins,,0.0,,,,4.3,,0,0,-8.75,3000,,8228969,1222835
520,976650,KC,LAC,RB,Clyde Edwards-Helaire,,0.0,,,,,,0,0,-10.75,4000,,1844865,976650
521,1213727,CHI,CLE,WR,Rome Odunze,,0.0,,,,,,0,0,-14.35,5800,,6227815,1213727
522,339,KC,LAC,DST,Chiefs,7.63,3.98,,,,13.4,2.5,0,0,0.03,3300,,18429,339
523,832220,HOU,ARI,WR,Justin Watson,,0.0,,,,,,0,0,-8.75,3000,,328793,832220
524,1116817,ARI,HOU,RB,Emari Demercado,,0.0,,,,,,0,0,-11.55,4400,,4715680,1116817
525,835861,ARI,HOU,WR,Trent Sherfield Sr.,,0.0,,,,,,0,0,-8.75,3000,,328944,835861
526,976221,PHI,LV,TE,Grant Calcaterra,1.05,0.1,,,,5.0,,0,0,-6.7,2500,,3491869,976221
527,1215927,HOU,ARI,TE,Luke Lachey,,0.0,,,,,,0,0,-7.75,2500,,8228594,1215927
528,1172752,NO,CAR,TE,Treyton Welch,,0.0,,,,,,0,0,-7.75,2500,,6227868,1172752
529,746244,BAL,CIN,WR,Keith Kirkwood,,0.0,,,,,,0,0,-8.75,3000,,328764,746244
530,910562,LAC,KC,QB,Justin Herbert,17.18,2.22,,,,26.3,9.2,0,0,-1.17,6300,,1849725,910562
531,748554,IND,SEA,WR,Laquon Treadwell,0.22,0.12,,,,4.6,,0,0,-8.53,3000,,35473,748554
532,1161664,LAR,DET,TE,Davis Allen,4.9,0.39,,,,9.8,1.3,0,0,-2.85,2500,,4687936,1161664
533,503177,WAS,NYG,TE,Zach Ertz,,0.0,,,,,,0,0,-7.75,2500,,16583,503177
534,1066811,LV,PHI,QB,Aidan O'Connell,,0.0,,,,,,0,0,-13.75,4000,,4687880,1066811
535,607864,BUF,NE,WR,Brandin Cooks,2.81,0.13,,,,7.9,0.1,0,0,-6.14,3100,,18281,607864
536,1074698,HOU,ARI,WR,Nico Collins,18.88,11.41,,,,27.8,10.4,0,0,2.73,6700,,2861874,1074698
537,1060299,LAC,KC,TE,Tucker Fisk,,0.0,,,,,,0,0,-7.75,2500,,3527868,1060299
538,1380476,WAS,NYG,WR,Jacoby Jones,,0.0,,,,,,0,0,-8.75,3000,,8275099,1380476
539,912553,BAL,CIN,RB,Jonathan Ward,,0.0,,,,,,0,0,-10.75,4000,,1849753,912553
540,836103,WAS,NYG,WR,Noah Brown,6.73,0.62,,,,13.1,2.4,0,0,-2.42,3200,,36957,836103
541,920077,LV,PHI,TE,Albert Okwuegbunam Jr.,,0.0,,,,,,0,0,-7.75,2500,,1844837,920077
542,739424,NE,BUF,TE,Austin Hooper,2.58,0.17,,,,6.9,,0,0,-5.17,2500,,35576,739424
543,1164788,NO,CAR,WR,Devaughn Vele,9.9,4.27,,,,16.9,4.6,0,0,-1.25,4200,,6227936,1164788
544,1140248,HOU,ARI,RB,Cody Schrader,,0.0,,,,4.9,,0,0,-10.75,4000,,6228516,1140248
545,1166989,SF,TEN,QB,Kurtis Rourke,,0.0,,,,,,0,0,-13.75,4000,,8228967,1166989
546,1121878,PHI,LV,WR,Jahan Dotson,2.84,0.12,,,,8.0,,0,0,-5.91,3000,,3491902,1121878
547,1286438,TEN,SF,TE,Gunnar Helm,6.63,2.04,,,,12.1,2.9,0,0,-1.72,2800,,8229047,1286438
548,884350,BAL,CIN,TE,Scotty Washington,,0.0,,,,,,0,0,-7.75,2500,,1844124,884350
549,1165229,BUF,NE,RB,Ray Davis,1.46,0.15,,,,6.7,,0,0,-9.29,4000,,6227753,1165229
550,216342,CIN,BAL,QB,Joe Flacco,,0.0,,,,,,0,0,-13.75,4000,,11610,216342
551,1110306,NO,CAR,QB,Tyler Shough,15.66,1.52,,,,24.8,7.9,0,0,0.11,4900,,8223333,1110306
552,557210,LAC,KC,WR,Keenan Allen,10.26,5.08,,,,17.3,5.1,0,0,-2.09,4800,,16569,557210
553,741262,NE,BUF,QB,Joshua Dobbs,,0.0,,,,,,0,0,-13.75,4000,,36847,741262
554,214197,DEN,GB,TE,Marcedes Lewis,,0.0,,,,3.7,,0,0,-7.75,2500,,11792,214197
555,1181861,SF,TEN,WR,Jacob Cowing,,0.0,,,,,,0,0,-8.75,3000,,6228518,1181861
556,976761,BUF,NE,WR,Gabe Davis,6.02,0.41,,,,12.2,1.5,0,0,-3.93,3600,,1844330,976761
557,733672,SF,TEN,TE,George Kittle,12.35,5.54,,,,19.2,6.3,0,0,-1.2,5400,,37069,733672
558,865573,NO,CAR,TE,Foster Moreau,1.84,0.21,,,,5.9,,0,0,-5.91,2500,,982728,865573
559,1180321,CAR,NO,WR,Xavier Legette,8.14,1.55,,,,14.8,3.2,0,0,-2.01,3700,,6227782,1180321
560,1125739,PHI,LV,TE,Cameron Latu,,0.0,,,,3.7,,0,0,-7.75,2500,,4688163,1125739
561,329,CLE,CHI,DST,Browns,5.9,2.08,,,,12.0,1.5,0,0,-0.5,2700,,18421,329
562,1060311,HOU,ARI,QB,Davis Mills,,0.0,,,,,,0,0,-13.75,4000,,2861872,1060311
563,877596,ARI,HOU,WR,Steven Sims,,0.0,,,,,,0,0,-8.75,3000,,1001771,877596
564,1172401,DEN,GB,RB,RJ Harvey,16.62,12.12,,,,26.8,7.4,0,0,1.87,6000,,8223044,1172401
565,837820,NO,CAR,WR,Dante Pettis,0.47,0.12,,,,4.9,,0,0,-8.28,3000,,329006,837820
566,606501,LV,PHI,RB,Raheem Mostert,2.07,0.16,,,,7.4,,0,0,-9.28,4300,,21702,606501
567,607843,WAS,NYG,QB,Marcus Mariota,17.9,0.0,,,,28.4,9.0,0,0,2.15,5000,,21686,607843
568,1380576,CAR,NO,WR,Tetairoa McMillan,15.37,8.46,,,,23.5,8.1,0,0,0.62,6000,,8216948,1380576
569,1130975,LAC,KC,QB,Trey Lance,,0.0,,,,,,0,0,-14.35,4300,,2862426,1130975
570,1250886,CHI,CLE,RB,Kyle Monangai,10.77,2.3,,,,19.2,3.9,0,0,-2.38,5200,,8228422,1250886
571,1251513,CIN,BAL,TE,Cam Grandy,,0.0,,,,3.7,,0,0,-7.75,2500,,6227843,1251513
572,703015,HOU,ARI,RB,Dare Ogunbowale,0.39,0.18,,,,5.4,,0,0,-10.36,4000,,36919,703015
573,935104,NYJ,JAX,RB,Khalil Herbert,,0.0,,,,4.9,,0,0,-10.75,4000,,2861632,935104
574,563293,NYG,WAS,TE,Chris Manhertz,,0.0,,,,3.7,,0,0,-7.75,2500,,21635,563293
575,1056747,JAX,NYJ,WR,Tim Jones,,0.0,,,,,,0,0,-8.75,3000,,2861940,1056747
576,1168926,DET,LAR,TE,Sam LaPorta,,0.0,,,,,,0,0,-7.75,2500,,4687728,1168926
577,1286417,CHI,CLE,WR,JP Richardson,,0.0,,,,,,0,0,-8.75,3000,,8244430,1286417
578,1068738,CIN,BAL,RB,Gary Brightwell,,0.0,,,,,,0,0,-10.75,4000,,2862035,1068738
579,246054,IND,SEA,QB,Philip Rivers,,0.0,,,,,,0,0,-15.55,4900,,11603,246054
580,1178628,CLE,CHI,WR,Jamari Thrash,,0.0,,,,4.3,,0,0,-8.75,3000,,6227870,1178628
581,886243,CHI,CLE,WR,Maurice Alexander,,0.0,,,,,,0,0,-8.75,3000,,3757853,886243
582,1123529,ARI,HOU,WR,Michael Wilson,17.73,12.33,,,,25.9,9.7,0,0,1.78,6600,,4687487,1123529
583,877784,BUF,NE,RB,Ty Johnson,4.61,0.19,,,,11.1,0.7,0,0,-7.14,4500,,982111,877784
584,878785,CIN,BAL,QB,Joe Burrow,22.29,4.78,,,,31.1,13.5,0,0,3.34,6600,,1844126,878785
585,1060312,LAR,DET,TE,Colby Parkinson,8.52,2.05,,,,14.5,3.5,0,0,-0.63,3200,,1849846,1060312
586,1290102,SEA,IND,QB,Jalen Milroe,,0.0,,,,,,0,0,-13.75,4000,,8223481,1290102
587,1161853,ARI,HOU,TE,Elijah Higgins,4.7,0.19,,,,9.5,1.7,0,0,-3.05,2500,,4687953,1161853
588,975387,NYG,WAS,WR,Isaiah Hodgins,7.1,0.74,,,,13.6,2.4,0,0,-2.45,3400,,1844332,975387
589,658389,BAL,CIN,RB,Patrick Ricard,,0.0,,,,4.9,,0,0,-10.75,4000,,523069,658389
590,1062314,DET,LAR,WR,Malik Cunningham,,0.0,,,,,,0,0,-8.75,3000,,4688004,1062314
591,1050335,GB,DEN,RB,Pierre Strong Jr.,,0.0,,,,,,0,0,-10.75,4000,,3491634,1050335
592,978577,JAX,NYJ,RB,Travis Etienne Jr.,17.27,6.67,,,,27.4,7.2,0,0,1.52,6500,,2861937,978577
593,923412,SEA,IND,WR,Rashid Shaheed,7.24,1.82,,,,13.5,1.9,0,0,-4.71,4600,,3503949,923412
594,1161798,NYG,WAS,RB,Eric Gray,,0.0,,,,4.9,,0,0,-10.75,4000,,4688060,1161798
595,1163866,ARI,HOU,RB,Zonovan Knight,12.22,3.25,,,,20.8,5.3,0,0,-0.33,4900,,3515609,1163866
596,947634,KC,LAC,QB,Chris Oladokun,,0.0,,,,,,0,0,-13.75,4000,,3491432,947634
597,606799,NO,CAR,TE,Zach Wood,,0.0,,,,,,0,0,-7.75,2500,,-606799,606799
598,1164889,NYJ,JAX,WR,Garrett Wilson,,0.0,,,,,,0,0,-8.75,3000,,3491660,1164889
599,922026,BUF,NE,WR,Mecole Hardman Jr.,,0.0,,,,,,0,0,-8.75,3000,,982694,922026
600,836116,WAS,NYG,WR,Terry McLaurin,12.51,7.63,,,,20.2,5.9,0,0,-1.04,5400,,982511,836116
601,1277914,BAL,CIN,WR,Devontez Walker,,0.0,,,,4.3,,0,0,-8.75,3000,,6227729,1277914
602,1162128,LAR,DET,WR,Puka Nacua,27.23,18.73,,,,37.8,16.2,0,0,7.08,8700,,4687933,1162128
603,912137,GB,DEN,QB,Jordan Love,16.53,2.41,,,,25.4,9.3,0,0,-0.02,5400,,1844276,912137
604,885540,DEN,GB,RB,Adam Prentice,0.22,0.0,,,,5.3,,0,0,-10.53,4000,,2874182,885540
605,1132517,DEN,GB,TE,Nate Adkins,,0.0,,,,,,0,0,-7.75,2500,,4773039,1132517
606,1287639,KC,LAC,TE,Jake Briningstool,,0.0,,,,,,0,0,-7.75,2500,,8250836,1287639
607,1323906,BUF,NE,TE,Keleki Latu,,0.0,,,,,,0,0,-7.75,2500,,8238286,1323906
608,1181874,GB,DEN,TE,Tucker Kraft,,0.0,,,,,,0,0,-7.75,2500,,4687755,1181874
609,1213928,LAC,KC,QB,DJ Uiagalelei,,0.0,,,,,,0,0,-13.75,4000,,8244750,1213928
610,976323,GB,DEN,QB,Malik Willis,,0.0,,,,,,0,0,-13.75,4000,,3491780,976323
611,732145,BAL,CIN,RB,Derrick Henry,17.14,10.54,,,,27.0,7.2,0,0,-0.21,7300,,35530,732145
612,1064955,SEA,IND,RB,Brady Russell,,0.0,,,,4.9,,0,0,-10.75,4000,,4716358,1064955
613,1062546,BAL,CIN,WR,Tylan Wallace,1.05,0.12,,,,5.8,,0,0,-7.7,3000,,2861518,1062546
614,822367,NYJ,JAX,WR,Josh Reynolds,,0.0,,,,,,0,0,-8.75,3000,,37051,822367
615,1286803,NE,BUF,QB,Drake Maye,20.56,4.77,,,,30.7,12.2,0,0,1.41,6700,,6228327,1286803
616,1130603,BUF,NE,WR,Khalil Shakir,11.53,5.54,,,,19.0,5.4,0,0,-1.82,5300,,3491575,1130603
617,1164846,WAS,NYG,WR,Luke McCaffrey,,0.0,,,,,,0,0,-8.75,3000,,6228651,1164846
618,1164736,SEA,IND,TE,Nick Kallerup,,0.0,,,,3.7,,0,0,-7.75,2500,,8281271,1164736
619,694041,NE,BUF,WR,Stefon Diggs,12.21,5.72,,,,19.9,5.8,0,0,-2.54,6000,,21625,694041
620,911236,NYJ,JAX,WR,Tyler Johnson,,0.0,,,,4.3,,0,0,-8.75,3000,,1844805,911236
621,1065406,IND,SEA,RB,Jonathan Taylor,17.94,8.78,,,,27.2,8.5,0,0,-1.81,8500,,1844485,1065406
622,838878,DEN,GB,WR,Courtland Sutton,13.34,6.39,,,,21.1,6.8,0,0,-0.41,5500,,328827,838878
623,944038,WAS,NYG,TE,John Bates,5.16,0.95,,,,10.2,1.8,0,0,-3.39,2900,,2862096,944038
624,1130526,NO,CAR,WR,Kevin Austin Jr.,,0.0,,,,,,0,0,-8.75,3000,,3503700,1130526
625,1287705,NYG,WAS,WR,Beaux Collins,,0.0,,,,,,0,0,-8.75,3000,,8262386,1287705
626,1287826,PHI,LV,QB,Kyle McCord,,0.0,,,,,,0,0,-13.75,4000,,8228917,1287826
627,1287837,NE,BUF,RB,TreVeyon Henderson,12.04,6.79,,,,21.0,4.2,0,0,-2.91,6100,,8223312,1287837
628,1395319,TEN,SF,WR,Elic Ayomanor,8.12,1.9,,,,14.8,3.5,0,0,-1.63,3500,,8229046,1395319
629,976731,CLE,CHI,TE,Sal Cannella,,0.0,,,,,,0,0,-7.75,2500,,3010086,976731
630,865895,SEA,IND,RB,Myles Gaskin,,0.0,,,,,,0,0,-10.75,4000,,982233,865895
631,1060545,PHI,LV,RB,A.J. Dillon,,0.0,,,,4.9,,0,0,-10.75,4000,,1844274,1060545
632,976797,TEN,SF,RB,Jordan Mims,,0.0,,,,,,0,0,-10.75,4000,,4744238,976797
633,910852,ARI,HOU,WR,Greg Dortch,,0.0,,,,,,0,0,-8.75,3000,,982285,910852
634,867303,KC,LAC,QB,Gardner Minshew II,,0.0,,,,,,0,0,-13.75,4000,,982379,867303
635,879799,ARI,HOU,QB,Kyler Murray,,0.0,,,,,,0,0,-13.75,4000,,973153,879799
636,911985,NO,CAR,TE,Jack Stoll,0.64,0.09,,,,4.5,,0,0,-7.11,2500,,2862067,911985
637,821389,BUF,NE,WR,Curtis Samuel,,0.0,,,,,,0,0,-8.75,3000,,36991,821389
638,1161899,DEN,GB,QB,Bo Nix,18.35,2.81,,,,27.2,10.1,0,0,0.8,5900,,6227935,1161899
639,978579,CIN,BAL,WR,Tee Higgins,15.91,0.0,,,,24.3,8.5,0,0,0.16,6500,,1844128,978579
640,1160348,NYJ,JAX,WR,John Metchie III,11.91,3.93,,,,19.2,6.0,0,0,0.56,4300,,3491692,1160348
641,1162537,NYJ,JAX,RB,Breece Hall,15.64,9.18,,,,24.6,7.5,0,0,0.49,6200,,3491661,1162537
642,660151,KC,LAC,TE,Robert Tonyan,,0.0,,,,3.7,,0,0,-7.75,2500,,36860,660151
643,1164979,LV,PHI,WR,Tre Tucker,9.1,3.57,,,,15.9,3.9,0,0,-2.05,4200,,4687881,1164979
644,1161228,WAS,NYG,QB,Jayden Daniels,,5.69,,,,,,0,0,-17.75,6000,,6228653,1161228
645,1183008,NE,BUF,WR,Jeremiah Webb,,0.0,,,,,,0,0,-8.75,3000,,8274799,1183008
646,880151,JAX,NYJ,WR,Jakobi Meyers,13.87,7.64,,,,22.1,6.3,0,0,-0.08,5600,,982261,880151
647,1384869,SEA,IND,WR,Dareke Young,,0.0,,,,,,0,0,-8.75,3000,,3492252,1384869
648,884013,TEN,SF,WR,Calvin Ridley,,0.0,,,,,,0,0,-8.75,3000,,328705,884013
649,875444,DEN,GB,TE,Adam Trautman,3.42,0.16,,,,7.8,0.7,0,0,-4.33,2500,,1844770,875444
650,1050833,KC,LAC,RB,Elijah Mitchell,,0.0,,,,4.9,,0,0,-10.75,4000,,2862427,1050833
651,1172746,GB,DEN,WR,Isaiah Neyor,,0.0,,,,,,0,0,-8.75,3000,,8268733,1172746
652,1394803,CAR,NO,RB,Trevor Etienne,0.76,0.16,,,,5.5,,0,0,-9.99,4000,,8228396,1394803
653,837824,CIN,BAL,TE,Drew Sample,1.11,0.1,,,,5.0,,0,0,-6.64,2500,,981992,837824
654,866149,ARI,HOU,TE,Josiah Deguara,0.29,0.09,,,,4.0,,0,0,-7.46,2500,,1844275,866149
655,1161416,SF,TEN,WR,Ricky Pearsall,10.66,2.63,,,,18.4,4.6,0,0,-2.29,5100,,6228520,1161416
656,1173538,KC,LAC,WR,Rashee Rice,17.66,11.29,,,,26.6,9.3,0,0,-0.49,7700,,4687855,1173538
657,1285958,SEA,IND,RB,Robbie Ouzts,,0.0,,,,4.9,,0,0,-10.75,4000,,8228994,1285958
658,911348,IND,SEA,WR,Michael Pittman Jr.,10.4,5.17,,,,17.2,5.3,0,0,-2.55,5100,,1844489,911348
659,1287828,ARI,HOU,WR,Marvin Harrison Jr.,,0.0,,,,,,0,0,-13.95,5600,,6227661,1287828
660,1069808,CHI,CLE,RB,D'Andre Swift,12.02,3.78,,,,21.0,4.7,0,0,-2.13,5700,,1844244,1069808
661,1168918,IND,SEA,RB,Tyler Goodson,0.3,0.15,,,,5.4,,0,0,-10.45,4000,,3491514,1168918
662,754412,SF,TEN,WR,Kendrick Bourne,0.79,0.35,,,,5.3,,0,0,-9.56,3800,,37068,754412
663,1170921,HOU,ARI,WR,Josh Kelly,,0.0,,,,,,0,0,-8.75,3000,,8244514,1170921
664,612512,CLE,CHI,WR,DeAndre Carter,,0.0,,,,,,0,0,-8.75,3000,,21554,612512
665,830686,SF,TEN,WR,Malik Turner,,0.0,,,,,,0,0,-8.75,3000,,509617,830686
666,976513,DEN,GB,RB,J.K. Dobbins,,0.0,,,,,,0,0,-10.75,4000,,1844097,976513
667,746613,KC,LAC,RB,Kareem Hunt,9.37,2.83,,,,17.8,2.2,0,0,-4.18,5400,,37015,746613
668,1180557,DEN,GB,WR,Kyrese Rowan,,0.0,,,,,,0,0,-8.75,3000,,-1180557,1180557
669,923911,CIN,BAL,TE,Noah Fant,4.05,0.63,,,,8.8,1.2,0,0,-4.3,2800,,973054,923911
670,866216,IND,SEA,QB,Brett Rypien,,0.0,,,,,,0,0,-13.75,4000,,982658,866216
671,1280316,NYG,WAS,RB,Cam Skattebo,,0.0,,,,,,0,0,-10.75,4000,,8228864,1280316
672,749968,CHI,CLE,TE,Durham Smythe,0.56,0.09,,,,4.3,,0,0,-7.19,2500,,328366,749968
673,1285915,DET,LAR,WR,Jackson Meeks,,0.0,,,,,,0,0,-8.75,3000,,8250688,1285915
674,835779,LAC,KC,RB,Royce Freeman,,0.0,,,,,,0,0,-10.75,4000,,328829,835779
675,1172428,GB,DEN,WR,Dontayvion Wicks,3.47,0.96,,,,8.9,0.1,0,0,-6.68,3700,,4687750,1172428
676,1120937,NYG,WAS,WR,Bryce Ford-Wheaton,,0.0,,,,,,0,0,-8.75,3000,,4716302,1120937
677,553024,WAS,NYG,TE,Tyler Ott,,0.0,,,,,,0,0,-7.75,2500,,-553024,553024
