,Player,Pos,Team,Opp,DK Proj,FD Proj,FFPC Proj,Standard Proj,Half PPR Proj,Full PPR Proj,DK Ceiling,FD Ceiling,Slate
0,Jahmyr Gibbs,RB,DET,NYJ,27.7,25.5,26.3,22.0,24.0,26.1,44.4,41.8,Main
1,Josh Allen,QB,BUF,LAC,25.8,25.6,26.9,24.3,24.3,24.3,37.8,37.6,Main
2,Lamar Jackson,QB,BAL,DAL,23.2,23.0,24.4,21.7,21.7,21.7,34.5,34.4,Main
3,Bijan Robinson,RB,ATL,@GB,23.0,20.6,21.9,17.2,19.5,21.8,37.0,34.1,Thursday
4,Christian McCaffrey,RB,SF,ARI,22.9,20.3,22.2,17.1,19.6,22.2,37.9,34.6,Main
5,Kenneth Walker,RB,KC,@MIA,22.3,20.5,21.2,17.7,19.4,21.1,37.3,35.1,Main
6,Amon-Ra St Brown,WR,DET,NYJ,21.4,17.7,20.4,13.0,16.7,20.3,36.4,31.1,Main
7,Brock Purdy,QB,SF,ARI,21.4,21.3,22.6,20.0,20.0,20.0,32.1,32.0,Main
8,Dak Prescott,QB,DAL,BAL,21.2,21.0,22.1,19.1,19.1,19.1,31.9,31.8,Main
9,Patrick Mahomes,QB,KC,@MIA,21.2,21.0,22.5,19.9,19.9,19.9,31.7,31.6,Main
10,Jaxon Smith-Njigba,WR,SEA,@WAS,20.5,17.2,19.4,12.8,16.1,19.3,35.2,30.4,Main
11,Derrick Henry,RB,BAL,DAL,20.1,19.3,18.8,17.5,18.1,18.7,34.7,33.9,Main
12,CeeDee Lamb,WR,DAL,BAL,19.9,16.7,18.9,12.4,15.6,18.8,34.7,30.0,Main
13,Jared Goff,QB,DET,NYJ,19.9,19.7,21.1,18.3,18.3,18.3,30.2,30.1,Main
14,Jalen Hurts,QB,PHI,@CHI,19.9,19.6,21.1,18.7,18.7,18.7,30.1,30.0,Monday
15,Ashton Jeanty,RB,LV,@NO,19.8,17.7,19.0,14.9,16.9,18.9,33.0,30.5,Main
16,Tyler Shough,QB,NO,LV,19.6,19.4,20.8,18.1,18.1,18.1,30.1,30.0,Main
17,Jonathan Taylor,RB,IND,HOU,19.5,17.9,18.5,15.5,16.9,18.4,32.8,30.9,Main
18,Trevor Lawrence,QB,JAX,NE,19.5,19.3,20.6,18.0,18.0,18.0,30.2,30.1,Main
19,Drake Maye,QB,NE,@JAX,19.5,19.3,20.6,18.0,18.0,18.0,29.8,29.6,Main
20,James Cook,RB,BUF,LAC,19.0,17.9,18.0,15.8,16.8,17.8,33.1,31.7,Main
21,Ja'Marr Chase,WR,CIN,@PIT,19.0,15.6,18.0,11.4,14.7,18.0,33.4,28.6,Main
22,Kyler Murray,QB,MIN,@TB,18.8,18.5,19.9,17.4,17.4,17.4,28.8,28.7,Main
23,Garrett Wilson,WR,NYJ,@DET,18.5,15.2,17.6,11.1,14.4,17.6,32.4,27.7,Main
24,Justin Jefferson,WR,MIN,@TB,18.4,15.4,17.4,11.4,14.4,17.4,32.5,28.1,Main
25,Jordan Love,QB,GB,ATL,18.2,18.0,19.4,16.7,16.7,16.7,27.8,27.7,Thursday
26,Joe Burrow,QB,CIN,@PIT,18.1,17.9,19.2,16.4,16.4,16.4,28.3,28.2,Main
27,Bo Nix,QB,DEN,LA,18.1,17.9,19.3,16.8,16.8,16.8,28.3,28.2,Sunday
28,De'Von Achane,RB,MIA,KC,18.0,15.9,17.5,13.2,15.3,17.4,30.4,27.7,Main
29,Davante Adams,WR,LA,@DEN,17.8,15.1,16.9,11.6,14.3,16.9,31.9,27.9,Sunday
30,Justin Herbert,QB,LAC,@BUF,17.7,17.5,18.8,16.3,16.3,16.3,27.4,27.3,Main
31,Chris Olave,WR,NO,LV,17.7,14.8,16.9,11.0,13.9,16.9,31.6,27.3,Main
32,Chase Brown,RB,CIN,@PIT,17.6,15.5,17.0,13.0,15.0,16.9,30.4,27.8,Main
33,Bryce Young,QB,CAR,@CLE,17.5,17.3,18.7,16.2,16.2,16.2,27.0,26.9,Main
34,Saquon Barkley,RB,PHI,@CHI,17.5,16.3,16.6,14.3,15.4,16.5,30.8,29.4,Monday
35,Trey McBride,TE,ARI,@SF,17.3,13.8,20.2,9.8,13.2,16.7,29.5,24.4,Main
36,Chuba Hubbard,RB,CAR,@CLE,17.2,15.7,16.4,13.5,14.9,16.3,29.9,28.1,Main
37,Matthew Stafford,QB,LA,@DEN,17.1,16.9,18.1,15.5,15.5,15.5,26.4,26.3,Sunday
38,Jaylen Warren,RB,PIT,CIN,17.1,14.9,16.6,12.3,14.4,16.5,29.4,26.6,Main
39,CJ Stroud,QB,HOU,@IND,17.0,16.8,18.3,15.7,15.7,15.7,26.2,26.0,Main
40,Breece Hall,RB,NYJ,@DET,17.0,15.1,16.5,12.8,14.6,16.4,29.6,27.1,Main
41,DeVonta Smith,WR,PHI,@CHI,16.8,14.0,16.0,10.4,13.2,15.9,30.0,25.9,Monday
42,Baker Mayfield,QB,TB,MIN,16.6,16.3,17.7,15.3,15.3,15.3,26.0,25.8,Main
43,George Pickens,WR,DAL,BAL,16.5,13.9,15.7,10.6,13.1,15.7,30.5,26.5,Main
44,Sam Darnold,QB,SEA,@WAS,16.5,16.4,17.7,15.2,15.2,15.2,25.7,25.6,Main
45,Javonte Williams,RB,DAL,BAL,16.4,14.9,15.9,12.9,14.3,15.7,29.1,27.2,Main
46,Parker Washington,WR,JAX,NE,16.3,13.6,15.6,10.2,12.9,15.5,29.7,25.7,Main
47,Jacoby Brissett,QB,ARI,@SF,16.2,16.0,17.4,15.0,15.0,15.0,25.2,25.1,Main
48,Christian Watson,WR,GB,ATL,16.0,13.7,15.3,10.6,12.9,15.3,29.5,25.9,Thursday
49,Drake London,WR,ATL,@GB,15.7,12.9,15.1,9.6,12.3,15.1,28.3,24.2,Thursday
50,Geno Smith,QB,NYJ,@DET,15.7,15.5,16.8,14.3,14.3,14.3,25.0,24.9,Main
51,Malik Willis,QB,MIA,KC,15.6,15.4,16.5,14.5,14.5,14.5,24.2,24.1,Main
52,Cam Skattebo,RB,NYG,TEN,15.6,14.1,15.0,12.2,13.5,14.9,27.5,25.7,Main
53,Deshaun Watson,QB,CLE,CAR,15.3,15.1,16.4,14.3,14.3,14.3,24.7,24.6,Main
54,Aaron Rodgers,QB,PIT,CIN,15.2,15.0,16.5,13.9,13.9,13.9,23.9,23.8,Main
55,Daniel Jones,QB,IND,HOU,14.8,14.6,15.9,13.6,13.6,13.6,23.2,23.1,Main
56,Omarion Hampton,RB,LAC,@BUF,14.8,13.7,14.3,12.1,13.2,14.2,26.6,25.3,Main
57,Bucky Irving,RB,TB,MIN,14.7,13.0,14.4,11.0,12.6,14.3,26.1,23.9,Main
58,Tetairoa McMillan,WR,CAR,@CLE,14.6,12.2,14.0,9.3,11.7,14.0,27.3,23.7,Main
59,Jaylen Waddle,WR,DEN,LA,14.5,12.1,13.9,9.0,11.5,13.9,27.3,23.5,Sunday
60,Kirk Cousins,QB,LV,@NO,14.2,14.0,15.2,12.8,12.8,12.8,22.9,22.7,Main
61,Kyren Williams,RB,LA,@DEN,14.1,12.8,13.8,11.3,12.5,13.7,25.4,23.7,Sunday
62,Tee Higgins,WR,CIN,@PIT,14.0,11.8,13.4,9.0,11.2,13.4,26.8,23.3,Main
63,Matthew Golden,WR,GB,ATL,14.0,11.7,13.6,9.0,11.3,13.6,26.0,22.5,Thursday
64,Michael Penix,QB,ATL,@GB,13.8,13.6,14.9,12.5,12.5,12.5,22.1,22.0,Thursday
65,D'Andre Swift,RB,CHI,PHI,13.8,12.7,13.3,11.2,12.2,13.2,25.1,23.8,Monday
66,Ladd McConkey,WR,LAC,@BUF,13.8,11.3,13.3,8.4,10.8,13.2,25.9,22.2,Main
67,Jadarian Price,RB,SEA,@WAS,13.7,12.7,13.1,11.2,12.1,13.0,25.2,24.0,Main
68,Quinshon Judkins,RB,CLE,CAR,13.6,12.3,13.1,10.6,11.8,13.0,24.9,23.3,Main
69,Jameis Winston,QB,NYG,TEN,13.5,13.3,14.4,12.1,12.1,12.1,22.2,22.1,Main
70,DK Metcalf,WR,PIT,CIN,13.4,11.1,12.9,8.5,10.7,12.9,25.4,22.0,Main
71,Aaron Jones,RB,MIN,@TB,13.3,12.0,13.0,10.5,11.7,12.9,24.2,22.5,Main
72,Malik Nabers,WR,NYG,TEN,13.2,11.0,12.7,8.3,10.5,12.7,25.3,21.9,Main
73,Marcus Mariota,QB,WAS,SEA,13.2,13.0,14.0,11.9,11.9,11.9,21.2,21.1,Main
74,Travis Kelce,TE,KC,@MIA,13.1,10.7,15.1,8.2,10.5,12.8,24.5,20.9,Main
75,Mike Evans,WR,SF,ARI,13.0,10.9,12.6,8.6,10.6,12.6,25.2,22.0,Main
76,Brock Bowers,TE,LV,@NO,12.9,10.4,15.1,7.6,10.1,12.6,23.7,19.8,Main
77,George Kittle,TE,SF,ARI,12.9,10.8,14.7,8.3,10.5,12.6,24.6,21.2,Main
78,Cam Ward,QB,TEN,@NYG,12.9,12.7,14.0,11.9,11.9,11.9,21.1,21.0,Main
79,Dalton Kincaid,TE,BUF,LAC,12.8,10.6,14.5,8.1,10.3,12.4,24.4,21.0,Main
80,Jalen Coker,WR,CAR,@CLE,12.8,10.5,12.4,7.7,10.1,12.4,24.4,20.8,Main
81,Rashee Rice,WR,KC,@MIA,12.8,10.6,12.5,8.1,10.3,12.5,24.4,21.1,Main
82,Zay Flowers,WR,BAL,DAL,12.6,10.6,12.1,8.2,10.1,12.1,24.8,21.6,Main
83,Jameson Williams,WR,DET,NYJ,12.6,10.8,12.1,8.5,10.3,12.1,25.0,22.0,Main
84,Josh Downs,WR,IND,HOU,12.6,10.1,12.3,7.4,9.9,12.3,23.3,19.6,Main
85,David Montgomery,RB,HOU,@IND,12.5,11.5,12.3,10.4,11.3,12.2,23.1,21.8,Main
86,Dalton Schultz,TE,HOU,@IND,12.5,9.9,14.8,7.2,9.7,12.3,22.8,18.9,Main
87,Sam LaPorta,TE,DET,NYJ,12.3,9.9,14.5,7.3,9.7,12.1,23.0,19.3,Main
88,Tyler Warren,TE,IND,HOU,12.2,9.7,14.5,7.1,9.5,12.0,22.0,18.2,Main
89,Emeka Egbuka,WR,TB,MIN,12.2,10.2,11.9,7.9,9.9,11.8,23.5,20.4,Main
90,Bhayshul Tuten,RB,JAX,NE,12.1,11.0,11.7,9.8,10.7,11.6,22.7,21.4,Main
91,Jeremiyah Love,RB,ARI,@SF,11.9,10.4,11.7,8.7,10.2,11.7,21.5,19.5,Main
92,Terrance Ferguson,TE,LA,@DEN,11.9,9.7,13.9,7.2,9.4,11.7,22.5,19.0,Sunday
93,Deebo Samuel,WR,SF,ARI,11.9,9.8,11.7,7.5,9.6,11.7,22.7,19.5,Main
94,Case Keenum,QB,CHI,PHI,11.8,11.6,12.7,10.6,10.6,10.6,19.0,18.9,Monday
95,Michael Wilson,WR,ARI,@SF,11.7,9.6,11.4,7.3,9.3,11.4,22.5,19.3,Main
96,DJ Moore,WR,BUF,LAC,11.7,9.9,11.4,7.8,9.5,11.3,23.3,20.4,Main
97,Tucker Kraft,TE,GB,ATL,11.4,9.3,13.2,7.1,9.1,11.2,21.6,18.4,Thursday
98,Travis Etienne,RB,NO,LV,11.4,10.2,11.2,8.8,10.0,11.2,21.5,19.8,Main
99,Rhamondre Stevenson,RB,NE,@JAX,11.3,9.9,11.1,8.5,9.8,11.1,20.8,18.9,Main
100,Mark Andrews,TE,BAL,DAL,11.1,8.9,13.1,6.7,8.8,11.0,21.0,17.6,Main
101,Tony Pollard,RB,TEN,@NYG,11.1,10.2,10.7,9.1,9.8,10.6,21.1,20.0,Main
102,Rashod Bateman,WR,BAL,DAL,10.9,9.2,10.6,7.4,9.0,10.6,22.0,19.4,Main
103,Khalil Shakir,WR,BUF,LAC,10.9,8.7,10.7,6.3,8.5,10.7,21.1,17.7,Main
104,Devaughn Vele,WR,NO,LV,10.9,8.8,10.7,6.6,8.6,10.6,21.1,18.0,Main
105,Xavier Worthy,WR,KC,@MIA,10.8,8.9,10.6,7.0,8.8,10.6,21.4,18.6,Main
106,Malik Washington,WR,MIA,KC,10.8,8.7,10.6,6.4,8.5,10.6,20.5,17.3,Main
107,Tre Tucker,WR,LV,@NO,10.5,8.7,10.2,6.7,8.4,10.2,21.2,18.3,Main
108,Hunter Henry,TE,NE,@JAX,10.5,8.5,12.3,6.4,8.4,10.3,20.3,17.2,Main
109,Jordan Addison,WR,MIN,@TB,10.3,8.6,10.0,6.6,8.3,10.0,21.0,18.2,Main
110,KC Concepcion,WR,CLE,CAR,10.2,8.2,10.1,6.1,8.1,10.1,19.6,16.7,Main
111,TreVeyon Henderson,RB,NE,@JAX,10.2,9.2,10.0,8.1,9.0,9.9,19.5,18.2,Main
112,Dontayvion Wicks,WR,PHI,@CHI,10.2,8.5,9.9,6.6,8.2,9.9,20.4,17.7,Monday
113,Romeo Doubs,WR,NE,@JAX,10.1,8.5,9.9,6.6,8.2,9.9,20.5,17.8,Main
114,Carnell Tate,WR,TEN,@NYG,10.0,8.1,9.8,6.1,7.9,9.8,19.7,16.8,Main
115,Denzel Boston,WR,CLE,CAR,9.7,8.0,9.5,6.1,7.8,9.5,19.9,17.2,Main
116,Courtland Sutton,WR,DEN,LA,9.7,8.0,9.6,6.2,7.9,9.6,19.7,17.0,Sunday
117,Isaiah Likely,TE,NYG,TEN,9.7,7.7,11.6,5.6,7.6,9.6,18.7,15.5,Main
118,Luther Burden,WR,CHI,PHI,9.6,7.7,9.5,5.7,7.6,9.5,18.6,15.7,Monday
119,Harold Fannin,TE,CLE,CAR,9.6,7.6,11.4,5.6,7.5,9.5,18.6,15.6,Main
120,Brian Thomas,WR,JAX,NE,9.6,8.1,9.4,6.3,7.9,9.4,20.1,17.5,Main
121,Jakobi Meyers,WR,JAX,NE,9.6,7.9,9.5,6.0,7.7,9.5,19.3,16.5,Main
122,Pat Freiermuth,TE,PIT,CIN,9.6,7.6,11.4,5.6,7.5,9.4,18.3,15.2,Main
123,Brandon Aubrey,K,DAL,BAL,9.5,9.5,10.2,9.1,9.1,9.1,16.0,16.0,Main
124,Eddy Pineiro,K,SF,ARI,9.5,9.5,10.2,9.2,9.2,9.2,15.4,15.4,Main
125,Xavier Hutchinson,WR,HOU,@IND,9.4,7.7,9.2,5.9,7.6,9.2,18.8,16.2,Main
126,Quentin Johnston,WR,LAC,@BUF,9.4,7.8,9.3,6.1,7.7,9.3,19.3,16.7,Main
127,Tyler Loop,K,BAL,DAL,9.4,9.4,10.2,9.1,9.1,9.1,15.6,15.6,Main
128,Jake Bates,K,DET,NYJ,9.4,9.4,10.1,9.1,9.1,9.1,15.6,15.6,Main
129,Ryan Flournoy,WR,DAL,BAL,9.3,7.5,9.2,5.5,7.3,9.2,18.6,15.7,Main
130,RJ Harvey,RB,DEN,LA,9.3,7.7,9.3,6.1,7.7,9.2,17.9,15.6,Sunday
131,TJ Hockenson,TE,MIN,@TB,9.3,7.3,11.2,5.3,7.3,9.2,18.1,15.0,Main
132,Terry McLaurin,WR,WAS,SEA,9.3,7.6,9.0,5.7,7.4,9.0,18.7,16.1,Main
133,SEA DST,DST,SEA,@WAS,9.3,9.4,10.3,9.3,9.3,9.3,17.3,17.4,Main
134,Colston Loveland,TE,CHI,PHI,9.2,7.3,11.0,5.3,7.2,9.1,17.7,14.7,Monday
135,Harrison Butker,K,KC,@MIA,9.2,9.2,9.8,8.9,8.9,8.9,15.1,15.1,Main
136,Jason Myers,K,SEA,@WAS,9.2,9.2,10.0,8.9,8.9,8.9,15.6,15.6,Main
137,Juwan Johnson,TE,NO,LV,9.1,7.4,10.7,5.6,7.3,9.0,18.2,15.4,Main
138,Ka'imi Fairbairn,K,HOU,@IND,9.1,9.1,9.9,8.8,8.8,8.8,15.8,15.8,Main
139,JK Dobbins,RB,DEN,LA,9.0,8.5,8.7,7.8,8.2,8.6,18.5,17.9,Sunday
140,Rashid Shaheed,WR,SEA,@WAS,9.0,7.6,8.9,6.1,7.4,8.8,18.8,16.5,Main
141,Chris Godwin,WR,TB,MIN,9.0,7.3,8.9,5.4,7.2,8.9,18.1,15.3,Main
142,Wan'Dale Robinson,WR,TEN,@NYG,9.0,7.1,8.9,5.1,7.0,8.8,17.9,14.9,Main
143,Cam Little,K,JAX,NE,9.0,9.0,9.7,8.7,8.7,8.7,15.2,15.2,Main
144,Stefon Diggs,WR,WAS,SEA,8.9,7.0,8.8,5.1,6.9,8.8,17.0,14.0,Main
145,Tyler Bass,K,BUF,LAC,8.9,8.9,9.5,8.6,8.6,8.6,14.7,14.7,Main
146,Trey Smack,K,GB,ATL,8.9,8.9,9.6,8.6,8.6,8.6,15.1,15.1,Thursday
147,Spencer Shrader,K,IND,HOU,8.9,8.9,9.6,8.5,8.5,8.5,15.5,15.5,Main
148,Oronde Gadsden,TE,LAC,@BUF,8.8,7.1,10.4,5.3,7.0,8.7,17.3,14.5,Main
149,Blake Corum,RB,LA,@DEN,8.8,8.3,8.5,7.7,8.1,8.4,17.6,17.0,Sunday
150,Mack Hollins,WR,NE,@JAX,8.8,7.3,8.7,5.6,7.1,8.6,18.1,15.6,Main
151,Evan McPherson,K,CIN,@PIT,8.8,8.8,9.5,8.5,8.5,8.5,15.2,15.2,Main
152,Keenan Allen,WR,IND,HOU,8.7,6.9,8.6,5.1,6.8,8.6,17.2,14.4,Main
153,Kenyon Sadiq,TE,NYJ,@DET,8.7,6.9,10.4,5.1,6.9,8.6,17.3,14.4,Main
154,Will Reichard,K,MIN,@TB,8.6,8.6,9.3,8.2,8.2,8.2,14.9,14.9,Main
155,Daniel Carlson,K,NO,LV,8.6,8.6,9.3,8.3,8.3,8.3,14.6,14.6,Main
156,Jake Elliott,K,PHI,@CHI,8.6,8.6,9.3,8.3,8.3,8.3,14.8,14.8,Monday
157,Kyle Pitts,TE,ATL,@GB,8.5,6.8,10.1,5.1,6.7,8.4,16.9,14.1,Thursday
158,Ryan Fitzgerald,K,CAR,@CLE,8.5,8.5,9.2,8.2,8.2,8.2,14.8,14.8,Main
159,Jason Sanders,K,NYJ,@DET,8.5,8.5,9.1,8.1,8.1,8.1,14.9,14.9,Main
160,Chase McLaughlin,K,TB,MIN,8.5,8.5,9.2,8.2,8.2,8.2,14.8,14.8,Main
161,Kaleb Johnson,RB,GB,ATL,8.4,8.1,8.3,7.7,8.0,8.2,17.1,16.7,Thursday
162,Cade Otton,TE,TB,MIN,8.4,6.6,10.2,4.8,6.6,8.4,16.6,13.8,Main
163,Harrison Mevis,K,LA,@DEN,8.4,8.4,9.1,8.1,8.1,8.1,14.3,14.3,Sunday
164,Woody Marks,RB,HOU,@IND,8.3,7.3,8.2,6.3,7.2,8.2,16.1,14.7,Main
165,Kayshon Boutte,WR,HOU,@IND,8.3,7.0,8.1,5.5,6.8,8.1,17.7,15.4,Main
166,Brenton Strange,TE,JAX,NE,8.3,6.6,9.9,4.9,6.6,8.3,16.9,14.1,Main
167,KC DST,DST,KC,@MIA,8.3,8.3,9.2,8.3,8.3,8.3,15.9,16.0,Main
168,Wil Lutz,K,DEN,LA,8.3,8.3,9.0,8.0,8.0,8.0,14.5,14.5,Sunday
169,Alvin Kamara,RB,NO,LV,8.2,6.9,8.1,5.6,6.8,8.1,15.9,14.1,Main
170,Michael Pittman,WR,PIT,CIN,8.2,6.5,8.1,4.8,6.4,8.1,16.6,13.9,Main
171,Jacory Croskey-Merritt,RB,WAS,SEA,8.2,7.7,8.0,7.1,7.5,7.9,16.3,15.6,Main
172,Andre Szmyt,K,CLE,CAR,8.2,8.2,8.9,7.9,7.9,7.9,14.5,14.5,Main
173,Cameron Dicker,K,LAC,@BUF,8.2,8.2,8.8,7.8,7.8,7.8,14.4,14.4,Main
174,Matt Gay,K,LV,@NO,8.2,8.2,8.9,7.9,7.9,7.9,14.5,14.5,Main
175,Tyler Allgeier,RB,ARI,@SF,8.1,7.2,8.0,6.3,7.1,8.0,15.8,14.5,Main
176,Kenny Gainwell,RB,TB,MIN,8.1,6.8,8.1,5.6,6.8,8.0,16.1,14.3,Main
177,Tyjae Spears,RB,TEN,@NYG,8.1,6.8,8.0,5.6,6.8,8.0,15.8,14.0,Main
178,NYG DST,DST,NYG,TEN,8.1,8.2,9.0,8.1,8.1,8.1,15.7,15.7,Main
179,Dominic Zvada,K,NYG,TEN,8.1,8.1,8.8,7.8,7.8,7.8,14.3,14.3,Main
180,DeMario Douglas,WR,NE,@JAX,8.0,6.5,7.9,4.9,6.4,7.9,16.4,13.9,Main
181,Makai Lemon,WR,PHI,@CHI,8.0,6.4,7.9,4.7,6.3,7.9,16.4,13.8,Monday
182,Chad Ryland,K,ARI,@SF,8.0,8.0,8.7,7.7,7.7,7.7,14.0,14.0,Main
183,Cairo Santos,K,CHI,PHI,8.0,8.0,8.7,7.7,7.7,7.7,14.4,14.4,Monday
184,Andy Borregales,K,NE,@JAX,8.0,8.0,8.7,7.7,7.7,7.7,13.8,13.8,Main
185,Chris Boswell,K,PIT,CIN,8.0,8.0,8.7,7.7,7.7,7.7,14.2,14.2,Main
186,Rachaad White,RB,WAS,SEA,7.9,6.7,7.9,5.5,6.7,7.8,15.2,13.4,Main
187,PHI DST,DST,PHI,@CHI,7.9,7.9,8.8,7.9,7.9,7.9,15.4,15.5,Monday
188,Kyle Monangai,RB,CHI,PHI,7.8,7.1,7.8,6.4,7.0,7.7,15.5,14.5,Monday
189,Jake Ferguson,TE,DAL,BAL,7.8,6.1,9.5,4.4,6.1,7.8,15.7,13.0,Main
190,Isaiah Williams,WR,NYJ,@DET,7.8,6.0,7.8,4.2,6.0,7.7,15.6,12.8,Main
191,Joey Slye,K,TEN,@NYG,7.8,7.8,8.5,7.5,7.5,7.5,14.1,14.1,Main
192,CAR DST,DST,CAR,@CLE,7.7,7.7,8.5,7.7,7.7,7.7,15.2,15.2,Main
193,Nick Folk,K,ATL,@GB,7.7,7.7,8.4,7.4,7.4,7.4,13.8,13.8,Thursday
194,Tre' Harris,WR,LAC,@BUF,7.6,6.1,7.5,4.6,6.0,7.5,15.8,13.4,Main
195,Justice Hill,RB,BAL,DAL,7.4,6.3,7.3,5.1,6.2,7.3,16.1,14.2,Main
196,Rome Odunze,WR,CHI,PHI,7.4,6.1,7.2,4.7,6.0,7.2,16.1,13.9,Monday
197,DET DST,DST,DET,NYJ,7.4,7.4,8.2,7.4,7.4,7.4,15.0,15.1,Main
198,TEN DST,DST,TEN,@NYG,7.4,7.5,8.3,7.4,7.4,7.4,14.9,15.0,Main
199,Marvin Harrison,WR,ARI,@SF,7.3,6.1,7.2,4.8,6.0,7.2,16.1,14.0,Main
200,Darren Waller,TE,CAR,@CLE,7.2,5.9,8.5,4.5,5.8,7.1,15.2,12.9,Main
201,Pat Bryant,WR,DEN,LA,7.2,5.8,7.1,4.3,5.7,7.1,15.2,12.9,Sunday
202,BUF DST,DST,BUF,LAC,7.2,7.3,8.0,7.2,7.2,7.2,14.9,14.9,Main
203,JAX DST,DST,JAX,NE,7.2,7.3,7.9,7.2,7.2,7.2,14.9,14.9,Main
204,Riley Patterson,K,MIA,KC,7.2,7.2,7.9,7.0,7.0,7.0,13.1,13.1,Main
205,Jaylin Noel,WR,HOU,@IND,7.1,5.8,7.0,4.4,5.7,7.0,15.2,13.0,Main
206,GB DST,DST,GB,ATL,7.1,7.2,8.0,7.1,7.1,7.1,14.5,14.6,Thursday
207,MIN DST,DST,MIN,@TB,7.1,7.2,7.9,7.1,7.1,7.1,14.6,14.7,Main
208,NO DST,DST,NO,LV,7.1,7.1,7.9,7.1,7.1,7.1,14.5,14.6,Main
209,Drew Stevens,K,WAS,SEA,7.1,7.1,7.7,6.8,6.8,6.8,13.2,13.2,Main
210,CIN DST,DST,CIN,@PIT,7.0,7.0,7.8,7.0,7.0,7.0,14.1,14.2,Main
211,SF DST,DST,SF,ARI,7.0,7.1,7.9,7.0,7.0,7.0,14.4,14.4,Main
212,Emmett Johnson,RB,KC,@MIA,6.9,6.1,6.9,5.3,6.1,6.8,14.5,13.2,Main
213,Roman Wilson,WR,PIT,CIN,6.9,5.6,6.9,4.3,5.6,6.9,14.8,12.6,Main
214,AJ Barner,TE,SEA,@WAS,6.9,5.6,8.2,4.3,5.6,6.9,14.8,12.6,Main
215,Kalif Raymond,WR,CHI,PHI,6.8,5.3,6.8,3.8,5.3,6.8,13.9,11.4,Monday
216,MarShawn Lloyd,RB,GB,ATL,6.7,6.1,6.7,5.6,6.1,6.6,14.1,13.3,Thursday
217,CLE DST,DST,CLE,CAR,6.7,6.8,7.5,6.7,6.7,6.7,14.1,14.1,Main
218,HOU DST,DST,HOU,@IND,6.7,6.7,7.5,6.7,6.7,6.7,14.0,14.0,Main
219,TB DST,DST,TB,MIN,6.7,6.7,7.5,6.7,6.7,6.7,14.0,14.1,Main
220,Mike Gesicki,TE,CIN,@PIT,6.6,5.3,7.8,3.9,5.2,6.5,14.2,12.0,Main
221,Gunnar Helm,TE,TEN,@NYG,6.6,5.1,8.1,3.6,5.1,6.6,13.8,11.2,Main
222,LV DST,DST,LV,@NO,6.6,6.7,7.3,6.6,6.6,6.6,14.0,14.0,Main
223,Kendrick Bourne,WR,ARI,@SF,6.5,5.1,6.5,3.7,5.1,6.5,13.7,11.3,Main
224,Jalen Nailor,WR,LV,@NO,6.5,5.3,6.4,4.1,5.3,6.4,14.3,12.4,Main
225,PIT DST,DST,PIT,CIN,6.5,6.5,7.2,6.5,6.5,6.5,13.6,13.7,Main
226,Greg Dulcich,TE,MIA,KC,6.4,5.1,7.7,3.7,5.1,6.4,13.3,11.1,Main
227,Emanuel Wilson,RB,SEA,@WAS,6.4,6.2,6.4,5.9,6.1,6.3,14.1,13.8,Main
228,Colby Parkinson,TE,LA,@DEN,6.2,4.9,7.5,3.6,4.9,6.2,13.3,11.1,Sunday
229,IND DST,DST,IND,HOU,6.2,6.2,7.0,6.2,6.2,6.2,13.2,13.3,Main
230,Evan Engram,TE,DEN,LA,6.1,4.7,7.5,3.3,4.7,6.1,13.0,10.6,Sunday
231,Michael Mayer,TE,LV,@NO,6.1,4.7,7.4,3.4,4.7,6.1,12.6,10.3,Main
232,Malachi Fields,WR,NYG,TEN,6.0,5.1,6.0,4.0,5.0,6.0,14.1,12.3,Main
233,Kaelon Black,RB,SF,ARI,6.0,5.7,6.0,5.3,5.6,5.9,13.1,12.6,Main
234,DEN DST,DST,DEN,LA,6.0,6.0,6.7,6.0,6.0,6.0,13.0,13.1,Sunday
235,Ted Hurst,WR,TB,MIN,5.9,4.9,5.9,3.9,4.9,5.9,13.6,11.8,Main
236,LA DST,DST,LA,@DEN,5.9,5.9,6.6,5.9,5.9,5.9,13.0,13.0,Sunday
237,Jahan Dotson,WR,ATL,@GB,5.8,4.7,5.7,3.6,4.7,5.7,13.1,11.2,Thursday
238,BAL DST,DST,BAL,DAL,5.7,5.8,6.4,5.7,5.7,5.7,13.0,13.0,Main
239,CHI DST,DST,CHI,PHI,5.7,5.7,6.5,5.7,5.7,5.7,12.7,12.7,Monday
240,NE DST,DST,NE,@JAX,5.7,5.8,6.4,5.7,5.7,5.7,12.9,13.0,Main
241,Jerry Jeudy,WR,CLE,CAR,5.6,4.6,5.6,3.5,4.5,5.6,12.9,11.1,Main
242,Cooper Kupp,WR,SEA,@WAS,5.6,4.6,5.6,3.5,4.5,5.6,12.9,11.1,Main
243,Tyquan Thornton,WR,KC,@MIA,5.5,4.7,5.4,3.9,4.6,5.4,14.0,12.6,Main
244,Chris Bell,WR,MIA,KC,5.5,4.5,5.4,3.5,4.5,5.4,12.4,10.7,Main
245,Najee Harris,RB,NYG,TEN,5.4,4.9,5.4,4.4,4.9,5.3,11.8,11.1,Main
246,ATL DST,DST,ATL,@GB,5.4,5.4,6.1,5.4,5.4,5.4,12.2,12.3,Thursday
247,Chris Brooks,RB,GB,ATL,5.2,4.5,5.2,3.9,4.5,5.1,11.7,10.7,Thursday
248,Samaje Perine,RB,CIN,@PIT,5.1,4.4,5.1,3.6,4.3,5.0,11.7,10.5,Main
249,Braelon Allen,RB,NYJ,@DET,5.1,4.6,5.1,4.1,4.6,5.1,11.6,10.8,Main
250,WAS DST,DST,WAS,SEA,5.1,5.1,5.7,5.1,5.1,5.1,11.8,11.9,Main
251,Chris Rodriguez,RB,JAX,NE,5.0,4.7,5.0,4.4,4.7,4.9,11.7,11.3,Main
252,Keaton Mitchell,RB,LAC,@BUF,5.0,4.4,4.9,3.9,4.4,4.9,11.3,10.4,Main
253,Jordan Whittington,WR,LA,@DEN,5.0,4.0,4.9,3.0,4.0,4.9,11.5,9.7,Sunday
254,Brian Robinson,RB,ATL,@GB,4.9,4.5,4.8,4.2,4.5,4.8,10.8,10.2,Thursday
255,Laquon Treadwell,WR,IND,HOU,4.8,3.9,4.7,3.1,3.9,4.7,11.6,10.0,Main
256,Jauan Jennings,WR,MIN,@TB,4.8,3.9,4.8,3.0,3.9,4.8,11.5,9.9,Main
257,Ty Johnson,RB,BUF,LAC,4.7,4.0,4.6,3.3,4.0,4.6,12.0,10.7,Main
258,Isaac TeSlaa,WR,DET,NYJ,4.7,4.0,4.7,3.2,4.0,4.7,11.9,10.5,Main
259,Jared Wayne,WR,HOU,@IND,4.7,3.8,4.6,3.0,3.8,4.6,11.3,9.7,Main
260,Kevin Coleman,WR,MIA,KC,4.6,3.7,4.5,2.8,3.7,4.5,10.9,9.3,Main
261,Darnell Mooney,WR,NYG,TEN,4.6,3.9,4.6,3.1,3.8,4.6,11.6,10.1,Main
262,Antonio Williams,WR,WAS,SEA,4.6,3.7,4.6,2.7,3.6,4.5,10.5,8.8,Main
263,Sione Vaki,RB,DET,NYJ,4.4,3.9,4.4,3.4,3.9,4.3,10.8,9.9,Main
264,DAL DST,DST,DAL,BAL,4.4,4.5,5.2,4.4,4.4,4.4,11.3,11.3,Main
265,Jack Bech,WR,LV,@NO,4.3,3.5,4.3,2.6,3.4,4.3,10.4,8.7,Main
266,Konata Mumpfield,WR,LA,@DEN,4.2,3.4,4.1,2.7,3.4,4.1,10.4,9.0,Sunday
267,Bryce Lance,WR,NO,LV,4.2,3.5,4.2,2.7,3.4,4.2,10.6,9.1,Main
268,Elic Ayomanor,WR,TEN,@NYG,4.2,3.5,4.2,2.7,3.5,4.2,10.8,9.3,Main
269,Skyy Moore,WR,GB,ATL,4.1,3.4,4.1,2.7,3.4,4.1,10.3,9.0,Thursday
270,Joshua Palmer,WR,BUF,LAC,4.0,3.4,4.0,2.8,3.4,4.0,10.7,9.5,Main
271,Darnell Washington,TE,PIT,CIN,4.0,3.2,4.7,2.4,3.2,3.9,9.7,8.1,Main
272,LAC DST,DST,LAC,@BUF,4.0,4.0,4.7,4.0,4.0,4.0,10.6,10.6,Main
273,NYJ DST,DST,NYJ,@DET,4.0,4.0,4.7,4.0,4.0,4.0,10.5,10.6,Main
274,Keon Coleman,WR,BUF,LAC,3.9,3.3,3.9,2.6,3.3,3.9,10.5,9.1,Main
275,Tommy Tremble,TE,CAR,@CLE,3.9,3.0,4.7,2.2,3.0,3.9,9.5,7.8,Main
276,MIA DST,DST,MIA,KC,3.9,3.9,4.5,3.9,3.9,3.9,10.3,10.3,Main
277,Chris Moore,WR,BAL,DAL,3.8,3.3,3.8,2.7,3.3,3.8,10.7,9.6,Main
278,Calvin Ridley,WR,TEN,@NYG,3.8,3.1,3.8,2.5,3.1,3.8,9.9,8.5,Main
279,ARI DST,DST,ARI,@SF,3.8,3.8,4.4,3.8,3.8,3.8,10.2,10.2,Main
280,Jeremy Ruckert,TE,NYJ,@DET,3.7,2.8,4.5,2.0,2.8,3.7,9.2,7.5,Main
281,Dyami Brown,WR,WAS,SEA,3.7,3.0,3.7,2.2,3.0,3.7,9.3,7.8,Main
282,Devontez Walker,WR,BAL,DAL,3.6,3.1,3.6,2.6,3.1,3.6,10.1,9.0,Main
283,George Holani,RB,SEA,@WAS,3.6,3.0,3.6,2.4,3.0,3.6,9.6,8.4,Main
284,Dawson Knox,TE,BUF,LAC,3.5,2.9,4.2,2.2,2.9,3.5,9.3,7.9,Main
285,Brycen Tremayne,WR,CAR,@CLE,3.5,2.9,3.5,2.2,2.9,3.5,9.0,7.6,Main
286,Cole Kmet,TE,CHI,PHI,3.5,2.7,4.2,2.0,2.7,3.5,8.7,7.2,Monday
287,Mike Washington,RB,LV,@NO,3.5,3.2,3.5,2.9,3.2,3.5,9.0,8.4,Main
288,Noah Fant,TE,NO,LV,3.5,2.8,4.2,2.1,2.8,3.5,9.0,7.5,Main
289,Zach Ertz,TE,PHI,@CHI,3.5,2.8,4.1,2.1,2.8,3.5,9.0,7.6,Monday
290,Jalen McMillan,WR,TB,MIN,3.5,2.8,3.5,2.2,2.8,3.5,9.1,7.7,Main
291,Olamide Zaccheaus,WR,ATL,@GB,3.4,2.6,3.4,1.9,2.6,3.4,8.4,6.8,Thursday
292,AJ Dillon,RB,CAR,@CLE,3.4,3.1,3.4,2.8,3.1,3.4,8.6,8.0,Main
293,DeeJay Dallas,RB,MIN,@TB,3.4,3.0,3.4,2.7,3.0,3.4,8.8,8.1,Main
294,Johnny Mundt,TE,PHI,@CHI,3.4,2.7,4.1,2.0,2.7,3.4,8.7,7.2,Monday
295,Josh Oliver,TE,MIN,@TB,3.3,2.6,3.9,2.0,2.6,3.3,8.7,7.3,Main
296,Kyle Juszczyk,RB,SF,ARI,3.3,2.6,3.3,1.9,2.6,3.3,8.8,7.4,Main
297,LaJohntay Wester,WR,BAL,DAL,3.2,2.6,3.2,2.0,2.6,3.2,8.8,7.5,Main
298,Jonnu Smith,TE,GB,ATL,3.2,2.6,3.9,1.9,2.5,3.2,8.4,7.0,Thursday
299,Noah Gray,TE,KC,@MIA,3.2,2.6,3.8,2.0,2.6,3.2,8.9,7.6,Main
300,Kyle Williams,WR,NE,@JAX,3.2,2.7,3.2,2.2,2.7,3.2,9.2,8.1,Main
301,Troy Franklin,WR,DEN,LA,3.1,2.6,3.1,2.0,2.6,3.1,8.7,7.5,Sunday
302,Dohnte Meyers,WR,CIN,@PIT,2.9,2.3,2.9,1.8,2.3,2.9,8.0,6.8,Main
303,Ben Sinnott,TE,WAS,SEA,2.9,2.3,3.6,1.6,2.3,2.9,7.5,6.1,Main
304,Ollie Gordon,RB,MIA,KC,2.8,2.6,2.8,2.3,2.5,2.8,7.6,7.0,Main
305,Theo Johnson,TE,NYG,TEN,2.8,2.3,3.4,1.7,2.3,2.8,7.7,6.5,Main
306,Foster Moreau,TE,HOU,@IND,2.7,2.2,3.3,1.7,2.2,2.7,7.6,6.4,Main
307,Elijah Arroyo,TE,SEA,@WAS,2.7,2.2,3.2,1.7,2.2,2.7,7.6,6.4,Main
308,Germie Bernard,WR,PIT,CIN,2.6,2.1,2.6,1.6,2.1,2.6,7.4,6.2,Main
309,Drew Sample,TE,CIN,@PIT,2.5,1.9,3.1,1.3,1.9,2.5,6.8,5.4,Main
310,Will Shipley,RB,PHI,@CHI,2.5,2.1,2.5,1.6,2.1,2.5,7.1,6.0,Monday
311,Travis Homer,RB,PIT,CIN,2.5,2.1,2.5,1.7,2.1,2.5,7.1,6.1,Main
312,Mitchell Evans,TE,CAR,@CLE,2.4,1.9,2.9,1.4,1.9,2.4,6.8,5.6,Main
313,Hunter Luepke,RB,DAL,BAL,2.4,2.0,2.4,1.6,2.0,2.4,6.9,5.9,Main
314,Adam Trautman,TE,DEN,LA,2.4,1.9,2.9,1.4,1.9,2.4,6.8,5.6,Sunday
315,Travis Hunter,WR,JAX,NE,2.4,2.0,2.4,1.6,2.0,2.4,7.1,6.0,Main
316,Raheim Sanders,RB,CLE,CAR,2.3,2.0,2.3,1.7,2.0,2.3,6.7,6.0,Main
317,Tyler Goodson,RB,DAL,BAL,2.3,2.1,2.3,2.0,2.1,2.3,6.8,6.4,Main
318,Blake Whiteheart,TE,CLE,CAR,2.2,1.7,2.6,1.3,1.7,2.2,6.6,5.5,Main
319,KaVontae Turpin,WR,DAL,BAL,2.1,1.8,2.1,1.5,1.8,2.1,6.2,5.4,Main
320,Tyler Badie,RB,DEN,LA,2.1,1.7,2.1,1.2,1.7,2.1,6.2,5.0,Sunday
321,Seth McGowan,RB,IND,HOU,2.1,1.9,2.1,1.6,1.8,2.1,6.3,5.7,Main
322,Tyler Higbee,TE,LA,@DEN,2.1,1.7,2.6,1.3,1.7,2.1,6.3,5.2,Sunday
323,Durham Smythe,TE,BAL,DAL,2.0,1.6,2.4,1.2,1.6,2.0,6.3,5.3,Main
324,Bo Melton,WR,GB,ATL,2.0,1.7,2.0,1.4,1.7,2.0,6.4,5.6,Thursday
325,Davis Allen,TE,LA,@DEN,2.0,1.6,2.4,1.1,1.6,2.0,5.9,4.8,Sunday
326,Demond Claiborne,RB,MIN,@TB,2.0,1.7,2.0,1.5,1.7,2.0,6.0,5.4,Main
327,Jacob Cowing,WR,SF,ARI,2.0,1.6,2.0,1.3,1.6,2.0,6.5,5.6,Main
328,Colson Yankoff,TE,WAS,SEA,2.0,1.6,2.5,1.1,1.6,2.0,5.7,4.5,Main
329,Xavier Smith,WR,LA,@DEN,1.9,1.6,1.9,1.3,1.6,1.9,6.2,5.3,Sunday
330,CJ Donaldson,RB,NO,LV,1.9,1.6,1.9,1.3,1.6,1.9,6.1,5.3,Main
331,Sterling Shepard,WR,NYJ,@DET,1.9,1.5,1.9,1.2,1.5,1.9,6.0,5.0,Main
332,Erick All,TE,CIN,@PIT,1.8,1.4,2.2,1.0,1.4,1.8,5.4,4.3,Main
333,Brock Wright,TE,DET,NYJ,1.8,1.4,2.2,1.1,1.4,1.8,5.6,4.6,Main
334,Nate Boerkircher,TE,JAX,NE,1.8,1.4,2.1,1.1,1.4,1.8,5.7,4.7,Main
335,Tank Bigsby,RB,PHI,@CHI,1.8,1.7,1.8,1.6,1.7,1.8,5.9,5.6,Monday
336,Colbie Young,WR,CIN,@PIT,1.7,1.4,1.7,1.0,1.4,1.7,5.6,4.7,Main
337,Jaleel McLaughlin,RB,CLE,CAR,1.7,1.4,1.7,1.1,1.4,1.6,5.3,4.6,Main
338,LeQuint Allen,RB,JAX,NE,1.7,1.3,1.7,0.9,1.3,1.7,5.3,4.2,Main
339,Tyrone Tracy,RB,NYG,TEN,1.7,1.4,1.6,1.2,1.4,1.6,5.4,4.8,Main
340,KhaDarel Hodge,WR,SF,ARI,1.7,1.4,1.7,1.2,1.4,1.7,5.8,5.1,Main
341,Zachariah Branch,WR,ATL,@GB,1.6,1.3,1.6,1.0,1.3,1.6,5.1,4.3,Thursday
342,John Metchie,WR,CAR,@CLE,1.6,1.3,1.6,1.0,1.3,1.6,5.2,4.3,Main
343,Luke Schoonmaker,TE,DAL,BAL,1.6,1.3,1.9,1.0,1.3,1.6,5.1,4.2,Main
344,Brevyn Spann-Ford,TE,DAL,BAL,1.6,1.3,1.9,1.0,1.3,1.6,5.2,4.3,Main
345,Hayden Rucci,TE,LAC,@BUF,1.6,1.2,1.9,0.9,1.2,1.6,5.1,4.2,Main
346,Will Kacmarek,TE,MIA,KC,1.6,1.3,1.9,0.9,1.3,1.6,5.0,4.1,Main
347,Lew Nichols,RB,PIT,CIN,1.6,1.5,1.6,1.4,1.5,1.6,5.2,4.8,Main
348,Luke Farrell,TE,SF,ARI,1.6,1.3,2.0,1.0,1.3,1.6,5.2,4.3,Main
349,Tory Horton,WR,SEA,@WAS,1.6,1.4,1.6,1.1,1.4,1.6,5.7,4.9,Main
350,Tez Johnson,WR,TB,MIN,1.6,1.3,1.6,1.1,1.3,1.6,5.5,4.7,Main
351,Nick Westbrook-Ikhine,WR,IND,HOU,1.5,1.3,1.5,1.0,1.3,1.5,5.2,4.4,Main
352,Daniel Bellinger,TE,TEN,@NYG,1.5,1.2,1.8,0.9,1.2,1.5,4.8,3.9,Main
353,John Bates,TE,WAS,SEA,1.5,1.1,1.9,0.8,1.1,1.5,4.6,3.6,Main
354,Charlie Woerner,TE,ATL,@GB,1.4,1.0,1.7,0.7,1.0,1.4,4.2,3.3,Thursday
355,Matt Hibner,TE,BAL,DAL,1.4,1.1,1.6,0.9,1.1,1.4,4.7,3.9,Main
356,Jackson Hawes,TE,BUF,LAC,1.4,1.1,1.6,0.9,1.1,1.4,4.8,4.1,Main
357,Deion Burks,WR,IND,HOU,1.4,1.2,1.4,1.0,1.2,1.4,4.9,4.3,Main
358,Jalen Royals,WR,KC,@MIA,1.4,1.2,1.4,0.9,1.2,1.4,5.1,4.3,Main
359,Derius Davis,WR,LAC,@BUF,1.4,1.1,1.4,0.8,1.1,1.4,4.6,3.8,Main
360,Jalen Tolbert,WR,MIA,KC,1.4,1.1,1.4,0.8,1.1,1.4,4.6,3.8,Main
361,Ryan Miller,WR,MIA,KC,1.4,1.1,1.4,0.9,1.1,1.4,4.7,3.9,Main
362,Kendre Miller,RB,NO,LV,1.4,1.4,1.4,1.3,1.4,1.4,5.0,4.8,Main
363,Jordan Watkins,WR,SF,ARI,1.4,1.1,1.4,0.9,1.1,1.4,5.0,4.2,Main
364,Elijah Higgins,TE,ARI,@SF,1.3,1.0,1.6,0.8,1.0,1.3,4.4,3.6,Main
365,Hunter Long,TE,ARI,@SF,1.3,1.0,1.5,0.7,1.0,1.3,4.2,3.4,Main
366,Austin Hooper,TE,ATL,@GB,1.3,1.0,1.6,0.8,1.0,1.3,4.3,3.5,Thursday
367,Jonathan Mingo,WR,DAL,BAL,1.3,1.1,1.3,0.8,1.1,1.3,4.7,4.0,Main
368,Nate Adkins,TE,DEN,LA,1.3,1.0,1.6,0.8,1.0,1.3,4.5,3.7,Sunday
369,Josh Cameron,WR,JAX,NE,1.3,1.0,1.3,0.8,1.0,1.3,4.6,3.8,Main
370,Quintin Morris,TE,JAX,NE,1.3,1.0,1.6,0.8,1.0,1.3,4.5,3.7,Main
371,Cameron Latu,TE,NE,@JAX,1.3,1.0,1.5,0.8,1.0,1.3,4.6,3.8,Main
372,Jelani Woods,TE,NYJ,@DET,1.3,1.0,1.5,0.8,1.0,1.3,4.5,3.7,Main
373,Ray Davis,RB,BUF,LAC,1.2,1.1,1.2,0.9,1.1,1.2,4.2,3.8,Main
374,Sam Roush,TE,CHI,PHI,1.2,0.9,1.4,0.7,0.9,1.2,4.0,3.2,Monday
375,J Michael Sturdivant,WR,GB,ATL,1.2,1.0,1.2,0.8,1.0,1.2,4.4,3.6,Thursday
376,Mo Alie-Cox,TE,IND,HOU,1.2,1.0,1.5,0.7,1.0,1.2,4.2,3.5,Main
377,Drew Ogletree,TE,IND,HOU,1.2,1.0,1.4,0.7,1.0,1.2,4.1,3.4,Main
378,Efton Chism,WR,NE,@JAX,1.2,1.0,1.2,0.8,1.0,1.2,4.6,3.9,Main
379,Reggie Gilliam,TE,NE,@JAX,1.2,0.9,1.4,0.7,0.9,1.2,4.1,3.3,Main
380,Kevin Austin,WR,NO,LV,1.2,1.0,1.2,0.8,1.0,1.2,4.4,3.6,Main
381,Jamaal Pritchett,WR,NYJ,@DET,1.2,1.0,1.2,0.8,1.0,1.2,4.5,3.8,Main
382,Malik McClain,WR,NYJ,@DET,1.2,1.0,1.2,0.8,1.0,1.2,4.4,3.7,Main
383,EJ Jenkins,TE,PHI,@CHI,1.2,0.9,1.4,0.7,0.9,1.2,4.1,3.3,Monday
384,Kaytron Allen,RB,WAS,SEA,1.2,1.1,1.1,1.0,1.1,1.1,4.0,3.8,Main
385,Treylon Burks,WR,WAS,SEA,1.2,1.0,1.2,0.8,1.0,1.2,4.4,3.7,Main
386,Jahdae Walker,WR,CHI,PHI,1.1,0.9,1.1,0.7,0.9,1.1,4.0,3.3,Monday
387,Cade Stover,TE,HOU,@IND,1.1,0.9,1.3,0.7,0.9,1.1,3.9,3.2,Main
388,Marlin Klein,TE,HOU,@IND,1.1,0.8,1.3,0.6,0.8,1.1,3.9,3.2,Main
389,Oscar Delp,TE,NO,LV,1.1,0.9,1.3,0.6,0.9,1.1,4.0,3.2,Main
390,Darius Cooper,WR,PHI,@CHI,1.1,0.9,1.1,0.7,0.9,1.1,4.1,3.4,Monday
391,Eric Saubert,TE,SEA,@WAS,1.1,0.9,1.4,0.7,0.9,1.1,3.9,3.2,Main
392,Nicholas Singleton,RB,TEN,@NYG,1.1,1.0,1.1,0.9,1.0,1.1,4.1,3.7,Main
393,Chimere Dike,WR,TEN,@NYG,1.1,0.9,1.1,0.7,0.9,1.1,4.0,3.3,Main
394,Ke'Shawn Williams,WR,CIN,@PIT,1.0,0.8,1.0,0.6,0.8,1.0,3.8,3.1,Main
395,Tylan Wallace,WR,CLE,CAR,1.0,0.8,1.0,0.6,0.8,1.0,3.9,3.2,Main
396,Ameer Abdullah,RB,JAX,NE,1.0,0.9,1.0,0.8,0.9,1.0,3.7,3.2,Main
397,Marquez Valdes-Scantling,WR,LAC,@BUF,1.0,0.9,1.0,0.7,0.9,1.0,4.1,3.5,Main
398,DJ Herman,RB,MIA,KC,1.0,0.8,1.0,0.6,0.8,1.0,3.6,2.9,Main
399,Odell Beckham,WR,NYG,TEN,1.0,0.8,1.0,0.6,0.8,1.0,3.9,3.2,Main
400,Braxton Berrios,WR,NYG,TEN,1.0,0.8,1.0,0.6,0.8,1.0,3.7,3.0,Main
401,Patrick Herbert,TE,LAC,@BUF,0.9,0.7,1.1,0.6,0.7,0.9,3.5,2.8,Main
402,Brady Russell,RB,SEA,@WAS,0.9,0.7,0.9,0.4,0.7,0.9,3.2,2.4,Main
403,Malik Benson,WR,LV,@NO,0.8,0.7,0.8,0.6,0.7,0.8,3.0,2.6,Main
404,Connor Heyward,TE,LV,@NO,0.8,0.7,0.9,0.6,0.7,0.8,3.1,2.7,Main
405,Kimani Vidal,RB,LAC,@BUF,0.8,0.7,0.8,0.5,0.7,0.8,3.0,2.5,Main
406,Sean Tucker,RB,TB,MIN,0.8,0.7,0.8,0.6,0.7,0.8,3.0,2.8,Main
407,Isaiah Bond,WR,CLE,CAR,0.7,0.6,0.7,0.5,0.6,0.7,3.1,2.5,Main
408,Adam Prentice,RB,DEN,LA,0.7,0.5,0.7,0.4,0.5,0.7,2.6,2.1,Sunday
409,Kolbe Katsis,WR,DEN,LA,0.7,0.6,0.7,0.4,0.6,0.7,2.7,2.3,Sunday
410,Dylan Laube,RB,LV,@NO,0.7,0.6,0.7,0.5,0.6,0.7,2.7,2.2,Main
411,Chris Blair,WR,ATL,@GB,0.6,0.4,0.6,0.3,0.4,0.6,2.2,1.8,Thursday
412,David Moore,WR,CAR,@CLE,0.6,0.5,0.6,0.4,0.5,0.6,2.5,2.0,Main
413,Lewis Bond,WR,HOU,@IND,0.6,0.5,0.6,0.4,0.5,0.6,2.6,2.1,Main
414,Anthony Gould,WR,IND,HOU,0.6,0.5,0.6,0.4,0.5,0.6,2.4,1.9,Main
415,Cyrus Allen,WR,KC,@MIA,0.6,0.5,0.6,0.4,0.5,0.6,2.6,2.1,Main
416,Jake Briningstool,TE,KC,@MIA,0.6,0.5,0.7,0.4,0.5,0.6,2.3,1.9,Main
417,Cody White,WR,LV,@NO,0.6,0.5,0.6,0.4,0.5,0.6,2.5,2.0,Main
418,Dareke Young,WR,LV,@NO,0.6,0.5,0.6,0.4,0.5,0.6,2.5,2.0,Main
419,Jordan James,RB,SF,ARI,0.6,0.6,0.6,0.6,0.6,0.6,2.3,2.3,Main
420,Bam Knight,RB,ARI,@SF,0.5,0.4,0.5,0.3,0.4,0.5,1.8,1.6,Main
421,Josh Cuevas,TE,BAL,DAL,0.5,0.4,0.6,0.3,0.4,0.5,2.1,1.7,Main
422,Anthony Tyus,RB,CAR,@CLE,0.5,0.5,0.5,0.4,0.5,0.5,2.1,1.9,Main
423,Zavion Thomas,WR,CHI,PHI,0.5,0.4,0.5,0.4,0.4,0.5,1.9,1.7,Monday
424,Tahj Brooks,RB,CIN,@PIT,0.5,0.4,0.5,0.3,0.4,0.5,2.0,1.7,Main
425,Tanner Hudson,TE,CIN,@PIT,0.5,0.4,0.6,0.3,0.4,0.5,2.1,1.6,Main
426,Mark Redman,TE,GB,ATL,0.5,0.4,0.6,0.3,0.4,0.5,2.0,1.6,Thursday
427,Ian Thomas,TE,LV,@NO,0.5,0.4,0.6,0.3,0.4,0.5,2.0,1.5,Main
428,Alec Ingold,RB,LAC,@BUF,0.5,0.4,0.5,0.3,0.4,0.5,2.0,1.6,Main
429,Corey Kiner,RB,NE,@JAX,0.5,0.4,0.5,0.4,0.4,0.5,2.0,1.7,Main
430,Tanner Arkin,TE,NE,@JAX,0.5,0.4,0.6,0.3,0.4,0.5,2.1,1.7,Main
431,Patrick Ricard,RB,NYG,TEN,0.5,0.3,0.5,0.2,0.3,0.5,1.8,1.4,Main
432,Andrew Beck,TE,NYJ,@DET,0.5,0.4,0.6,0.3,0.4,0.5,2.0,1.6,Main
433,Brayden Willis,TE,SF,ARI,0.5,0.4,0.6,0.3,0.4,0.5,2.0,1.6,Main
434,Luke McCaffrey,WR,WAS,SEA,0.5,0.4,0.5,0.3,0.4,0.5,2.0,1.6,Main
435,Jaylin Lane,WR,WAS,SEA,0.5,0.4,0.5,0.3,0.4,0.5,1.9,1.6,Main
436,Rasheen Ali,RB,BAL,DAL,0.4,0.4,0.4,0.4,0.4,0.4,1.5,1.5,Main
437,Roschon Johnson,RB,CHI,PHI,0.4,0.4,0.4,0.3,0.4,0.4,1.7,1.5,Monday
438,Tay Martin,WR,DET,NYJ,0.4,0.3,0.4,0.2,0.3,0.4,1.4,1.2,Main
439,Dean Connors,RB,LA,@DEN,0.4,0.3,0.4,0.3,0.3,0.4,1.7,1.5,Sunday
440,Chris Manhertz,TE,NYG,TEN,0.4,0.3,0.5,0.3,0.3,0.4,1.8,1.5,Main
441,Simi Fehoko,WR,ARI,@SF,0.3,0.3,0.3,0.2,0.3,0.3,1.3,1.1,Main
442,Devin Duvernay,WR,ARI,@SF,0.3,0.2,0.3,0.2,0.2,0.3,1.2,0.9,Main
443,Greg Dortch,WR,BUF,LAC,0.3,0.2,0.3,0.2,0.2,0.3,1.2,0.9,Main
444,Keleki Latu,TE,BUF,LAC,0.3,0.2,0.3,0.2,0.2,0.3,1.0,0.8,Main
445,Feleipe Franks,TE,CAR,@CLE,0.3,0.2,0.3,0.2,0.2,0.3,1.1,0.9,Main
446,Tom Kennedy,WR,DET,NYJ,0.3,0.3,0.3,0.2,0.3,0.3,1.4,1.1,Main
447,Jackson Meeks,TE,DET,NYJ,0.3,0.3,0.4,0.2,0.3,0.3,1.3,1.0,Main
448,Tanner Koziol,TE,JAX,NE,0.3,0.2,0.3,0.2,0.2,0.3,1.1,0.9,Main
449,Ben VanSumeren,RB,KC,@MIA,0.3,0.3,0.3,0.2,0.3,0.3,1.3,1.1,Main
450,Nikko Remigio,WR,KC,@MIA,0.3,0.3,0.3,0.2,0.3,0.3,1.3,1.1,Main
451,Max Klare,TE,LA,@DEN,0.3,0.2,0.3,0.2,0.2,0.3,1.1,0.9,Sunday
452,Jarquez Hunter,RB,MIA,KC,0.3,0.3,0.3,0.3,0.3,0.3,1.0,1.0,Main
453,Tai Felton,WR,MIN,@TB,0.3,0.2,0.3,0.2,0.2,0.3,1.2,1.0,Main
454,Myles Price,WR,MIN,@TB,0.3,0.2,0.3,0.2,0.2,0.3,1.2,0.9,Main
455,Jalen Moreno-Cropper,WR,NO,LV,0.3,0.3,0.3,0.2,0.3,0.3,1.3,1.1,Main
456,Britain Covey,WR,PHI,@CHI,0.3,0.2,0.3,0.2,0.2,0.3,1.2,0.9,Monday
457,Riley Nowakowski,RB,PIT,CIN,0.3,0.2,0.3,0.2,0.2,0.3,1.2,1.0,Main
458,Ben Skowronek,WR,PIT,CIN,0.3,0.3,0.3,0.2,0.3,0.3,1.3,1.0,Main
459,Robert Tonyan,TE,PIT,CIN,0.3,0.2,0.3,0.2,0.2,0.3,1.1,0.9,Main
460,Bauer Sharp,TE,TB,MIN,0.3,0.2,0.3,0.2,0.2,0.3,1.1,0.9,Main
461,Payne Durham,TE,TB,MIN,0.3,0.2,0.3,0.2,0.2,0.3,1.0,0.8,Main
462,Nick Muse,TE,ATL,@GB,0.2,0.2,0.3,0.1,0.2,0.2,0.9,0.7,Thursday
463,Michael Burton,RB,CLE,CAR,0.2,0.1,0.2,0.1,0.1,0.2,0.8,0.6,Main
464,Malachi Corley,WR,CLE,CAR,0.2,0.2,0.2,0.1,0.2,0.2,1.0,0.7,Main
465,Carsen Ryan,TE,CLE,CAR,0.2,0.2,0.3,0.1,0.2,0.2,0.9,0.7,Main
466,Jacob Saylors,RB,DET,NYJ,0.2,0.2,0.2,0.2,0.2,0.2,0.7,0.7,Main
467,Josh Whyle,TE,GB,ATL,0.2,0.2,0.3,0.1,0.2,0.2,1.0,0.8,Thursday
468,Brashard Smith,RB,KC,@MIA,0.2,0.2,0.2,0.2,0.2,0.2,0.7,0.7,Main
469,Max Bredeson,RB,MIN,@TB,0.2,0.2,0.2,0.1,0.2,0.2,0.9,0.7,Main
470,Gavin Bartholomew,TE,MIN,@TB,0.2,0.2,0.3,0.2,0.2,0.2,1.0,0.8,Main
471,Isaiah Davis,RB,NYJ,@DET,0.2,0.2,0.2,0.2,0.2,0.2,1.0,1.0,Main
472,David Martin-Robinson,TE,TEN,@NYG,0.2,0.2,0.3,0.1,0.2,0.2,0.9,0.7,Main
473,British Brooks,RB,HOU,@IND,0.1,0.1,0.1,0.1,0.1,0.1,0.5,0.5,Main
474,Seydou Traore,TE,MIA,KC,0.1,0.1,0.1,0.1,0.1,0.1,0.4,0.3,Main
475,Justin Joly,TE,MIA,KC,0.1,0.1,0.1,0.1,0.1,0.1,0.4,0.3,Main
476,Kameron Johnson,WR,TB,MIN,0.1,0.1,0.1,0.1,0.1,0.1,0.5,0.4,Main
477,Ko Kieft,TE,TB,MIN,0.1,0.1,0.1,0.1,0.1,0.1,0.4,0.3,Main
478,Mason Rudolph,QB,PIT,CIN,0.0,0.0,0.0,0.0,0.0,0.0,1.4,1.4,Main
