,QB,Team,Season,1,2,3,4
4,Brock Purdy,SFO,114.4,101.7,117.64999999999998,119.55,105.94999999999999
31,Lamar Jackson,BAL,113.99999999999999,112.55000000000001,103.85000000000001,112.69999999999999,112.85000000000001
23,Jaxson Dart,NYG,108.80000000000001,111.8,,,
7,Caleb Williams,CHI,108.55000000000001,112.14999999999998,93.05,,
27,Josh Allen,BUF,108.39999999999999,111.04999999999998,113.15,94.60000000000001,98.94999999999999
16,Drew Lock,SEA,107.15,101.15,81.6,,
35,Michael Penix Jr.,ATL,106.04999999999998,,,103.3,106.65
38,Trevor Lawrence,JAX,104.30000000000001,110.39999999999999,90.45,102.69999999999999,102.64999999999999
36,Patrick Mahomes,KAN,103.95,98.94999999999999,102.95,107.95,99.30000000000001
12,Dak Prescott,DAL,103.6,99.35000000000001,109.5,100.30000000000001,100.2
5,Bryce Young,CAR,103.3,104.79999999999998,101.95,72.55000000000001,105.69999999999999
14,Deshaun Watson,CLE,103.19999999999999,100.05000000000001,102.94999999999999,99.95,104.65
24,Jayden Daniels,WAS,102.35000000000001,98.80000000000001,,,
22,Jared Goff,DET,101.85000000000002,95.4,103.04999999999998,103.69999999999999,77.75
6,C.J. Stroud,HOU,101.80000000000001,98.39999999999999,94.75,96.44999999999999,111.64999999999999
25,Joe Burrow,CIN,101.65,99.85,95.3,104.35,100.8
15,Drake Maye,NWE,101.4,98.4,95.8,91.29999999999998,109.69999999999999
33,Marcus Mariota,WAS,100.50000000000001,,,98.75,
17,Geno Smith,NYJ,100.4,97.39999999999999,97.75000000000001,103.35000000000001,
39,Tyler Shough,NOR,100.0,99.5,102.35000000000001,100.65,95.35
10,Case Keenum,CHI,99.55000000000001,,,100.45,
34,Matthew Stafford,LAR,99.5,85.3,108.64999999999999,100.35000000000002,93.7
29,Kirk Cousins,LVR,99.44999999999999,94.30000000000001,100.9,100.85,75.65
37,Sam Darnold,SEA,98.95,,,102.15,95.64999999999999
19,Jalen Hurts,PHI,97.75,104.5,99.7,88.2,91.6
9,Carson Wentz,MIN,97.5,97.05,92.0,,
26,Jordan Love,GNB,96.80000000000001,99.69999999999999,69.45,96.9,97.6
32,Malik Willis,MIA,96.3,95.05,97.9,97.4,
28,Justin Herbert,LAC,95.65,98.80000000000001,93.89999999999999,96.65,95.70000000000002
0,Aaron Rodgers,PIT,95.55000000000001,93.95,84.15,105.8,99.10000000000001
20,Jalon Daniels,TAM,94.85,,,,99.25
2,Baker Mayfield,TAM,94.35,93.0,95.5,93.55,
18,Jacoby Brissett,ARI,94.2,101.05000000000001,89.85,96.7,90.85000000000002
3,Bo Nix,DEN,93.70000000000002,89.05,102.05000000000001,92.85,95.65
40,Tyson Bagent,CHI,93.04999999999998,,,,94.44999999999999
8,Cam Ward,TEN,92.85,94.45,92.19999999999999,90.45,97.44999999999999
1,Athan Kaliakmanis,WAS,92.75,,,,93.85
30,Kyler Murray,MIN,92.55000000000001,,,93.45,92.69999999999999
21,Jameis Winston,NYG,91.7,,83.10000000000001,86.45,77.55
13,Daniel Jones,IND,90.9,90.75,96.3,95.85000000000001,84.60000000000001
11,Cooper Rush,ATL,85.55,66.25,,,
