,RB,Team,Season,1,2,3
45,Kenneth Walker,KAN,116.3,111.2,114.92999999999999,80.9
31,Jahmyr Gibbs,DET,115.83000000000001,106.44999999999999,100.4,111.96
15,Christian McCaffrey,SFO,112.22000000000001,101.71,97.96000000000001,109.44
32,James Cook,BUF,111.19,94.60000000000001,110.98999999999998,83.48
5,Bijan Robinson,ATL,109.88000000000001,98.2,90.53,86.34
3,Ashton Jeanty,LVR,108.47000000000001,96.25,104.61,102.34
37,Jonathan Taylor,IND,108.4,106.69,105.85000000000001,89.88999999999999
13,Chase Brown,CIN,108.21,104.35000000000001,94.64,73.66000000000001
49,Kyren Williams,LAR,108.13000000000001,95.24,78.42,102.25
17,Chuba Hubbard,CAR,107.66999999999999,102.29999999999998,73.02,104.14999999999999
33,Javonte Williams,DAL,107.10000000000001,100.46,102.03,106.63
18,D'Andre Swift,CHI,105.97,87.35,98.94,
67,Travis Etienne,NOR,102.78,87.45,75.12,76.62
21,Derrick Henry,BAL,102.37,82.63,98.86000000000001,78.67
4,Bhayshul Tuten,JAX,101.59,70.34,78.66,79.37
34,Jaylen Warren,PIT,101.1,91.48,91.33,106.00999999999999
58,Rachaad White,WAS,100.73,32.66,94.83,58.12
66,Tony Pollard,TEN,100.35999999999999,32.54,78.85000000000001,99.5
1,Aaron Jones,MIN,100.11,73.88000000000001,72.09,96.64
35,Jeremiyah Love,ARI,99.81,94.61000000000001,85.98000000000002,95.27000000000001
60,Rhamondre Stevenson,NWE,99.38,92.62,60.97,60.76
12,Cam Skattebo,NYG,99.21000000000001,79.2,87.91,99.85
20,De'Von Achane,MIA,98.96,92.38999999999999,104.47999999999999,
30,Jadarian Price,SEA,98.27,69.91,76.23,53.8
8,Breece Hall,NYJ,98.05000000000001,78.85,89.07000000000001,95.4
56,Quinshon Judkins,CLE,97.91,73.84,90.6,68.96000000000001
10,Bucky Irving,TAM,97.74,85.80000000000001,96.44,87.75
55,Omarion Hampton,LAC,95.36000000000001,66.7,77.63000000000001,74.35
71,Tyler Allgeier,ARI,95.07000000000001,75.14,34.32,56.150000000000006
75,Woody Marks,HOU,94.91,58.18,85.19,40.7
29,Jacory Croskey-Merritt,WAS,94.5,75.55,66.86,66.66
19,David Montgomery,HOU,94.4,95.67,52.65,66.64
51,MarShawn Lloyd,GNB,92.62,64.47,53.74,60.06
6,Blake Corum,LAR,92.61999999999999,65.97,76.63,55.37
48,Kyle Monangai,CHI,86.42000000000002,83.92,68.46000000000001,
7,Braelon Allen,NYJ,81.58,66.49,40.76,55.279999999999994
63,Saquon Barkley,PHI,79.36999999999999,72.19,30.84,
54,Ollie Gordon,MIA,78.55999999999999,,,96.21000000000001
2,Alvin Kamara,NOR,76.79,,87.10000000000001,55.71000000000001
43,Keaton Mitchell,LAC,75.65,30.72,31.200000000000003,79.53
24,Emanuel Wilson,SEA,72.92999999999999,,77.95,60.19000000000001
28,JK Dobbins,DEN,72.41,54.339999999999996,74.42,73.77
41,Kaelon Black,SFO,69.05,68.57,56.46,
9,Brian Robinson,ATL,66.5,51.33,67.63,69.98
68,TreVeyon Henderson,NWE,65.52,,71.80000000000001,51.21
14,Chris Rodriguez,JAX,62.41,34.08,58.480000000000004,63.730000000000004
27,George Holani,SEA,62.06000000000001,53.76,39.74,64.98
36,Jonah Coleman,DEN,60.99000000000001,,97.19,
57,RJ Harvey,DEN,60.22,54.5,,61.35000000000001
46,Kenny Gainwell,TAM,56.769999999999996,33.68,54.41,57.42
61,Rico Dowdle,PIT,56.42,76.48,51.510000000000005,
62,Samaje Perine,CIN,55.16,52.89,33.34,53.879999999999995
16,Christopher Brooks,GNB,54.78,34.42,33.42,32.019999999999996
40,Justice Hill,BAL,54.67,35.239999999999995,33.64,33.199999999999996
59,Raheim Sanders,CLE,54.629999999999995,50.81,31.5,57.36
74,Will Shipley,PHI,53.839999999999996,30.14,57.33,
38,Jonathon Brooks,CAR,53.38,31.8,34.019999999999996,
70,Tyjae Spears,TEN,53.36000000000001,54.160000000000004,59.120000000000005,31.5
22,Devin Singletary,NYG,53.11,54.44,30.020000000000003,
25,Emmett Johnson,KAN,53.03,53.879999999999995,32.36,32.14
64,Sione Vaki,DET,52.93000000000001,32.519999999999996,32.120000000000005,33.199999999999996
44,Kendre Miller,NOR,52.900000000000006,53.56,,52.78
42,Kaleb Johnson,GNB,52.099999999999994,,67.85,52.74
72,Tyler Badie,DEN,52.06,,52.27,31.98
47,Kimani Vidal,LAC,51.589999999999996,,,51.739999999999995
39,Jordan Mason,MIN,42.019999999999996,75.93,,
65,Tank Bigsby,PHI,40.660000000000004,,73.19,
52,Mike Washington Jr.,LVR,31.68,30.72,31.86,32.480000000000004
11,CJ Donaldson,NOR,31.54,30.64,32.72,31.62
0,AJ Dillon,CAR,,,,30.200000000000003
23,Dylan Laube,LVR,,29.840000000000003,,
26,Frank Gore Jr.,BUF,,31.68,,
50,LeQuint Allen,JAX,,,30.200000000000003,
53,Najee Harris,NYG,,,,55.33
69,Ty Johnson,BUF,,,,31.92
73,Tyler Goodson,DAL,,,,31.880000000000003
