,Team,ypa offense,ypa defense,Pace,Offense OA,Defense OA,Pace OA,Shootout Score
3,BUF,6.2,5.21,26.47,1.2,1.0,0.94,109.22
2,BAL,6.4,4.97,28.34,1.23,0.96,1.0,109.06
12,DAL,5.27,6.13,26.03,1.02,1.18,0.92,109.04
8,DET,5.64,5.73,27.56,1.09,1.1,0.97,109.0
0,SFO,6.74,4.57,27.73,1.3,0.88,0.98,108.37
5,CAR,5.78,5.5,27.14,1.11,1.06,0.96,108.03
9,CHI,5.57,5.59,28.08,1.07,1.08,0.99,107.12
11,JAX,5.43,5.7,28.68,1.05,1.1,1.01,106.93
1,KAN,6.41,4.75,26.24,1.24,0.91,0.93,106.84
10,CIN,5.52,5.52,30.51,1.06,1.06,1.08,106.37
19,NOR,4.87,5.65,26.55,0.94,1.09,0.94,100.98
28,IND,4.48,5.99,26.68,0.86,1.15,0.94,100.5
20,PIT,4.84,5.56,29.35,0.93,1.07,1.04,100.32
6,ATL,5.73,4.64,29.63,1.1,0.89,1.05,100.11
13,HOU,5.19,5.23,26.63,1.0,1.01,0.94,100.06
15,LVR,5.07,5.29,28.47,0.98,1.02,1.01,99.85
21,MIA,4.71,5.54,31.32,0.91,1.07,1.11,99.4
16,CLE,4.97,5.31,30.03,0.96,1.02,1.06,99.32
25,WAS,4.65,5.62,28.38,0.9,1.08,1.0,98.99
22,DEN,4.7,5.5,28.59,0.91,1.06,1.01,98.31
30,ARI,4.32,5.79,26.86,0.83,1.11,0.95,97.26
14,NWE,5.11,4.94,28.43,0.98,0.95,1.01,96.95
23,LAC,4.68,5.23,28.88,0.9,1.01,1.02,95.82
18,GNB,4.92,4.93,28.09,0.95,0.95,0.99,95.05
4,LAR,5.85,3.99,26.55,1.13,0.77,0.94,94.81
17,NYJ,4.92,4.84,30.86,0.95,0.93,1.09,94.69
26,NYG,4.5,5.19,28.95,0.87,1.0,1.02,93.85
24,TEN,4.65,5.02,27.28,0.9,0.97,0.96,93.33
7,SEA,5.69,3.81,29.22,1.1,0.73,1.03,92.13
27,PHI,4.5,5.0,28.81,0.87,0.96,1.02,92.01
29,TAM,4.42,4.81,27.34,0.85,0.93,0.97,89.29
31,MIN,4.26,4.65,31.13,0.82,0.89,1.1,86.99
