,Week,Team,Shootout Score,Opp,Opp Shootout Score,Game SS
2,5,BAL,109.06,ATL,100.11,104.58
6,5,ATL,100.11,BAL,109.06,104.58
8,5,DET,109.0,ARI,97.26,103.13
30,5,ARI,97.26,DET,109.0,103.13
21,5,MIA,99.4,CIN,106.37,102.88
10,5,CIN,106.37,MIA,99.4,102.88
3,5,BUF,109.22,LAR,94.81,102.02
4,5,LAR,94.81,BUF,109.22,102.02
18,5,GNB,95.05,CHI,107.12,101.08
9,5,CHI,107.12,GNB,95.05,101.08
20,5,PIT,100.32,IND,100.5,100.41
28,5,IND,100.5,PIT,100.32,100.41
0,5,SFO,108.37,SEA,92.13,100.25
7,5,SEA,92.13,SFO,108.37,100.25
11,5,JAX,106.93,PHI,92.01,99.47
27,5,PHI,92.01,JAX,106.93,99.47
29,5,TAM,89.29,DAL,109.04,99.16
12,5,DAL,109.04,TAM,89.29,99.16
15,5,LVR,99.85,NWE,96.95,98.4
14,5,NWE,96.95,LVR,99.85,98.4
23,5,LAC,95.82,DEN,98.31,97.06
22,5,DEN,98.31,LAC,95.82,97.06
17,5,NYJ,94.69,CLE,99.32,97.0
16,5,CLE,99.32,NYJ,94.69,97.0
24,5,TEN,93.33,HOU,100.06,96.7
13,5,HOU,100.06,TEN,93.33,96.7
26,5,NYG,93.85,WAS,98.99,96.42
25,5,WAS,98.99,NYG,93.85,96.42
19,5,NOR,100.98,MIN,86.99,93.98
31,5,MIN,86.99,NOR,100.98,93.98
