,TE,Team,Season,1,2,3
16,Dalton Kincaid,BUF,116.0,115.0,112.0,103.0
28,George Kittle,SFO,114.0,98.0,117.0,114.0
60,Trey McBride,ARI,114.0,113.0,109.0,107.0
59,Travis Kelce,KAN,112.0,107.0,110.0,108.0
5,Brock Bowers,LVR,110.0,,,115.0
33,Isaiah Likely,NYG,110.0,111.0,107.0,102.0
43,Mark Andrews,BAL,109.0,106.0,106.0,105.0
17,Dalton Schultz,HOU,109.0,103.0,110.0,101.0
31,Harold Fannin,CLE,108.0,100.0,107.0,107.0
53,Sam LaPorta,DET,108.0,105.0,108.0,105.0
39,Juwan Johnson,NOR,107.0,104.0,106.0,103.0
40,Kenyon Sadiq,NYJ,106.0,98.0,95.0,110.0
63,Tyler Warren,IND,106.0,102.0,105.0,106.0
4,Brenton Strange,JAX,105.0,102.0,103.0,104.0
7,Cade Otton,TAM,105.0,104.0,105.0,104.0
46,Michael Mayer,LVR,104.0,105.0,103.0,101.0
0,AJ Barner,SEA,104.0,98.0,99.0,106.0
54,TJ Hockenson,MIN,104.0,103.0,106.0,99.0
47,Mike Gesicki,CIN,104.0,109.0,94.0,101.0
61,Tucker Kraft,GNB,103.0,103.0,101.0,100.0
52,Pat Freiermuth,PIT,103.0,102.0,100.0,102.0
19,Darren Waller,CAR,103.0,95.0,102.0,102.0
20,David Njoku,LAC,103.0,104.0,,
15,Dallas Goedert,PHI,103.0,108.0,93.0,
34,Jake Ferguson,DAL,102.0,98.0,105.0,99.0
62,Tyler Higbee,LAR,102.0,,,105.0
29,Greg Dulcich,MIA,102.0,96.0,100.0,104.0
30,Gunnar Helm,TEN,101.0,99.0,101.0,99.0
27,Foster Moreau,HOU,101.0,93.0,,97.0
32,Hunter Henry,NWE,101.0,97.0,107.0,96.0
56,Terrance Ferguson,LAR,101.0,93.0,110.0,
49,Noah Fant,NOR,101.0,98.0,90.0,99.0
18,Darnell Washington,PIT,100.0,93.0,92.0,106.0
14,Colston Loveland,CHI,100.0,102.0,97.0,101.0
35,Jeremy Ruckert,NYJ,99.0,,91.0,101.0
58,Tommy Tremble,CAR,99.0,98.0,96.0,99.0
48,Mitchell Evans,CAR,99.0,,94.0,102.0
26,Evan Engram,DEN,99.0,102.0,98.0,95.0
51,Oronde Gadsden,LAC,98.0,,98.0,97.0
38,Jonnu Smith,GNB,98.0,99.0,,95.0
50,Noah Gray,KAN,98.0,91.0,92.0,
1,Austin Hooper,ATL,97.0,,98.0,
41,Kyle Pitts,ATL,97.0,99.0,96.0,98.0
12,Cole Kmet,CHI,97.0,100.0,92.0,92.0
45,Matthew Hibner,BAL,96.0,,90.0,
42,Luke Farrell,SFO,95.0,95.0,93.0,
57,Theo Johnson,NYG,94.0,93.0,,
21,Dawson Knox,BUF,94.0,93.0,95.0,94.0
3,Blake Whiteheart,CLE,94.0,,,
11,Colby Parkinson,LAR,93.0,96.0,97.0,88.0
36,John Bates,WAS,93.0,,,93.0
22,Drew Sample,CIN,93.0,96.0,91.0,92.0
24,Elijah Arroyo,SEA,93.0,,99.0,89.0
8,Charlie Kolar,LAC,92.0,88.0,100.0,
2,Ben Sinnott,WAS,91.0,88.0,94.0,90.0
13,Colson Yankoff,WAS,91.0,,95.0,92.0
6,Brock Wright,DET,91.0,,,95.0
37,Johnny Mundt,PHI,91.0,,96.0,89.0
23,Durham Smythe,BAL,90.0,,91.0,
44,Mason Taylor,NYJ,89.0,96.0,92.0,
9,Charlie Woerner,ATL,87.0,,89.0,
10,Chig Okonkwo,WAS,,97.0,,
25,Elijah Higgins,ARI,,,,96.0
55,Tanner Hudson,CIN,,,,95.0
64,Zach Ertz,PHI,,,,94.0
