,Team,Defense Grade,Offense Grade,Team Grade
0,LAR,134.0,118.0,126.0
6,SFO,106.0,130.0,118.0
1,SEA,122.0,107.0,114.5
18,BUF,99.0,119.0,109.0
5,ATL,109.0,107.0,108.0
2,NWE,113.0,102.0,107.5
11,BAL,101.0,113.0,107.0
10,KAN,102.0,110.0,106.0
14,CAR,101.0,108.0,104.5
4,DEN,112.0,97.0,104.5
12,GNB,101.0,104.0,102.5
3,NYJ,113.0,92.0,102.5
27,CHI,91.0,112.0,101.5
9,LAC,102.0,99.0,100.5
25,DET,94.0,106.0,100.0
24,MIA,94.0,103.0,98.5
16,LVR,100.0,96.0,98.0
17,TEN,100.0,94.0,97.0
8,PHI,104.0,90.0,97.0
22,PIT,97.0,96.0,96.5
13,HOU,101.0,91.0,96.0
29,JAX,87.0,105.0,96.0
21,CLE,98.0,93.0,95.5
19,NOR,99.0,92.0,95.5
30,CIN,86.0,102.0,94.0
15,TAM,101.0,87.0,94.0
7,MIN,105.0,81.0,93.0
20,NYG,98.0,84.0,91.0
23,IND,96.0,86.0,91.0
26,ARI,93.0,89.0,91.0
31,DAL,83.0,99.0,91.0
28,WAS,88.0,88.0,88.0
