,Player,Week,FPts,xFP,Diff
459,Jaxson Dart,1,26.6,0.0,26.6
457,Jaxon Smith-Njigba,2,45.5,18.95,26.55
240,Davante Adams,2,42.5,17.98,24.52
135,CeeDee Lamb,2,38.3,16.48,21.82
425,Jalen Coker,1,36.8,15.8,21.0
165,Christian Watson,1,35.7,14.72,20.98
202,D'Andre Swift,1,35.4,14.57,20.83
514,Josh Allen,1,38.66,18.82,19.84
278,Derrick Henry,1,38.3,18.75,19.55
932,Zay Flowers,1,29.0,11.2,17.8
93,Brock Purdy,3,31.28,14.05,17.23
533,Justin Jefferson,1,31.2,14.88,16.32
515,Josh Allen,2,40.82,24.99,15.83
26,Amon-Ra St. Brown,2,38.2,22.71,15.49
99,Bryce Young,1,35.44,20.03,15.41
214,Dallas Goedert,1,23.7,8.34,15.36
92,Brock Purdy,2,28.48,13.14,15.34
56,Bijan Robinson,3,38.3,23.31,14.99
118,Caleb Williams,1,37.26,22.38,14.88
495,Jonah Coleman,2,14.8,0.0,14.8
298,Drake London,3,31.4,16.89,14.51
569,Kenneth Walker,1,37.1,22.74,14.36
378,Isaiah Likely,1,27.8,13.44,14.36
352,George Kittle,3,26.2,12.19,14.01
458,Jaxon Smith-Njigba,3,38.36,24.38,13.98
678,Matthew Stafford,2,30.98,17.24,13.74
418,Jake Ferguson,2,20.3,6.76,13.54
579,Kenyon Sadiq,3,26.5,13.01,13.49
868,Tre Tucker,2,25.9,12.56,13.34
872,Trevor Lawrence,1,26.1,12.84,13.26
237,Darren Waller,2,18.3,5.12,13.18
600,Kyle Monangai,1,23.4,10.31,13.09
269,Demarcus Robinson,1,13.0,0.0,13.0
212,Dak Prescott,2,29.76,16.77,12.99
446,Jared Goff,2,32.78,19.86,12.92
175,Cody White,2,16.4,3.51,12.89
346,Geno Smith,3,30.04,17.21,12.83
713,Noah Fant,3,19.3,6.55,12.75
791,Ryan Miller,2,14.7,2.08,12.62
413,Jahmyr Gibbs,3,41.4,28.87,12.53
617,Lamar Jackson,1,28.96,16.48,12.48
794,Sam Darnold,3,32.66,20.28,12.38
538,Juwan Johnson,3,24.3,12.23,12.07
37,Ashton Jeanty,1,35.7,23.75,11.95
511,Jordan Mason,1,11.9,0.0,11.9
171,Chuba Hubbard,1,23.7,12.1,11.6
456,Jaxon Smith-Njigba,1,29.2,17.67,11.53
390,Ja'Marr Chase,2,26.5,15.07,11.43
736,Pat Bryant,3,14.4,3.11,11.29
428,Jalen Hurts,1,24.72,13.49,11.23
862,Travis Kelce,2,28.1,17.19,10.91
815,Stefon Diggs,2,21.7,10.86,10.84
246,David Njoku,1,10.8,0.0,10.8
136,CeeDee Lamb,3,23.2,12.8,10.4
216,Dalton Kincaid,1,21.0,10.66,10.34
351,George Kittle,2,18.0,7.87,10.13
18,Alec Pierce,1,10.1,0.0,10.1
741,Patrick Mahomes,2,31.98,21.95,10.03
863,Travis Kelce,3,13.9,3.9,10.0
242,David Montgomery,1,28.9,19.09,9.81
205,DJ Moore,1,24.0,14.29,9.71
411,Jahmyr Gibbs,1,37.6,27.89,9.71
497,Jonathan Taylor,1,26.1,16.55,9.55
90,Brock Bowers,3,30.6,21.14,9.46
366,Harold Fannin,3,24.1,14.7,9.4
32,Antonio Williams,1,16.4,7.25,9.15
303,Drew Lock,2,21.4,12.4,9.0
274,Denzel Boston,2,20.5,11.7,8.8
832,Tee Higgins,3,21.0,12.31,8.69
217,Dalton Kincaid,2,22.5,13.94,8.56
156,Chris Olave,1,31.2,22.69,8.51
453,Javonte Williams,1,24.2,15.76,8.44
731,Parker Washington,1,19.3,11.05,8.25
343,Garrett Wilson,3,29.7,21.54,8.16
294,Dontayvion Wicks,1,15.3,7.29,8.01
692,Mike Evans,3,18.4,10.43,7.97
420,Jakobi Meyers,1,12.2,4.26,7.94
261,DeVonta Smith,2,30.7,22.77,7.93
220,Dalton Schultz,2,29.0,21.11,7.89
901,Tyler Shough,3,26.8,19.21,7.59
466,Jaylen Waddle,2,24.8,17.22,7.58
693,Mike Gesicki,1,18.8,11.25,7.55
737,Pat Freiermuth,1,15.6,8.08,7.52
132,Carson Wentz,1,19.22,11.74,7.48
694,Mike Gesicki,3,12.7,5.29,7.41
705,Nate Adkins,2,12.8,5.46,7.34
163,Christian McCaffrey,2,22.6,15.27,7.33
126,Cam Ward,2,20.02,12.69,7.33
683,Michael Mayer,3,12.2,4.9,7.3
500,Jonathon Brooks,1,7.2,0.0,7.2
50,Ben Skowronek,3,9.3,2.12,7.18
697,Mike Washington Jr.,3,11.4,4.28,7.12
598,Kyle Juszczyk,2,10.7,3.63,7.07
103,Bucky Irving,1,21.3,14.29,7.01
676,Matthew Hibner,3,10.3,3.37,6.93
265,Deebo Samuel,1,18.0,11.1,6.9
484,Jeremy Ruckert,3,14.9,8.01,6.89
762,Rashee Rice,1,9.9,3.01,6.89
498,Jonathan Taylor,2,29.2,22.35,6.85
25,Amon-Ra St. Brown,1,28.7,21.87,6.83
192,Cooper Kupp,3,14.6,7.79,6.81
614,Ladd McConkey,1,19.2,12.42,6.78
334,Evan Engram,1,14.3,7.54,6.76
728,Oronde Gadsden,2,9.8,3.12,6.68
470,Jaylen Warren,3,23.6,16.95,6.65
740,Patrick Mahomes,1,22.66,16.13,6.53
441,James Cook,3,23.4,16.92,6.48
270,Demarcus Robinson,2,6.4,0.0,6.4
422,Jakobi Meyers,3,19.4,13.03,6.37
67,Bo Nix,3,25.14,18.82,6.32
517,Josh Cameron,1,10.0,3.7,6.3
593,Kirk Cousins,2,21.22,15.03,6.19
526,Joshua Palmer,2,11.3,5.16,6.14
284,Devaughn Vele,1,19.9,13.79,6.11
874,Trevor Lawrence,3,20.78,14.76,6.02
796,Sam LaPorta,2,17.2,11.27,5.93
182,Cole Kmet,1,11.5,5.59,5.91
525,Joshua Palmer,1,10.4,4.51,5.89
273,Denzel Boston,1,13.9,8.06,5.84
41,Austin Hooper,3,9.1,3.28,5.82
577,Kenyon Sadiq,1,11.4,5.59,5.81
879,Treylon Burks,3,9.3,3.54,5.76
610,Kyren Williams,2,16.7,10.94,5.76
164,Christian McCaffrey,3,21.6,15.86,5.74
769,Rashod Bateman,2,21.8,16.08,5.72
155,Chris Moore,3,7.4,1.78,5.62
0,A.J. Brown,1,5.6,0.0,5.6
785,Romeo Doubs,2,12.6,7.01,5.59
619,Lamar Jackson,3,20.44,14.87,5.57
61,Blake Whiteheart,2,8.7,3.16,5.54
690,Mike Evans,1,16.9,11.4,5.5
597,Konata Mumpfield,3,19.3,13.85,5.45
490,Joe Burrow,3,23.58,18.17,5.41
157,Chris Olave,2,22.6,17.2,5.4
313,Eli Raridon,1,7.2,1.8,5.4
819,TJ Hockenson,1,13.6,8.23,5.37
410,Jahdae Walker,1,7.1,1.73,5.37
2,AJ Barner,2,7.9,2.56,5.34
742,Patrick Mahomes,3,16.94,11.61,5.33
12,Aaron Rodgers,3,23.68,18.37,5.31
434,Jalen Royals,2,8.6,3.31,5.29
252,Dawson Knox,2,8.5,3.24,5.26
332,Eric Saubert,3,8.3,3.05,5.25
906,Tyquan Thornton,2,12.6,7.37,5.23
75,Breece Hall,1,22.8,17.61,5.19
870,TreVeyon Henderson,2,13.6,8.44,5.16
229,Darius Cooper,2,10.6,5.44,5.16
167,Christian Watson,3,22.6,17.45,5.15
282,Deshaun Watson,2,19.72,14.6,5.12
86,Brian Robinson,3,11.0,5.9,5.1
342,Garrett Wilson,2,16.7,11.72,4.98
829,Ted Hurst III,3,11.0,6.03,4.97
54,Bijan Robinson,1,31.3,26.37,4.93
100,Bryce Young,2,24.08,19.16,4.92
758,Rachaad White,3,11.1,6.21,4.89
391,Ja'Marr Chase,3,24.8,19.92,4.88
79,Brenton Strange,1,10.3,5.45,4.85
560,Keaton Mitchell,3,13.7,8.87,4.83
518,Josh Cameron,3,8.2,3.38,4.82
544,KaVontae Turpin,3,8.8,4.13,4.67
594,Kirk Cousins,3,22.22,17.55,4.67
440,James Cook,2,23.9,19.4,4.5
91,Brock Purdy,1,22.1,17.61,4.49
537,Juwan Johnson,2,10.6,6.16,4.44
512,Jordan Watkins,3,8.0,3.57,4.43
706,Nate Adkins,3,7.8,3.42,4.38
838,Terry McLaurin,3,19.7,15.32,4.38
392,Jack Bech,1,11.3,6.93,4.37
506,Jordan Addison,3,20.0,15.7,4.3
172,Chuba Hubbard,2,14.4,10.12,4.28
376,Isaac TeSlaa,3,9.6,5.35,4.25
725,Omarion Hampton,2,18.5,14.26,4.24
733,Parker Washington,3,13.0,8.77,4.23
571,Kenneth Walker,3,21.3,17.08,4.22
684,Michael Penix Jr.,3,15.04,10.84,4.2
723,Omar Cooper Jr.,1,4.0,0.0,4.0
920,Woody Marks,3,9.1,5.13,3.97
685,Michael Pittman Jr.,1,8.8,4.88,3.92
933,Zay Flowers,3,15.4,11.49,3.91
781,Roman Wilson,3,15.0,11.1,3.9
475,Jaylin Noel,1,7.3,3.61,3.69
489,Joe Burrow,2,16.18,12.58,3.6
316,Elic Ayomanor,2,8.9,5.31,3.59
287,Devin Singletary,1,13.8,10.24,3.56
622,Laquon Treadwell,2,9.1,5.54,3.56
674,Matthew Golden,3,24.0,20.56,3.44
609,Kyren Williams,1,15.5,12.08,3.42
15,Adonai Mitchell,1,9.0,5.58,3.42
787,Ronnie Rivers,1,3.4,0.0,3.4
834,Terrance Ferguson,2,17.4,14.04,3.36
875,Trey McBride,1,24.5,21.14,3.36
235,Darnell Washington,3,9.7,6.37,3.33
52,Bhayshul Tuten,2,14.2,10.92,3.28
210,DK Metcalf,3,12.1,8.87,3.23
563,Keenan Allen,3,18.3,15.1,3.2
28,Andrei Iosivas,1,3.2,0.0,3.2
657,MarShawn Lloyd,2,9.6,6.5,3.1
660,Marcus Mariota,3,20.42,17.38,3.04
161,Chris Rodriguez,3,9.7,6.69,3.01
887,Ty Johnson,3,9.0,6.0,3.0
151,Chris Godwin,2,8.8,5.81,2.99
566,Kendrick Bourne,1,15.5,12.56,2.94
620,Lan Larison,1,2.9,0.0,2.9
903,Tyler Warren,2,14.4,11.55,2.85
876,Trey McBride,2,18.1,15.32,2.78
889,Tyjae Spears,2,9.0,6.22,2.78
691,Mike Evans,2,8.4,5.63,2.77
53,Bhayshul Tuten,3,17.0,14.28,2.72
72,Braelon Allen,2,8.5,5.79,2.71
315,Elic Ayomanor,1,8.1,5.4,2.7
902,Tyler Warren,1,10.3,7.67,2.63
176,Cody White,3,7.4,4.81,2.59
763,Rashee Rice,2,12.3,9.71,2.59
302,Drew Lock,1,12.78,10.25,2.53
581,Keon Coleman,2,12.3,9.81,2.49
898,Tyler Higbee,3,20.2,17.73,2.47
899,Tyler Shough,1,29.2,26.76,2.44
653,Malik Willis,1,17.7,15.27,2.43
564,Kendre Miller,1,9.0,6.6,2.4
700,Mitchell Evans,3,6.6,4.25,2.35
536,Juwan Johnson,1,14.4,12.11,2.29
724,Omarion Hampton,1,9.3,7.04,2.26
727,Oronde Gadsden,1,5.2,2.94,2.26
122,Cam Skattebo,1,14.1,11.89,2.21
153,Chris Moore,1,6.3,4.12,2.18
754,RJ Harvey,1,8.1,5.92,2.18
279,Derrick Henry,2,17.7,15.54,2.16
338,Foster Moreau,2,5.4,3.25,2.15
444,Jameson Williams,3,8.9,6.75,2.15
711,Nico Collins,1,21.2,19.05,2.15
508,Jordan Love,1,24.48,22.34,2.14
861,Travis Kelce,1,10.1,7.96,2.14
58,Blake Corum,2,10.2,8.09,2.11
419,Jake Ferguson,3,10.3,8.2,2.1
509,Jordan Love,2,13.8,11.7,2.1
19,Alec Pierce,2,2.1,0.0,2.1
388,Ja'Kobi Lane,1,2.1,0.0,2.1
501,Jonathon Brooks,2,2.1,0.0,2.1
866,Tre Harris,3,13.6,11.51,2.09
134,CeeDee Lamb,1,15.4,13.32,2.08
524,Josh Oliver,2,3.4,1.34,2.06
149,Chris Blair,3,2.0,0.0,2.0
295,Dontayvion Wicks,2,12.4,10.41,1.99
289,Devontez Walker,2,5.7,3.74,1.96
228,Dareke Young,2,3.7,1.75,1.95
421,Jakobi Meyers,2,3.8,1.85,1.95
502,Jonnu Smith,1,7.0,5.07,1.93
314,Eli Raridon,2,4.0,2.08,1.92
247,David Njoku,2,1.9,0.0,1.9
654,Malik Willis,2,12.48,10.59,1.89
291,Dohnte Meyers,1,3.8,1.91,1.89
339,Foster Moreau,3,8.7,6.81,1.89
8,Aaron Jones,2,13.5,11.64,1.86
116,Caleb Douglas,1,14.4,12.55,1.85
120,Calvin Ridley,2,5.5,3.66,1.84
817,Sterling Shepard,3,3.3,1.46,1.84
102,Brycen Tremayne,3,12.3,10.47,1.83
551,Kalif Raymond,1,16.4,14.58,1.82
633,Luther Burden,1,10.5,8.7,1.8
535,Justin Jefferson,3,5.2,3.41,1.79
493,John Metchie,3,9.9,8.13,1.77
552,Kalif Raymond,2,9.0,7.24,1.76
611,Kyren Williams,3,21.8,20.08,1.72
615,Ladd McConkey,2,6.5,4.78,1.72
616,Ladd McConkey,3,10.6,8.89,1.71
854,Tory Horton,3,7.8,6.1,1.7
87,Brian Thomas,1,7.0,5.3,1.7
29,Andrei Iosivas,2,1.7,0.0,1.7
236,Darren Waller,1,4.8,3.12,1.68
474,Jaylin Lane,3,3.1,1.44,1.66
341,Garrett Wilson,1,13.9,12.25,1.65
231,Darnell Mooney,2,6.8,5.21,1.59
382,Isaiah Williams,2,10.8,9.23,1.57
913,Wan'Dale Robinson,3,18.7,17.19,1.51
150,Chris Godwin,1,8.3,6.8,1.5
447,Jared Goff,3,19.36,17.86,1.5
882,Troy Franklin,3,3.1,1.6,1.5
827,Ted Hurst III,1,6.6,5.14,1.46
869,Tre Tucker,3,8.3,6.85,1.45
329,Emmett Johnson,2,5.5,4.05,1.45
716,Noah Gray,3,6.9,5.46,1.44
83,Brevyn Spann-Ford,3,2.9,1.47,1.43
575,Kenny Pickett,1,2.4,1.0,1.4
761,Raheim Sanders,3,9.1,7.7,1.4
782,Rome Odunze,1,7.2,5.89,1.31
586,Khadarel Hodge,2,2.8,1.49,1.31
928,Xavier Worthy,2,13.5,12.2,1.3
280,Derrick Henry,3,21.9,20.6,1.3
393,Jack Bech,2,4.5,3.21,1.29
45,Bam Knight,2,2.4,1.11,1.29
559,Keaton Mitchell,2,4.9,3.62,1.28
275,Denzel Boston,3,8.1,6.85,1.25
900,Tyler Shough,2,22.38,21.13,1.25
629,Luke Farrell,1,3.9,2.7,1.2
367,Hunter Henry,1,5.6,4.4,1.2
22,Ameer Abdullah,1,4.2,3.02,1.18
701,Mo Alie-Cox,3,2.6,1.42,1.18
70,Brady Russell,3,3.0,1.83,1.17
462,Jayden Daniels,2,14.74,13.64,1.1
221,Dalton Schultz,3,6.0,4.9,1.1
809,Sione Vaki,2,3.0,1.91,1.09
865,Tre Harris,2,6.3,5.23,1.07
478,Jelani Woods,3,3.0,1.95,1.05
263,DeeJay Dallas,2,3.0,1.97,1.03
349,George Holani,3,10.8,9.78,1.02
401,Jacory Croskey-Merritt,1,12.6,11.58,1.02
365,Harold Fannin,2,10.4,9.41,0.99
643,Malachi Fields,3,3.9,2.91,0.99
623,Laquon Treadwell,3,3.0,2.02,0.98
281,Deshaun Watson,1,15.0,14.03,0.97
137,Charlie Kolar,2,5.1,4.13,0.97
241,Davante Adams,3,23.7,22.74,0.96
850,Tommy Tremble,3,7.1,6.14,0.96
96,Bryce Lance,1,7.2,6.27,0.93
925,Xavier Legette,2,8.4,7.47,0.93
184,Colson Yankoff,2,2.4,1.47,0.93
637,Mack Hollins,2,3.8,2.87,0.93
230,Darnell Mooney,1,4.7,3.78,0.92
699,Mitchell Evans,2,2.3,1.38,0.92
664,Marlin Klein,1,2.6,1.71,0.89
224,Daniel Bellinger,3,3.6,2.71,0.89
233,Darnell Washington,1,3.8,2.93,0.87
248,Davis Allen,1,2.3,1.44,0.86
69,Brady Russell,1,4.0,3.16,0.84
929,Xavier Worthy,3,4.0,3.16,0.84
158,Chris Olave,3,22.7,21.86,0.84
477,Jaylin Noel,3,4.5,3.68,0.82
318,Elijah Arroyo,2,2.7,1.9,0.8
460,Jaxson Dart,2,0.8,0.0,0.8
519,Josh Cuevas,3,2.4,1.6,0.8
840,Tetairoa McMillan,2,18.1,17.31,0.79
325,Emeka Egbuka,1,11.3,10.51,0.79
335,Evan Engram,2,2.7,1.91,0.79
358,Greg Dulcich,1,3.8,3.01,0.79
786,Romeo Doubs,3,7.9,7.13,0.77
907,Tyquan Thornton,3,4.2,3.44,0.76
191,Cooper Kupp,2,4.0,3.24,0.76
858,Travis Homer,2,1.6,0.87,0.73
675,Matthew Hibner,1,2.3,1.6,0.7
636,Mack Hollins,1,9.1,8.4,0.7
814,Stefon Diggs,1,15.5,14.81,0.69
319,Elijah Higgins,3,5.0,4.32,0.68
712,Noah Fant,1,13.3,12.64,0.66
930,Zachariah Branch,2,3.4,2.76,0.64
337,Foster Moreau,1,3.5,2.86,0.64
373,Ian Thomas,2,2.1,1.47,0.63
60,Blake Whiteheart,1,2.4,1.77,0.63
435,Jalen Royals,3,2.1,1.48,0.62
800,Samaje Perine,2,3.2,2.6,0.6
82,Brevyn Spann-Ford,1,3.4,2.81,0.59
631,Luke Schoonmaker,1,2.2,1.64,0.56
529,Justice Hill,3,3.3,2.76,0.54
412,Jahmyr Gibbs,2,23.3,22.76,0.54
783,Rome Odunze,2,7.3,6.77,0.53
180,Colby Parkinson,2,3.5,2.98,0.52
770,Rashod Bateman,3,5.7,5.2,0.5
759,Raheim Sanders,1,5.6,5.1,0.5
1,AJ Barner,1,3.3,2.82,0.48
707,Nate Boerkircher,1,1.9,1.42,0.48
492,John Bates,3,1.9,1.43,0.47
912,Wan'Dale Robinson,2,1.9,1.44,0.46
496,Jonathan Mingo,1,2.0,1.54,0.46
362,Gunnar Helm,2,3.3,2.86,0.44
357,Germie Bernard,3,2.4,1.97,0.43
62,Bo Melton,1,2.0,1.58,0.42
384,J. Michael Sturdivant,3,5.2,4.78,0.42
85,Brian Robinson,2,8.7,8.28,0.42
326,Emeka Egbuka,2,10.3,9.89,0.41
845,Theo Johnson,1,1.9,1.5,0.4
632,Luke Schoonmaker,3,1.9,1.5,0.4
80,Brenton Strange,2,3.7,3.32,0.38
555,Kayshon Boutte,3,4.1,3.73,0.37
612,LaJohntay Wester,1,3.5,3.14,0.36
764,Rashee Rice,3,15.8,15.45,0.35
377,Isaiah Bond,2,2.0,1.65,0.35
666,Marquise Brown,2,1.2,0.85,0.35
777,Rico Dowdle,2,6.4,6.06,0.34
415,Jake Briningstool,1,1.9,1.59,0.31
340,Frank Gore Jr.,1,0.3,0.0,0.3
267,Deebo Samuel,3,1.4,1.1,0.3
251,Dawson Knox,1,1.7,1.41,0.29
799,Samaje Perine,1,8.0,7.72,0.28
582,Keon Coleman,3,4.7,4.42,0.28
542,KaVontae Turpin,1,1.8,1.53,0.27
304,Drew Sample,1,4.9,4.65,0.25
297,Drake London,2,8.9,8.65,0.25
97,Bryce Lance,2,1.8,1.56,0.24
7,Aaron Jones,1,10.0,9.77,0.23
381,Isaiah Williams,1,1.7,1.47,0.23
448,Jared Wayne,1,2.2,1.98,0.22
222,Daniel Bellinger,1,1.7,1.48,0.22
826,Tanner Hudson,3,3.3,3.08,0.22
328,Emmett Johnson,1,8.8,8.59,0.21
47,Ben Sinnott,2,1.6,1.41,0.19
753,Quintin Morris,2,1.7,1.52,0.18
89,Brian Thomas,3,1.8,1.63,0.17
651,Malik Washington,2,8.7,8.54,0.16
583,Kevin Austin,2,1.7,1.54,0.16
33,Antonio Williams,2,5.4,5.25,0.15
860,Travis Hunter,1,2.1,1.95,0.15
464,Jayden Reed,2,1.4,1.26,0.14
94,Brock Wright,1,1.5,1.36,0.14
57,Blake Corum,1,5.4,5.27,0.13
396,Jackson Meeks,3,1.8,1.67,0.13
473,Jaylin Lane,1,1.4,1.27,0.13
797,Sam LaPorta,3,7.4,7.29,0.11
371,Hunter Luepke,1,0.7,0.6,0.1
915,Will Kacmarek,2,1.4,1.3,0.1
730,Oscar Delp,2,1.8,1.74,0.06
249,Davis Allen,2,1.7,1.65,0.05
283,Deshaun Watson,3,20.26,20.22,0.04
211,Dak Prescott,1,15.4,15.36,0.04
46,Barion Brown,1,0.3,0.26,0.04
760,Raheim Sanders,2,2.1,2.07,0.03
190,Cooper Kupp,1,5.5,5.47,0.03
177,Colbie Young,2,1.7,1.67,0.03
482,Jeremy Ruckert,1,1.4,1.37,0.03
808,Sione Vaki,1,2.8,2.79,0.01
487,Jimmy Horn,1,0.0,0.0,0.0
35,Arian Smith,1,0.0,0.0,0.0
455,Javonte Williams,3,18.3,18.31,-0.01
824,Tank Bigsby,2,11.8,11.81,-0.01
170,Christopher Brooks,3,1.4,1.41,-0.01
152,Chris Godwin,3,5.5,5.52,-0.02
911,Wan'Dale Robinson,1,8.8,8.83,-0.03
894,Tyler Badie,2,4.9,4.93,-0.03
659,Marcus Mariota,2,8.74,8.78,-0.04
404,Jadarian Price,1,7.8,7.85,-0.05
561,Keenan Allen,1,9.2,9.25,-0.05
513,Jordan Whittington,1,1.8,1.86,-0.06
720,Olamide Zaccheaus,3,2.9,2.96,-0.06
426,Jalen Coker,2,14.6,14.67,-0.07
895,Tyler Badie,3,2.4,2.48,-0.08
718,Olamide Zaccheaus,1,1.5,1.58,-0.08
364,Harold Fannin,1,4.1,4.2,-0.1
704,Najee Harris,3,5.2,5.31,-0.11
383,Isaiah Williams,3,3.1,3.21,-0.11
385,JK Dobbins,1,3.6,3.72,-0.12
625,LeQuint Allen,3,2.9,3.03,-0.13
825,Tanner Hudson,1,1.4,1.53,-0.13
881,Troy Franklin,2,3.7,3.84,-0.14
370,Hunter Long,3,1.5,1.65,-0.15
271,Demond Claiborne,2,1.2,1.35,-0.15
74,Brashard Smith,3,1.4,1.56,-0.16
193,Cooper Rush,1,7.72,7.88,-0.16
95,Brock Wright,3,2.7,2.87,-0.17
4,AJ Dillon,1,2.8,2.97,-0.17
68,Bradley Pinion,2,0.0,0.18,-0.18
578,Kenyon Sadiq,2,3.7,3.9,-0.2
178,Colbie Young,3,1.2,1.4,-0.2
268,Deion Burks,2,1.4,1.68,-0.28
483,Jeremy Ruckert,2,2.5,2.79,-0.29
714,Noah Gray,1,1.5,1.79,-0.29
710,Nick Mullens,1,-0.3,0.0,-0.3
17,Alec Ingold,3,6.5,6.81,-0.31
262,DeeJay Dallas,1,1.1,1.41,-0.31
445,Jared Goff,1,16.44,16.76,-0.32
128,Cameron Johnston,1,0.0,0.34,-0.34
306,Durham Smythe,1,1.4,1.74,-0.34
793,Sam Darnold,1,0.52,0.88,-0.36
414,Jake Brendel,1,1.2,1.56,-0.36
13,Adam Prentice,2,1.2,1.56,-0.36
735,Pat Bryant,2,1.6,1.97,-0.37
590,Khyiris Tonga,2,0.3,0.67,-0.37
771,Ray Davis,1,0.3,0.68,-0.38
778,Robert Tonyan,3,1.2,1.58,-0.38
638,Mack Hollins,3,14.7,15.09,-0.39
807,Shedeur Sanders,3,0.0,0.4,-0.4
189,Connor Heyward,2,0.1,0.51,-0.41
285,Devaughn Vele,2,11.4,11.81,-0.41
528,Justice Hill,2,3.8,4.21,-0.41
804,Seth McGowan,1,1.0,1.43,-0.43
580,Keon Coleman,1,1.1,1.53,-0.43
110,CJ Donaldson,2,0.2,0.63,-0.43
670,Mason Rudolph,2,0.3,0.74,-0.44
507,Jordan James,2,1.5,1.96,-0.46
145,Chris Bell,1,3.5,3.98,-0.48
530,Justin Herbert,1,14.26,14.74,-0.48
471,Jaylen Wright,1,-0.1,0.39,-0.49
548,Kai Kroeger,2,0.0,0.49,-0.49
516,Josh Allen,3,20.46,20.97,-0.51
49,Ben Skowronek,2,1.2,1.71,-0.51
682,Michael Mayer,2,5.3,5.82,-0.52
117,Caleb Douglas,2,3.9,4.43,-0.53
256,De'Von Achane,3,1.7,2.24,-0.54
673,Matthew Golden,2,9.8,10.35,-0.55
916,Will Shipley,1,2.2,2.75,-0.55
679,Matthew Stafford,3,25.9,26.46,-0.56
661,Mark Andrews,1,8.9,9.47,-0.57
722,Ollie Gordon,3,14.5,15.09,-0.59
417,Jake Ferguson,1,2.6,3.19,-0.59
196,Corey Kiner,2,0.0,0.6,-0.6
264,DeeJay Dallas,3,0.2,0.81,-0.61
820,TJ Hockenson,2,5.9,6.52,-0.62
76,Breece Hall,2,14.2,14.82,-0.62
111,CJ Donaldson,3,0.5,1.14,-0.64
613,LaJohntay Wester,2,2.4,3.05,-0.65
909,Tyrone Tracy,3,0.3,0.96,-0.66
106,C.J. Stroud,1,18.46,19.12,-0.66
113,Cade Otton,2,8.8,9.47,-0.67
908,Tyrone Tracy,1,0.4,1.07,-0.67
42,Baker Mayfield,1,14.64,15.32,-0.68
823,Tank Bigsby,1,0.3,0.98,-0.68
662,Mark Andrews,2,10.9,11.6,-0.7
188,Connor Heyward,1,0.1,0.8,-0.7
640,Makai Lemon,2,1.9,2.61,-0.71
361,Gunnar Helm,1,6.8,7.52,-0.72
568,Kendrick Bourne,3,4.2,4.92,-0.72
115,Cade Stover,1,0.8,1.54,-0.74
734,Pat Bryant,1,8.2,8.95,-0.75
266,Deebo Samuel,2,6.5,7.26,-0.76
359,Greg Dulcich,2,3.7,4.46,-0.76
721,Ollie Gordon,2,0.7,1.46,-0.76
687,Michael Wilson,1,10.6,11.37,-0.77
23,Ameer Abdullah,2,2.3,3.07,-0.77
206,DJ Moore,2,-0.1,0.69,-0.79
143,Chimere Dike,1,0.7,1.49,-0.79
232,Darnell Mooney,3,4.9,5.7,-0.8
311,Efton Chism,2,0.8,1.6,-0.8
553,Kayshon Boutte,1,3.1,3.91,-0.81
755,RJ Harvey,3,10.7,11.54,-0.84
250,Davis Allen,3,3.9,4.74,-0.84
479,Jeremiyah Love,1,13.0,13.85,-0.85
792,Ryan Miller,3,3.5,4.35,-0.85
767,Rashid Shaheed,3,3.4,4.25,-0.85
543,KaVontae Turpin,2,0.1,0.97,-0.87
218,Dalton Kincaid,3,4.8,5.68,-0.88
695,Mike Washington Jr.,1,4.1,4.98,-0.88
372,Hunter Luepke,2,0.1,0.99,-0.89
818,Stetson Bennett,1,1.42,2.31,-0.89
472,Jaylen Wright,2,1.1,2.02,-0.92
897,Tyler Higbee,1,2.2,3.12,-0.92
918,Woody Marks,1,5.0,5.92,-0.92
320,Emanuel Wilson,1,0.3,1.22,-0.92
859,Travis Homer,3,0.0,0.96,-0.96
877,Trey McBride,3,16.5,17.46,-0.96
596,Konata Mumpfield,2,2.2,3.18,-0.98
253,Dawson Knox,3,1.5,2.49,-0.99
738,Pat Freiermuth,2,7.4,8.4,-1.0
835,Terrance Ferguson,3,1.9,2.9,-1.0
199,Courtland Sutton,2,5.5,6.51,-1.01
757,Rachaad White,2,14.3,15.31,-1.01
521,Josh Downs,2,14.2,15.21,-1.01
576,Kenny Pickett,2,-0.4,0.65,-1.05
557,Kaytron Allen,2,2.4,3.46,-1.06
606,Kyle Williams,3,4.4,5.47,-1.07
323,Emari Demercado,1,0.7,1.78,-1.08
635,Mac Jones,2,-0.2,0.89,-1.09
549,Kaleb Johnson,2,3.2,4.3,-1.1
886,Tutu Atwell,2,2.9,4.01,-1.11
626,Lew Nichols III,3,0.0,1.14,-1.14
400,Jacoby Brissett,3,25.6,26.75,-1.15
144,Chimere Dike,3,0.3,1.46,-1.16
883,Tucker Kraft,1,9.5,10.67,-1.17
567,Kendrick Bourne,2,3.1,4.28,-1.18
51,Bhayshul Tuten,1,9.8,11.01,-1.21
780,Roman Wilson,2,7.8,9.03,-1.23
831,Tee Higgins,2,14.5,15.73,-1.23
481,Jeremiyah Love,3,21.9,23.13,-1.23
258,DeMario Douglas,2,1.9,3.14,-1.24
856,Travis Etienne,2,7.1,8.36,-1.26
756,Rachaad White,1,4.7,5.96,-1.26
6,AJ Dillon,3,2.4,3.67,-1.27
36,Ashton Dulin,1,0.0,1.27,-1.27
668,Marvin Harrison Jr.,2,0.0,1.28,-1.28
884,Tucker Kraft,2,3.5,4.79,-1.29
197,Corey Kiner,3,3.7,4.99,-1.29
14,Adam Trautman,1,3.0,4.3,-1.3
469,Jaylen Warren,2,9.7,11.01,-1.31
605,Kyle Williams,2,2.0,3.34,-1.34
931,Zachariah Branch,3,1.7,3.06,-1.36
494,Johnny Mundt,2,2.8,4.16,-1.36
772,Reggie Gilliam,2,1.4,2.77,-1.37
48,Ben Sinnott,3,0.0,1.38,-1.38
234,Darnell Washington,2,1.7,3.08,-1.38
702,Myles Price,2,0.0,1.39,-1.39
805,Seth McGowan,2,0.0,1.39,-1.39
503,Jonnu Smith,3,3.6,5.0,-1.4
223,Daniel Bellinger,2,0.0,1.4,-1.4
114,Cade Otton,3,8.6,10.03,-1.43
272,Demond Claiborne,3,0.1,1.53,-1.43
183,Cole Kmet,2,0.0,1.43,-1.43
914,Will Kacmarek,1,0.0,1.43,-1.43
21,Alvin Kamara,3,5.1,6.53,-1.43
627,Lewis Bond,3,0.0,1.44,-1.44
744,Payne Durham,3,0.0,1.44,-1.44
138,Charlie Woerner,2,0.0,1.44,-1.44
146,Chris Bell,2,0.0,1.45,-1.45
667,Marvin Harrison Jr.,1,4.3,5.75,-1.45
649,Malik Nabers,3,7.6,9.05,-1.45
491,John Bates,1,3.3,4.76,-1.46
592,Kirk Cousins,1,15.8,17.27,-1.47
461,Jayden Daniels,1,17.66,19.13,-1.47
307,Durham Smythe,2,0.0,1.47,-1.47
201,Cyrus Allen,1,0.0,1.48,-1.48
63,Bo Melton,2,0.0,1.48,-1.48
121,Calvin Ridley,3,0.0,1.48,-1.48
608,Kyler Murray,3,11.42,12.9,-1.48
810,Sione Vaki,3,4.7,6.19,-1.49
486,Jerry Jeudy,2,0.0,1.5,-1.5
292,Dohnte Meyers,2,0.0,1.5,-1.5
374,Isaac TeSlaa,1,0.0,1.5,-1.5
31,Andrew Ogletree,2,0.0,1.5,-1.5
709,Nicholas Singleton,2,1.0,2.5,-1.5
185,Colson Yankoff,3,1.2,2.7,-1.5
601,Kyle Monangai,2,7.8,9.31,-1.51
715,Noah Gray,2,0.0,1.51,-1.51
698,Mitchell Evans,1,1.9,3.42,-1.52
604,Kyle Pitts,3,1.5,3.02,-1.52
539,KC Concepcion,1,8.8,10.33,-1.53
890,Tyjae Spears,3,0.5,2.03,-1.53
680,Michael Burton,3,0.0,1.53,-1.53
81,Brenton Strange,3,6.2,7.73,-1.53
277,Derius Davis,2,0.0,1.54,-1.54
296,Drake London,1,5.5,7.05,-1.55
752,Quintin Morris,1,0.0,1.57,-1.57
443,Jameson Williams,2,5.3,6.87,-1.57
510,Jordan Love,3,22.48,24.06,-1.58
324,Emari Demercado,2,0.8,2.38,-1.58
621,Laquon Treadwell,1,0.0,1.59,-1.59
142,Chig Okonkwo,1,3.6,5.19,-1.59
179,Colby Parkinson,1,1.6,3.2,-1.6
520,Josh Downs,1,5.7,7.31,-1.61
416,Jake Briningstool,3,0.0,1.62,-1.62
743,Patrick Ricard,1,0.0,1.63,-1.63
430,Jalen McMillan,3,0.0,1.64,-1.64
485,Jerry Jeudy,1,4.6,6.24,-1.64
424,Jalen Brooks,3,0.0,1.66,-1.66
926,Xavier Smith,2,0.0,1.66,-1.66
368,Hunter Henry,2,7.0,8.66,-1.66
27,Amon-Ra St. Brown,3,11.9,13.56,-1.66
788,Ryan Flournoy,1,4.2,5.87,-1.67
669,Marvin Harrison Jr.,3,7.0,8.67,-1.67
618,Lamar Jackson,2,15.8,17.51,-1.71
30,Andrew Ogletree,1,0.0,1.71,-1.71
331,Eric Saubert,2,0.0,1.73,-1.73
5,AJ Dillon,2,-0.3,1.44,-1.74
708,Nate Boerkircher,3,0.0,1.75,-1.75
260,DeVonta Smith,1,8.3,10.05,-1.75
181,Colby Parkinson,3,0.0,1.75,-1.75
556,Kaytron Allen,1,1.6,3.36,-1.76
628,Lil'Jordan Humphrey,2,0.0,1.76,-1.76
892,Tyler Allgeier,2,3.9,5.68,-1.78
844,Tez Johnson,3,1.8,3.61,-1.81
880,Troy Franklin,1,0.5,2.32,-1.82
369,Hunter Henry,3,1.5,3.32,-1.82
360,Greg Dulcich,3,10.5,12.32,-1.82
174,Cody White,1,0.0,1.83,-1.83
717,Odell Beckham Jr.,3,0.0,1.83,-1.83
540,KC Concepcion,2,8.2,10.04,-1.84
587,Khalil Shakir,1,8.0,9.84,-1.84
802,Saquon Barkley,1,9.0,10.84,-1.84
774,Rhamondre Stevenson,2,4.6,6.44,-1.84
238,Darren Waller,3,10.1,11.95,-1.85
681,Michael Mayer,1,9.2,11.05,-1.85
812,Skyy Moore,2,2.6,4.46,-1.86
602,Kyle Pitts,1,0.0,1.86,-1.86
243,David Montgomery,2,4.4,6.27,-1.87
803,Saquon Barkley,2,3.0,4.87,-1.87
310,Dyami Brown,3,0.0,1.9,-1.9
603,Kyle Pitts,2,2.5,4.4,-1.9
624,LeQuint Allen,2,0.0,1.91,-1.91
595,Konata Mumpfield,1,0.0,1.92,-1.92
215,Dallas Goedert,2,1.4,3.32,-1.92
630,Luke Farrell,3,0.0,1.92,-1.92
768,Rashod Bateman,1,0.0,1.94,-1.94
451,Jauan Jennings,1,0.0,1.94,-1.94
833,Terrance Ferguson,1,0.0,1.95,-1.95
607,Kyler Murray,1,0.62,2.58,-1.96
312,Efton Chism,3,1.74,3.7,-1.96
330,Emmett Johnson,3,1.7,3.66,-1.96
40,Austin Hooper,2,4.0,5.97,-1.97
293,Dohnte Meyers,3,5.9,7.87,-1.97
423,Jaleel McLaughlin,2,0.3,2.27,-1.97
646,Malik Benson,3,0.0,1.97,-1.97
806,Seth McGowan,3,1.4,3.37,-1.97
645,Malik Benson,2,0.0,1.99,-1.99
523,Josh Oliver,1,4.2,6.2,-2.0
811,Skyy Moore,1,0.0,2.01,-2.01
739,Pat Freiermuth,3,5.1,7.12,-2.02
789,Ryan Flournoy,2,7.3,9.33,-2.03
213,Dak Prescott,3,18.94,20.98,-2.04
527,Justice Hill,1,3.8,5.84,-2.04
169,Christopher Brooks,2,3.6,5.67,-2.07
195,Corey Kiner,1,1.1,3.18,-2.08
345,Geno Smith,2,15.58,17.68,-2.1
847,Tommy DeVito,3,1.4,3.5,-2.1
849,Tommy Tremble,2,1.4,3.5,-2.1
44,Baker Mayfield,3,12.28,14.38,-2.1
904,Tyler Warren,3,14.7,16.8,-2.1
130,Carnell Tate,2,5.7,7.83,-2.13
893,Tyler Allgeier,3,4.9,7.03,-2.13
545,Kaelon Black,1,8.0,10.13,-2.13
452,Jauan Jennings,3,1.1,3.24,-2.14
554,Kayshon Boutte,2,6.7,8.85,-2.15
795,Sam LaPorta,1,9.8,11.96,-2.16
204,DJ Herman,2,2.8,4.96,-2.16
64,Bo Melton,3,0.0,2.16,-2.16
141,Chase Brown,3,8.9,11.08,-2.18
853,Tony Pollard,3,13.6,15.79,-2.19
647,Malik Nabers,1,12.9,15.09,-2.19
290,Devontez Walker,3,0.0,2.19,-2.19
129,Carnell Tate,1,7.8,9.99,-2.19
905,Tyquan Thornton,1,0.0,2.2,-2.2
546,Kaelon Black,2,2.5,4.71,-2.21
395,Jackson Hawes,3,0.0,2.21,-2.21
288,Devin Singletary,2,0.9,3.14,-2.24
168,Christopher Brooks,1,2.9,5.14,-2.24
333,Erick All,2,2.5,4.76,-2.26
665,Marquez Valdes-Scantling,3,0.0,2.28,-2.28
159,Chris Rodriguez,1,2.3,4.59,-2.29
147,Chris Bell,3,10.7,13.04,-2.34
910,Tyson Bagent,2,2.16,4.51,-2.35
276,Derius Davis,1,0.0,2.36,-2.36
830,Tee Higgins,1,8.9,11.27,-2.37
173,Chuba Hubbard,3,15.0,17.39,-2.39
300,Drake Maye,2,9.02,11.42,-2.4
305,Drew Sample,3,1.0,3.41,-2.41
3,AJ Barner,3,11.9,14.32,-2.42
534,Justin Jefferson,2,8.5,10.94,-2.44
24,Ameer Abdullah,3,0.2,2.68,-2.48
878,Treylon Burks,2,0.0,2.48,-2.48
558,Keaton Mitchell,1,0.9,3.41,-2.51
347,George Holani,1,2.9,5.42,-2.52
773,Rhamondre Stevenson,1,14.5,17.08,-2.58
867,Tre Tucker,1,4.7,7.28,-2.58
66,Bo Nix,2,15.12,17.71,-2.59
355,George Pickens,3,15.2,17.81,-2.61
572,Kenny Gainwell,1,2.8,5.41,-2.61
641,Malachi Fields,1,4.5,7.15,-2.65
852,Tony Pollard,2,7.5,10.17,-2.67
565,Kendre Miller,3,3.9,6.58,-2.68
843,Tez Johnson,2,5.9,8.59,-2.69
855,Travis Etienne,1,14.8,17.51,-2.71
433,Jalen Nailor,3,2.6,5.32,-2.72
591,Kimani Vidal,3,3.0,5.72,-2.72
436,Jalon Daniels,3,-0.1,2.63,-2.73
407,Jahan Dotson,1,2.9,5.66,-2.76
663,Mark Andrews,3,5.4,8.17,-2.77
65,Bo Nix,1,7.44,10.23,-2.79
78,Brenen Thompson,2,2.3,5.1,-2.8
848,Tommy Tremble,1,5.5,8.31,-2.81
857,Travis Etienne,3,9.0,11.82,-2.82
748,Quentin Johnston,3,7.0,9.83,-2.83
480,Jeremiyah Love,2,7.5,10.33,-2.83
871,TreVeyon Henderson,3,3.9,6.73,-2.83
336,Evan Engram,3,0.0,2.84,-2.84
429,Jalen Hurts,2,18.16,21.02,-2.86
317,Elic Ayomanor,3,2.1,4.96,-2.86
402,Jacory Croskey-Merritt,2,5.8,8.67,-2.87
639,Makai Lemon,1,2.5,5.38,-2.88
851,Tony Pollard,1,4.4,7.3,-2.9
671,Mason Taylor,1,1.8,4.7,-2.9
112,Cade Otton,1,5.6,8.51,-2.91
468,Jaylen Warren,1,11.3,14.22,-2.92
775,Rhamondre Stevenson,3,6.8,9.75,-2.95
531,Justin Herbert,2,9.88,12.83,-2.95
386,JK Dobbins,2,3.6,6.55,-2.95
842,Tez Johnson,1,-0.4,2.55,-2.95
431,Jalen Nailor,1,5.7,8.67,-2.97
703,Najee Harris,2,0.6,3.57,-2.97
839,Tetairoa McMillan,1,11.5,14.5,-3.0
125,Cam Ward,1,11.7,14.7,-3.0
547,Kaelon Black,3,1.7,4.72,-3.02
432,Jalen Nailor,2,1.9,4.94,-3.04
888,Tyjae Spears,1,4.4,7.46,-3.06
822,Tai Felton,3,0.0,3.06,-3.06
160,Chris Rodriguez,2,1.3,4.36,-3.06
139,Chase Brown,1,18.8,21.88,-3.08
465,Jaylen Waddle,1,1.2,4.3,-3.1
821,TJ Hockenson,3,3.1,6.2,-3.1
34,Antonio Williams,3,3.5,6.61,-3.11
109,CJ Donaldson,1,1.2,4.31,-3.11
689,Michael Wilson,3,25.9,29.01,-3.11
696,Mike Washington Jr.,2,0.7,3.82,-3.12
644,Malik Benson,1,0.8,3.92,-3.12
348,George Holani,2,2.5,5.64,-3.14
327,Emeka Egbuka,3,11.2,14.34,-3.14
408,Jahan Dotson,2,3.1,6.26,-3.16
409,Jahan Dotson,3,2.1,5.26,-3.16
476,Jaylin Noel,2,5.4,8.59,-3.19
73,Braelon Allen,3,4.7,7.89,-3.19
924,Xavier Legette,1,0.0,3.2,-3.2
584,Kevin Coleman,1,0.0,3.22,-3.22
836,Terry McLaurin,1,3.4,6.62,-3.22
131,Carnell Tate,3,11.8,15.03,-3.23
244,David Montgomery,3,6.8,10.06,-3.26
354,George Pickens,2,10.0,13.27,-3.27
389,Ja'Marr Chase,1,3.2,6.47,-3.27
363,Gunnar Helm,3,3.4,6.67,-3.27
226,Daniel Jones,2,12.4,15.69,-3.29
816,Stefon Diggs,3,7.3,10.6,-3.3
399,Jacoby Brissett,2,7.5,10.81,-3.31
798,Sam Roush,2,1.9,5.22,-3.32
84,Brian Robinson,1,3.1,6.43,-3.33
254,De'Von Achane,1,10.6,13.93,-3.33
123,Cam Skattebo,2,9.5,12.85,-3.35
896,Tyler Goodson,3,2.7,6.06,-3.36
719,Olamide Zaccheaus,2,1.3,4.66,-3.36
438,Jameis Winston,3,6.12,9.49,-3.37
550,Kaleb Johnson,3,2.6,5.97,-3.37
187,Colston Loveland,2,1.3,4.7,-3.4
203,D'Andre Swift,2,13.9,17.31,-3.41
745,Puka Nacua,1,12.4,15.87,-3.47
599,Kyle Juszczyk,3,0.0,3.48,-3.48
148,Chris Blair,2,1.6,5.08,-3.48
765,Rashid Shaheed,1,1.4,4.9,-3.5
751,Quinshon Judkins,3,9.9,13.41,-3.51
589,Khalil Shakir,3,1.6,5.11,-3.51
504,Jordan Addison,1,0.0,3.54,-3.54
55,Bijan Robinson,2,11.1,14.65,-3.55
588,Khalil Shakir,2,6.8,10.36,-3.56
923,Xavier Hutchinson,3,8.5,12.06,-3.56
108,C.J. Stroud,3,11.68,15.26,-3.58
299,Drake Maye,1,12.82,16.47,-3.65
427,Jalen Coker,3,3.8,7.51,-3.71
573,Kenny Gainwell,2,4.5,8.24,-3.74
397,Jacob Cowing,3,0.0,3.76,-3.76
225,Daniel Jones,1,10.04,13.87,-3.83
119,Caleb Williams,2,8.72,12.61,-3.89
322,Emanuel Wilson,3,1.4,5.3,-3.9
864,Tre Harris,1,5.0,8.92,-3.92
166,Christian Watson,2,14.1,18.04,-3.94
308,Dyami Brown,1,0.0,3.94,-3.94
257,DeMario Douglas,1,7.0,10.96,-3.96
380,Isaiah Likely,3,3.3,7.27,-3.97
104,Bucky Irving,2,13.0,17.01,-4.01
766,Rashid Shaheed,2,6.9,10.92,-4.02
732,Parker Washington,2,16.8,20.82,-4.02
921,Xavier Hutchinson,1,6.2,10.26,-4.06
186,Colston Loveland,1,0.0,4.06,-4.06
286,Devaughn Vele,3,6.9,11.02,-4.12
917,Will Shipley,2,4.9,9.03,-4.13
207,DJ Moore,3,12.7,16.83,-4.13
219,Dalton Schultz,1,7.5,11.67,-4.17
750,Quinshon Judkins,2,9.8,13.99,-4.19
658,MarShawn Lloyd,3,3.8,8.01,-4.21
9,Aaron Jones,3,14.2,18.47,-4.27
505,Jordan Addison,2,4.1,8.42,-4.32
841,Tetairoa McMillan,3,3.7,8.05,-4.35
162,Christian McCaffrey,1,13.8,18.16,-4.36
353,George Pickens,1,5.8,10.17,-4.37
488,Joe Burrow,1,15.16,19.54,-4.38
71,Braelon Allen,1,4.0,8.4,-4.4
749,Quinshon Judkins,1,7.0,11.4,-4.4
375,Isaac TeSlaa,2,4.6,9.03,-4.43
200,Courtland Sutton,3,7.6,12.04,-4.44
239,Davante Adams,1,5.6,10.09,-4.49
398,Jacoby Brissett,1,16.48,21.02,-4.54
439,James Cook,1,9.9,14.47,-4.57
133,Carson Wentz,2,6.32,10.92,-4.6
245,David Moore,3,0.0,4.61,-4.61
154,Chris Moore,2,1.6,6.22,-4.62
194,Cooper Rush,2,2.44,7.07,-4.63
394,Jack Strand,2,1.96,6.59,-4.63
570,Kenneth Walker,2,26.8,31.47,-4.67
450,Jared Wayne,3,3.0,7.7,-4.7
107,C.J. Stroud,2,20.02,24.73,-4.71
198,Courtland Sutton,1,3.1,7.89,-4.79
927,Xavier Worthy,1,4.8,9.63,-4.83
686,Michael Pittman Jr.,3,3.6,8.45,-4.85
729,Oronde Gadsden,3,0.0,4.85,-4.85
891,Tyler Allgeier,1,9.0,13.85,-4.85
77,Breece Hall,3,8.5,13.47,-4.97
574,Kenny Gainwell,3,3.0,8.0,-5.0
98,Bryce Lance,3,0.0,5.07,-5.07
350,George Kittle,1,3.2,8.28,-5.08
406,Jadarian Price,3,2.2,7.3,-5.1
259,DeMario Douglas,3,4.8,9.92,-5.12
746,Quentin Johnston,1,3.7,8.91,-5.21
672,Matthew Golden,1,15.5,20.71,-5.21
344,Geno Smith,1,9.3,14.56,-5.26
801,Samaje Perine,3,2.4,7.77,-5.37
124,Cam Skattebo,3,13.0,18.4,-5.4
309,Dyami Brown,2,5.1,10.55,-5.45
532,Justin Herbert,3,13.74,19.29,-5.55
885,Tucker Kraft,3,6.6,12.17,-5.57
813,Skyy Moore,3,6.1,11.68,-5.58
784,Romeo Doubs,1,0.0,5.62,-5.62
779,Roman Wilson,1,5.6,11.22,-5.62
88,Brian Thomas,2,7.0,12.65,-5.65
467,Jaylen Waddle,3,6.4,12.16,-5.76
127,Cam Ward,3,10.44,16.27,-5.83
405,Jadarian Price,2,6.0,11.84,-5.84
585,Kevin Coleman,3,1.3,7.3,-6.0
101,Bryce Young,3,14.64,20.7,-6.06
356,Germie Bernard,2,7.5,13.62,-6.12
59,Blake Corum,3,3.5,9.64,-6.14
656,MarShawn Lloyd,1,3.7,9.9,-6.2
634,Luther Burden,2,6.2,12.41,-6.21
648,Malik Nabers,2,1.1,7.34,-6.24
105,Bucky Irving,3,7.8,14.07,-6.27
562,Keenan Allen,2,1.5,7.9,-6.4
463,Jayden Reed,1,5.0,11.48,-6.48
642,Malachi Fields,2,5.0,11.49,-6.49
747,Quentin Johnston,2,2.4,8.99,-6.59
140,Chase Brown,2,11.2,17.85,-6.65
39,Ashton Jeanty,3,12.3,19.09,-6.79
726,Omarion Hampton,3,5.6,12.52,-6.92
454,Javonte Williams,2,8.0,15.05,-7.05
16,Adonai Mitchell,2,12.3,19.37,-7.07
209,DK Metcalf,2,6.7,13.83,-7.13
650,Malik Washington,1,7.3,14.45,-7.15
449,Jared Wayne,2,5.3,12.46,-7.16
846,Theo Johnson,2,0.0,7.28,-7.28
919,Woody Marks,2,8.5,15.84,-7.34
688,Michael Wilson,2,3.8,11.25,-7.45
652,Malik Washington,3,11.1,18.55,-7.45
442,Jameson Williams,1,8.5,15.96,-7.46
379,Isaiah Likely,2,8.3,15.84,-7.54
776,Rico Dowdle,1,4.1,11.64,-7.54
522,Josh Downs,3,12.7,20.33,-7.63
20,Alvin Kamara,2,7.2,14.83,-7.63
677,Matthew Stafford,1,5.1,12.92,-7.82
43,Baker Mayfield,2,13.18,21.12,-7.94
873,Trevor Lawrence,2,7.16,15.18,-8.02
10,Aaron Rodgers,1,12.54,20.59,-8.05
387,JK Dobbins,3,6.3,14.47,-8.17
922,Xavier Hutchinson,2,6.7,15.3,-8.6
227,Daniel Jones,3,10.9,19.62,-8.72
828,Ted Hurst III,2,4.7,13.43,-8.73
403,Jacory Croskey-Merritt,3,5.3,14.2,-8.9
301,Drake Maye,3,6.76,16.03,-9.27
321,Emanuel Wilson,2,9.2,18.56,-9.36
837,Terry McLaurin,2,7.0,16.43,-9.43
11,Aaron Rodgers,2,5.98,15.83,-9.85
790,Ryan Flournoy,3,4.2,14.07,-9.87
208,DK Metcalf,1,8.0,18.2,-10.2
255,De'Von Achane,2,12.3,22.73,-10.43
655,Malik Willis,3,12.0,22.45,-10.45
541,KC Concepcion,3,2.9,13.64,-10.74
499,Jonathan Taylor,3,9.2,20.08,-10.88
437,Jameis Winston,2,3.54,14.86,-11.32
38,Ashton Jeanty,2,10.3,25.55,-15.25
197,Jaxon Smith-Njigba,All,113.06,61.0,52.06
42,Brock Purdy,All,81.86,44.8,37.06
226,Josh Allen,All,99.94,64.78,35.16
60,CeeDee Lamb,All,76.9,42.6,34.3
198,Jaxson Dart,All,27.4,0.0,27.4
382,Travis Kelce,All,52.1,29.05,23.05
119,Derrick Henry,All,77.9,54.89,23.01
177,Jahmyr Gibbs,All,102.3,79.52,22.78
73,Christian Watson,All,72.4,50.21,22.19
328,Patrick Mahomes,All,71.58,49.69,21.89
412,Zay Flowers,All,44.4,22.69,21.71
103,Davante Adams,All,71.8,50.81,20.99
12,Amon-Ra St. Brown,All,78.8,58.14,20.66
115,Demarcus Robinson,All,19.4,0.0,19.4
251,Kenyon Sadiq,All,41.6,22.5,19.1
149,George Kittle,All,47.4,28.34,19.06
235,Juwan Johnson,All,49.3,30.5,18.8
94,Dalton Kincaid,All,48.3,30.28,18.02
88,D'Andre Swift,All,49.3,31.88,17.42
184,Jalen Coker,All,55.2,37.98,17.22
26,Bijan Robinson,All,80.7,64.33,16.37
269,Lamar Jackson,All,65.2,48.86,16.34
181,Jakobi Meyers,All,35.4,19.14,16.26
304,Mike Evans,All,43.7,27.46,16.24
117,Denzel Boston,All,42.5,26.61,15.89
234,Justin Jefferson,All,44.9,29.23,15.67
180,Jake Ferguson,All,33.2,18.15,15.05
305,Mike Gesicki,All,31.5,16.54,14.96
215,Jonah Coleman,All,14.8,0.0,14.8
146,Garrett Wilson,All,60.3,45.51,14.79
70,Chris Olave,All,76.5,61.75,14.75
45,Bryce Young,All,74.16,59.89,14.27
193,Jared Goff,All,68.58,54.48,14.1
248,Kenneth Walker,All,85.2,71.29,13.91
76,Cody White,All,23.8,10.15,13.65
75,Chuba Hubbard,All,53.1,39.61,13.49
93,Dallas Goedert,All,25.1,11.66,13.44
316,Noah Fant,All,32.6,19.19,13.41
126,Drake London,All,45.8,32.59,13.21
166,Ja'Marr Chase,All,54.5,41.46,13.04
102,Darren Waller,All,33.2,20.19,13.01
106,David Njoku,All,12.7,0.0,12.7
384,Tre Tucker,All,38.9,26.69,12.21
9,Alec Pierce,All,12.2,0.0,12.2
231,Joshua Palmer,All,21.7,9.67,12.03
352,Sam Darnold,All,33.18,21.16,12.02
223,Jordan Mason,All,11.9,0.0,11.9
351,Ryan Miller,All,18.2,6.43,11.77
311,Nate Adkins,All,20.6,8.88,11.72
262,Kyle Monangai,All,31.2,19.62,11.58
128,Drew Lock,All,34.18,22.65,11.53
398,Tyler Shough,All,78.38,67.1,11.28
386,Trevor Lawrence,All,54.04,42.78,11.26
227,Josh Cameron,All,18.2,7.08,11.12
92,Dak Prescott,All,64.1,53.11,10.99
53,Caleb Williams,All,45.98,34.99,10.99
266,Kyren Williams,All,54.0,43.1,10.9
154,Harold Fannin,All,38.6,28.31,10.29
268,Ladd McConkey,All,36.3,26.09,10.21
326,Pat Bryant,All,24.2,14.03,10.17
125,Dontayvion Wicks,All,27.7,17.7,10.0
338,Rashee Rice,All,38.0,28.17,9.83
41,Brock Bowers,All,30.6,21.14,9.46
259,Kirk Cousins,All,59.24,49.85,9.39
218,Jonathon Brooks,All,9.3,0.0,9.3
72,Christian McCaffrey,All,58.0,49.29,8.71
325,Parker Washington,All,49.1,40.64,8.46
185,Jalen Hurts,All,42.88,34.51,8.37
361,Stefon Diggs,All,44.5,36.27,8.23
297,Matthew Hibner,All,12.6,4.97,7.63
83,Cooper Kupp,All,24.1,16.5,7.6
133,Eli Raridon,All,11.2,3.88,7.32
24,Ben Skowronek,All,10.5,3.83,6.67
208,Jeremy Ruckert,All,18.8,12.17,6.63
113,Deebo Samuel,All,25.9,19.46,6.44
191,James Cook,All,57.2,50.79,6.41
15,Antonio Williams,All,25.3,19.11,6.19
111,DeVonta Smith,All,39.0,32.82,6.18
28,Blake Whiteheart,All,11.1,4.93,6.17
120,Deshaun Watson,All,54.98,48.85,6.13
188,Jalen Royals,All,10.7,4.79,5.91
167,Jack Bech,All,15.8,10.14,5.66
0,A.J. Brown,All,5.6,0.0,5.6
217,Jonathan Taylor,All,64.5,58.98,5.52
147,Geno Smith,All,54.92,49.45,5.47
176,Jahdae Walker,All,7.1,1.73,5.37
298,Matthew Stafford,All,61.98,56.62,5.36
387,Trey McBride,All,59.1,53.92,5.18
99,Darius Cooper,All,10.6,5.44,5.16
369,Tee Higgins,All,44.4,39.31,5.09
300,Michael Mayer,All,26.7,21.77,4.93
13,Andrei Iosivas,All,4.9,0.0,4.9
95,Dalton Schultz,All,42.5,37.68,4.82
90,DJ Moore,All,36.6,31.81,4.79
25,Bhayshul Tuten,All,41.0,36.21,4.79
143,Evan Engram,All,17.0,12.29,4.71
144,Foster Moreau,All,17.6,12.92,4.68
104,David Montgomery,All,40.1,35.42,4.68
211,Joe Burrow,All,54.92,50.29,4.63
108,Dawson Knox,All,11.7,7.14,4.56
327,Pat Freiermuth,All,28.1,23.6,4.5
79,Cole Kmet,All,11.5,7.02,4.48
68,Chris Godwin,All,22.6,18.13,4.47
224,Jordan Watkins,All,8.0,3.57,4.43
340,Rashod Bateman,All,27.5,23.22,4.28
301,Michael Penix Jr.,All,15.04,10.84,4.2
323,Oronde Gadsden,All,15.0,10.91,4.09
237,KaVontae Turpin,All,10.7,6.63,4.07
321,Omar Cooper Jr.,All,4.0,0.0,4.0
353,Sam LaPorta,All,34.4,30.52,3.88
19,Austin Hooper,All,13.1,9.25,3.85
400,Tyquan Thornton,All,16.8,13.01,3.79
37,Brenton Strange,All,20.2,16.5,3.7
244,Keaton Mitchell,All,19.5,15.9,3.6
261,Kyle Juszczyk,All,10.7,7.11,3.59
241,Kalif Raymond,All,25.4,21.82,3.58
141,Eric Saubert,All,8.3,4.78,3.52
134,Elic Ayomanor,All,19.1,15.67,3.43
1,AJ Barner,All,23.1,19.7,3.4
349,Ronnie Rivers,All,3.4,0.0,3.4
399,Tyler Warren,All,39.4,36.02,3.38
388,Treylon Burks,All,9.3,6.02,3.28
69,Chris Moore,All,15.3,12.12,3.18
306,Mike Washington Jr.,All,16.2,13.08,3.12
288,Marcus Mariota,All,29.16,26.16,3.0
392,Ty Johnson,All,9.0,6.0,3.0
271,Laquon Treadwell,All,12.1,9.15,2.95
270,Lan Larison,All,2.9,0.0,2.9
59,Carson Wentz,All,25.54,22.66,2.88
161,Isaiah Likely,All,39.4,36.55,2.85
101,Darnell Washington,All,15.2,12.38,2.82
222,Jordan Love,All,60.76,58.1,2.66
336,Rachaad White,All,30.1,27.48,2.62
260,Konata Mumpfield,All,21.5,18.95,2.55
202,Jaylen Warren,All,44.6,42.18,2.42
252,Keon Coleman,All,18.1,15.76,2.34
385,TreVeyon Henderson,All,17.5,15.17,2.33
39,Brian Robinson,All,22.8,20.61,2.19
315,Nico Collins,All,21.2,19.05,2.15
165,Ja'Kobi Lane,All,2.1,0.0,2.1
38,Brevyn Spann-Ford,All,6.3,4.28,2.02
32,Brady Russell,All,7.0,4.99,2.01
98,Dareke Young,All,3.7,1.75,1.95
403,Wan'Dale Robinson,All,29.4,27.46,1.94
337,Raheim Sanders,All,16.8,14.87,1.93
362,Sterling Shepard,All,3.3,1.46,1.84
347,Rome Odunze,All,14.5,12.66,1.84
46,Brycen Tremayne,All,12.3,10.47,1.83
204,Jaylin Lane,All,4.5,2.71,1.79
213,John Metchie,All,9.9,8.13,1.77
307,Mitchell Evans,All,10.8,9.05,1.75
100,Darnell Mooney,All,16.4,14.69,1.71
378,Tory Horton,All,7.8,6.1,1.7
162,Isaiah Williams,All,15.6,13.91,1.69
364,TJ Hockenson,All,22.6,20.95,1.65
121,Devaughn Vele,All,38.2,36.62,1.58
397,Tyler Higbee,All,22.4,20.85,1.55
196,Javonte Williams,All,50.5,49.12,1.38
335,RJ Harvey,All,18.8,17.46,1.34
122,Devin Singletary,All,14.7,13.38,1.32
52,Caleb Douglas,All,18.3,16.98,1.32
205,Jaylin Noel,All,17.2,15.88,1.32
255,Khadarel Hodge,All,2.8,1.49,1.31
21,Bam Knight,All,2.4,1.11,1.29
280,Mack Hollins,All,27.6,26.36,1.24
308,Mo Alie-Cox,All,2.6,1.42,1.18
206,Jelani Woods,All,3.0,1.95,1.05
247,Kendrick Bourne,All,22.8,21.76,1.04
61,Charlie Kolar,All,5.1,4.13,0.97
277,Luke Schoonmaker,All,4.1,3.14,0.96
30,Bo Nix,All,47.7,46.76,0.94
290,Marlin Klein,All,2.6,1.71,0.89
135,Elijah Arroyo,All,2.7,1.9,0.8
228,Josh Cuevas,All,2.4,1.6,0.8
348,Romeo Doubs,All,20.5,19.76,0.74
136,Elijah Higgins,All,5.0,4.32,0.68
158,Ian Thomas,All,2.1,1.47,0.63
219,Jonnu Smith,All,10.6,10.07,0.53
216,Jonathan Mingo,All,2.0,1.54,0.46
163,J. Michael Sturdivant,All,5.2,4.78,0.42
370,Terrance Ferguson,All,19.3,18.89,0.41
54,Calvin Ridley,All,5.5,5.14,0.36
160,Isaiah Bond,All,2.0,1.65,0.35
250,Kenny Pickett,All,2.0,1.65,0.35
292,Marquise Brown,All,1.2,0.85,0.35
145,Frank Gore Jr.,All,0.3,0.0,0.3
253,Kevin Austin,All,1.7,1.54,0.16
381,Travis Hunter,All,2.1,1.95,0.15
170,Jackson Meeks,All,1.8,1.67,0.13
112,DeeJay Dallas,All,4.3,4.19,0.11
367,Tanner Hudson,All,4.7,4.61,0.09
107,Davis Allen,All,7.9,7.83,0.07
324,Oscar Delp,All,1.8,1.74,0.06
230,Josh Oliver,All,7.6,7.54,0.06
22,Barion Brown,All,0.3,0.26,0.04
16,Arian Smith,All,0.0,0.0,0.0
210,Jimmy Horn,All,0.0,0.0,0.0
43,Brock Wright,All,4.2,4.23,-0.03
225,Jordan Whittington,All,1.8,1.86,-0.06
395,Tyler Badie,All,7.3,7.41,-0.11
156,Hunter Long,All,1.5,1.65,-0.15
34,Brashard Smith,All,1.4,1.56,-0.16
77,Colbie Young,All,2.9,3.07,-0.17
31,Bradley Pinion,All,0.0,0.18,-0.18
123,Devontez Walker,All,5.7,5.93,-0.23
380,Travis Homer,All,1.6,1.83,-0.23
246,Kendre Miller,All,12.9,13.18,-0.28
114,Deion Burks,All,1.4,1.68,-0.28
267,LaJohntay Wester,All,5.9,6.19,-0.29
96,Daniel Bellinger,All,5.3,5.59,-0.29
314,Nick Mullens,All,-0.3,0.0,-0.3
140,Emmett Johnson,All,16.0,16.3,-0.3
8,Alec Ingold,All,6.5,6.81,-0.31
57,Cameron Johnston,All,0.0,0.34,-0.34
317,Noah Gray,All,8.4,8.76,-0.36
5,Adam Prentice,All,1.2,1.56,-0.36
178,Jake Brendel,All,1.2,1.56,-0.36
199,Jayden Daniels,All,32.4,32.77,-0.37
257,Khyiris Tonga,All,0.3,0.67,-0.37
341,Ray Davis,All,0.3,0.68,-0.38
345,Robert Tonyan,All,1.2,1.58,-0.38
359,Sione Vaki,All,10.5,10.89,-0.39
35,Breece Hall,All,45.5,45.9,-0.4
358,Shedeur Sanders,All,0.0,0.4,-0.4
322,Omarion Hampton,All,33.4,33.82,-0.42
294,Mason Rudolph,All,0.3,0.74,-0.44
389,Troy Franklin,All,7.3,7.76,-0.46
221,Jordan James,All,1.5,1.96,-0.46
239,Kai Kroeger,All,0.0,0.49,-0.49
80,Colson Yankoff,All,3.6,4.17,-0.57
366,Tank Bigsby,All,12.1,12.79,-0.69
276,Luke Farrell,All,3.9,4.62,-0.72
411,Zachariah Branch,All,5.1,5.82,-0.72
51,Cade Stover,All,0.8,1.54,-0.74
383,Tre Harris,All,24.9,25.66,-0.76
157,Hunter Luepke,All,0.8,1.59,-0.79
363,Stetson Bennett,All,1.42,2.31,-0.89
302,Michael Pittman Jr.,All,12.4,13.33,-0.93
212,John Bates,All,5.2,6.19,-0.99
279,Mac Jones,All,-0.2,0.89,-1.09
391,Tutu Atwell,All,2.9,4.01,-1.11
82,Connor Heyward,All,0.2,1.31,-1.11
273,Lew Nichols III,All,0.0,1.14,-1.14
23,Ben Sinnott,All,1.6,2.79,-1.19
312,Nate Boerkircher,All,1.9,3.17,-1.27
17,Ashton Dulin,All,0.0,1.27,-1.27
201,Jaylen Waddle,All,32.4,33.68,-1.28
6,Adam Trautman,All,3.0,4.3,-1.3
179,Jake Briningstool,All,1.9,3.21,-1.31
404,Will Kacmarek,All,1.4,2.73,-1.33
401,Tyrone Tracy,All,0.7,2.03,-1.33
320,Ollie Gordon,All,15.2,16.55,-1.35
214,Johnny Mundt,All,2.8,4.16,-1.36
342,Reggie Gilliam,All,1.4,2.77,-1.37
334,Quintin Morris,All,1.7,3.09,-1.39
309,Myles Price,All,0.0,1.39,-1.39
203,Jaylen Wright,All,1.0,2.41,-1.41
274,Lewis Bond,All,0.0,1.44,-1.44
330,Payne Durham,All,0.0,1.44,-1.44
62,Charlie Woerner,All,0.0,1.44,-1.44
87,Cyrus Allen,All,0.0,1.48,-1.48
67,Chris Blair,All,3.6,5.08,-1.48
313,Nicholas Singleton,All,1.0,2.5,-1.5
56,Cam Ward,All,42.16,43.66,-1.5
299,Michael Burton,All,0.0,1.53,-1.53
116,Demond Claiborne,All,1.3,2.88,-1.58
124,Dohnte Meyers,All,9.7,11.28,-1.58
64,Chig Okonkwo,All,3.6,5.19,-1.59
329,Patrick Ricard,All,0.0,1.63,-1.63
186,Jalen McMillan,All,0.0,1.64,-1.64
409,Xavier Smith,All,0.0,1.66,-1.66
183,Jalen Brooks,All,0.0,1.66,-1.66
159,Isaac TeSlaa,All,14.2,15.88,-1.68
275,Lil'Jordan Humphrey,All,0.0,1.76,-1.76
152,Greg Dulcich,All,18.0,19.79,-1.79
393,Tyjae Spears,All,13.9,15.71,-1.81
130,Durham Smythe,All,1.4,3.21,-1.81
318,Odell Beckham Jr.,All,0.0,1.83,-1.83
232,Justice Hill,All,10.9,12.81,-1.91
139,Emeka Egbuka,All,32.8,34.74,-1.94
65,Chimere Dike,All,1.0,2.95,-1.95
182,Jaleel McLaughlin,All,0.3,2.27,-1.97
272,LeQuint Allen,All,2.9,4.94,-2.04
11,Ameer Abdullah,All,6.7,8.77,-2.07
375,Tommy DeVito,All,1.4,3.5,-2.1
89,DJ Herman,All,2.8,4.96,-2.16
129,Drew Sample,All,5.9,8.06,-2.16
3,Aaron Jones,All,37.7,39.88,-2.18
169,Jackson Hawes,All,0.0,2.21,-2.21
142,Erick All,All,2.5,4.76,-2.26
408,Xavier Legette,All,8.4,10.67,-2.27
155,Hunter Henry,All,14.1,16.38,-2.28
291,Marquez Valdes-Scantling,All,0.0,2.28,-2.28
368,Ted Hurst III,All,22.3,24.6,-2.3
296,Matthew Golden,All,49.3,51.62,-2.32
71,Chris Rodriguez,All,13.3,15.64,-2.34
402,Tyson Bagent,All,2.16,4.51,-2.35
264,Kyle Williams,All,6.4,8.81,-2.41
242,Kayshon Boutte,All,13.9,16.49,-2.59
138,Emari Demercado,All,1.5,4.16,-2.66
410,Xavier Worthy,All,22.3,24.99,-2.69
258,Kimani Vidal,All,3.0,5.72,-2.72
189,Jalon Daniels,All,-0.1,2.63,-2.73
132,Efton Chism,All,2.54,5.3,-2.76
36,Brenen Thompson,All,2.3,5.1,-2.8
243,Kaytron Allen,All,4.0,6.82,-2.82
78,Colby Parkinson,All,5.1,7.93,-2.83
295,Mason Taylor,All,1.8,4.7,-2.9
346,Roman Wilson,All,28.4,31.35,-2.95
365,Tai Felton,All,0.0,3.06,-3.06
310,Najee Harris,All,5.8,8.88,-3.08
209,Jerry Jeudy,All,4.6,7.74,-3.14
2,AJ Dillon,All,4.9,8.08,-3.18
14,Andrew Ogletree,All,0.0,3.21,-3.21
29,Bo Melton,All,2.0,5.22,-3.22
245,Keenan Allen,All,29.0,32.25,-3.25
47,Bucky Irving,All,42.1,45.37,-3.27
354,Sam Roush,All,1.9,5.22,-3.32
396,Tyler Goodson,All,2.7,6.06,-3.36
265,Kyler Murray,All,12.04,15.48,-3.44
331,Puka Nacua,All,12.4,15.87,-3.47
319,Olamide Zaccheaus,All,5.7,9.2,-3.5
153,Gunnar Helm,All,13.5,17.05,-3.55
220,Jordan Addison,All,24.1,27.66,-3.56
281,Makai Lemon,All,4.4,7.99,-3.59
7,Adonai Mitchell,All,21.3,24.95,-3.65
356,Saquon Barkley,All,12.0,15.71,-3.71
171,Jacob Cowing,All,0.0,3.76,-3.76
40,Brian Thomas,All,15.8,19.58,-3.78
357,Seth McGowan,All,2.4,6.19,-3.79
27,Blake Corum,All,19.1,23.0,-3.9
118,Derius Davis,All,0.0,3.9,-3.9
44,Bryce Lance,All,9.0,12.9,-3.9
376,Tommy Tremble,All,14.0,17.95,-3.95
85,Corey Kiner,All,4.8,8.77,-3.97
289,Mark Andrews,All,25.2,29.24,-4.04
195,Jauan Jennings,All,1.1,5.18,-4.08
49,CJ Donaldson,All,1.9,6.08,-4.18
66,Chris Bell,All,14.2,18.47,-4.27
406,Woody Marks,All,22.6,26.89,-4.29
74,Christopher Brooks,All,7.9,12.22,-4.32
293,Marvin Harrison Jr.,All,11.3,15.7,-4.4
278,Luther Burden,All,16.7,21.11,-4.41
240,Kaleb Johnson,All,5.8,10.27,-4.47
355,Samaje Perine,All,13.6,18.09,-4.49
105,David Moore,All,0.0,4.61,-4.61
168,Jack Strand,All,1.96,6.59,-4.63
148,George Holani,All,16.2,20.84,-4.64
405,Will Shipley,All,7.1,11.78,-4.68
84,Cooper Rush,All,10.16,14.95,-4.79
33,Braelon Allen,All,17.2,22.08,-4.88
207,Jeremiyah Love,All,42.4,47.31,-4.91
50,Cade Otton,All,23.0,28.01,-5.01
263,Kyle Pitts,All,4.0,9.28,-5.28
151,Germie Bernard,All,9.9,15.59,-5.69
286,Malik Willis,All,42.18,48.31,-6.13
200,Jayden Reed,All,6.4,12.74,-6.34
55,Cam Skattebo,All,36.6,43.14,-6.54
372,Tetairoa McMillan,All,33.3,39.86,-6.56
379,Travis Etienne,All,30.9,37.69,-6.79
374,Theo Johnson,All,1.9,8.78,-6.88
192,Jameson Williams,All,22.7,29.58,-6.88
283,Malik Benson,All,0.8,7.88,-7.08
344,Rico Dowdle,All,10.5,17.7,-7.2
287,MarShawn Lloyd,All,17.1,24.41,-7.31
238,Kaelon Black,All,12.2,19.56,-7.36
343,Rhamondre Stevenson,All,25.9,33.27,-7.37
373,Tez Johnson,All,7.3,14.75,-7.45
81,Colston Loveland,All,1.3,8.76,-7.46
58,Carnell Tate,All,25.3,32.85,-7.55
377,Tony Pollard,All,25.5,33.26,-7.76
390,Tucker Kraft,All,19.6,27.63,-8.03
282,Malachi Fields,All,13.4,21.55,-8.15
371,Terry McLaurin,All,30.1,38.37,-8.27
339,Rashid Shaheed,All,11.7,20.07,-8.37
187,Jalen Nailor,All,10.2,18.93,-8.73
394,Tyler Allgeier,All,17.8,26.56,-8.76
256,Khalil Shakir,All,16.4,25.31,-8.91
48,C.J. Stroud,All,50.16,59.11,-8.95
233,Justin Herbert,All,37.88,46.86,-8.98
172,Jacoby Brissett,All,49.58,58.58,-9.0
10,Alvin Kamara,All,12.3,21.36,-9.06
175,Jahan Dotson,All,8.1,17.18,-9.08
254,Kevin Coleman,All,1.3,10.52,-9.22
360,Skyy Moore,All,8.7,18.15,-9.45
284,Malik Nabers,All,21.6,31.48,-9.88
18,Ashton Jeanty,All,58.3,68.39,-10.09
86,Courtland Sutton,All,16.2,26.44,-10.24
229,Josh Downs,All,32.6,42.85,-10.25
150,George Pickens,All,31.0,41.25,-10.25
110,DeMario Douglas,All,13.7,24.02,-10.32
20,Baker Mayfield,All,40.1,50.82,-10.72
173,Jacory Croskey-Merritt,All,23.7,34.45,-10.75
174,Jadarian Price,All,16.0,26.99,-10.99
164,JK Dobbins,All,13.5,24.74,-11.24
131,Dyami Brown,All,5.1,16.39,-11.29
303,Michael Wilson,All,40.3,51.63,-11.33
249,Kenny Gainwell,All,10.3,21.65,-11.35
194,Jared Wayne,All,10.5,22.14,-11.64
63,Chase Brown,All,38.9,50.81,-11.91
333,Quinshon Judkins,All,26.7,38.8,-12.1
4,Aaron Rodgers,All,42.2,54.79,-12.59
350,Ryan Flournoy,All,15.7,29.27,-13.57
91,DK Metcalf,All,26.8,40.9,-14.1
236,KC Concepcion,All,19.9,34.01,-14.11
137,Emanuel Wilson,All,10.9,25.08,-14.18
109,De'Von Achane,All,24.6,38.9,-14.3
285,Malik Washington,All,27.1,41.54,-14.44
332,Quentin Johnston,All,13.1,27.73,-14.63
190,Jameis Winston,All,9.66,24.35,-14.69
127,Drake Maye,All,28.6,43.92,-15.32
97,Daniel Jones,All,33.34,49.18,-15.84
407,Xavier Hutchinson,All,21.4,37.62,-16.22
