,Player,Pos,Team,Week,Passing,Rushing,Receiving,xFP
0,AJ Barner,TE,SEA,1,0.0,0.0,2.82,2.82
1,AJ Barner,TE,SEA,2,0.0,1.12,1.44,2.56
2,AJ Barner,TE,SEA,3,0.0,0.0,14.32,14.32
3,AJ Dillon,RB,CAR,1,0.0,2.97,0.0,2.97
4,AJ Dillon,RB,CAR,2,0.0,1.44,0.0,1.44
5,AJ Dillon,RB,CAR,3,0.0,2.22,1.45,3.67
6,Aaron Jones,RB,MIN,1,0.0,8.06,1.71,9.77
7,Aaron Jones,RB,MIN,2,0.0,11.64,0.0,11.64
8,Aaron Jones,RB,MIN,3,0.0,9.56,8.91,18.47
9,Aaron Rodgers,QB,PIT,1,18.78,1.81,0.0,20.59
10,Aaron Rodgers,QB,PIT,2,15.29,0.54,0.0,15.829999999999998
11,Aaron Rodgers,QB,PIT,3,16.78,1.59,0.0,18.37
12,Adam Trautman,TE,DEN,1,0.0,0.0,4.3,4.3
13,Adonai Mitchell,WR,NYJ,1,0.0,0.0,5.58,5.58
14,Adonai Mitchell,WR,NYJ,2,0.0,0.0,19.37,19.37
15,Alec Ingold,RB,LAC,3,0.0,0.0,6.81,6.81
16,Alvin Kamara,RB,NOR,2,0.0,6.52,8.31,14.83
17,Alvin Kamara,RB,NOR,3,0.0,5.32,1.21,6.53
18,Ameer Abdullah,RB,JAX,1,0.0,1.66,1.36,3.02
19,Ameer Abdullah,RB,JAX,2,0.0,1.71,1.36,3.0700000000000003
20,Ameer Abdullah,RB,JAX,3,0.0,1.1,1.58,2.68
21,Amon-Ra St. Brown,WR,DET,1,0.0,0.0,21.87,21.87
22,Amon-Ra St. Brown,WR,DET,2,0.0,0.0,22.71,22.71
23,Amon-Ra St. Brown,WR,DET,3,0.0,0.0,13.56,13.56
24,Andrew Ogletree,TE,IND,1,0.0,0.0,1.71,1.71
25,Andrew Ogletree,TE,IND,2,0.0,0.0,1.5,1.5
26,Andy Dalton,QB,PHI,3,0.63,0.0,0.0,0.63
27,Antonio Williams,WR,WAS,1,0.0,0.0,7.25,7.25
28,Antonio Williams,WR,WAS,2,0.77,0.0,4.48,5.25
29,Antonio Williams,WR,WAS,3,0.0,0.0,6.61,6.61
30,Ashton Dulin,WR,IND,1,0.0,0.0,1.27,1.27
31,Ashton Jeanty,RB,LVR,1,0.0,13.95,9.8,23.75
32,Ashton Jeanty,RB,LVR,2,0.0,14.96,10.59,25.55
33,Ashton Jeanty,RB,LVR,3,0.0,13.96,5.13,19.09
34,Austin Hooper,TE,ATL,2,0.0,0.0,5.97,5.97
35,Austin Hooper,TE,ATL,3,0.0,0.0,3.28,3.28
36,Baker Mayfield,QB,TAM,1,11.5,3.82,0.0,15.32
37,Baker Mayfield,QB,TAM,2,18.14,2.98,0.0,21.12
38,Baker Mayfield,QB,TAM,3,13.5,0.88,0.0,14.38
39,Bam Knight,RB,ARI,2,0.0,1.11,0.0,1.11
40,Barion Brown,WR,NOR,1,0.0,0.26,0.0,0.26
41,Ben Sinnott,TE,WAS,2,0.0,0.0,1.41,1.41
42,Ben Sinnott,TE,WAS,3,0.0,0.0,1.38,1.38
43,Ben Skowronek,WR,PIT,2,0.0,0.0,1.71,1.71
44,Ben Skowronek,WR,PIT,3,0.0,0.0,2.12,2.12
45,Bhayshul Tuten,RB,JAX,1,0.0,9.57,1.44,11.01
46,Bhayshul Tuten,RB,JAX,2,0.0,7.78,3.14,10.92
47,Bhayshul Tuten,RB,JAX,3,0.0,11.47,2.81,14.280000000000001
48,Bijan Robinson,RB,ATL,1,0.0,12.75,13.62,26.369999999999997
49,Bijan Robinson,RB,ATL,2,0.0,8.4,6.25,14.65
50,Bijan Robinson,RB,ATL,3,0.0,20.56,2.75,23.31
51,Blake Corum,RB,LAR,1,0.0,5.27,0.0,5.27
52,Blake Corum,RB,LAR,2,0.0,6.61,1.48,8.09
53,Blake Corum,RB,LAR,3,0.0,3.61,6.03,9.64
54,Blake Whiteheart,TE,CLE,1,0.0,0.0,1.77,1.77
55,Blake Whiteheart,TE,CLE,2,0.0,0.0,3.16,3.16
56,Bo Melton,WR,GNB,1,0.0,0.0,1.58,1.58
57,Bo Melton,WR,GNB,2,0.0,0.0,1.48,1.48
58,Bo Melton,WR,GNB,3,0.0,0.0,2.16,2.16
59,Bo Nix,QB,DEN,1,8.8,1.43,0.0,10.23
60,Bo Nix,QB,DEN,2,13.85,3.86,0.0,17.71
61,Bo Nix,QB,DEN,3,14.68,4.14,0.0,18.82
62,Bradley Pinion,SPEC,MIA,2,0.0,0.18,0.0,0.18
63,Brady Russell,RB,SEA,1,0.0,0.0,3.16,3.16
64,Brady Russell,RB,SEA,3,0.0,0.0,1.83,1.83
65,Braelon Allen,RB,NYJ,1,0.0,6.8,1.6,8.4
66,Braelon Allen,RB,NYJ,2,0.0,4.19,1.6,5.790000000000001
67,Braelon Allen,RB,NYJ,3,0.0,3.41,4.48,7.890000000000001
68,Brashard Smith,RB,KAN,3,0.0,0.0,1.56,1.56
69,Breece Hall,RB,NYJ,1,0.0,14.61,3.0,17.61
70,Breece Hall,RB,NYJ,2,0.0,7.8,7.02,14.82
71,Breece Hall,RB,NYJ,3,0.0,9.3,4.17,13.47
72,Brenen Thompson,WR,LAC,2,0.0,0.0,5.1,5.1
73,Brenton Strange,TE,JAX,1,0.0,0.0,5.45,5.45
74,Brenton Strange,TE,JAX,2,0.0,0.0,3.32,3.32
75,Brenton Strange,TE,JAX,3,0.0,0.0,7.73,7.73
76,Brevyn Spann-Ford,TE,DAL,1,0.0,0.0,2.81,2.81
77,Brevyn Spann-Ford,TE,DAL,3,0.0,0.0,1.47,1.47
78,Brian Robinson,RB,ATL,1,0.0,6.43,0.0,6.43
79,Brian Robinson,RB,ATL,2,0.0,5.33,2.95,8.280000000000001
80,Brian Robinson,RB,ATL,3,0.0,5.9,0.0,5.9
81,Brian Thomas,WR,JAX,1,0.0,0.0,5.3,5.3
82,Brian Thomas,WR,JAX,2,0.0,0.0,12.65,12.65
83,Brian Thomas,WR,JAX,3,0.0,0.0,1.63,1.63
84,Brock Bowers,TE,LVR,3,0.0,0.0,21.14,21.14
85,Brock Purdy,QB,SFO,1,14.28,3.33,0.0,17.61
86,Brock Purdy,QB,SFO,2,10.9,2.24,0.0,13.14
87,Brock Purdy,QB,SFO,3,12.87,1.18,0.0,14.049999999999999
88,Brock Wright,TE,DET,1,0.0,0.0,1.36,1.36
89,Brock Wright,TE,DET,3,0.0,0.0,2.87,2.87
90,Bryce Lance,WR,NOR,1,0.0,0.0,6.27,6.27
91,Bryce Lance,WR,NOR,2,0.0,0.0,1.56,1.56
92,Bryce Lance,WR,NOR,3,0.0,0.0,5.07,5.07
93,Bryce Young,QB,CAR,1,17.97,2.06,0.0,20.029999999999998
94,Bryce Young,QB,CAR,2,18.14,1.02,0.0,19.16
95,Bryce Young,QB,CAR,3,20.7,0.0,0.0,20.7
96,Brycen Tremayne,WR,CAR,3,0.0,0.0,10.47,10.47
97,Bucky Irving,RB,TAM,1,0.0,4.94,9.35,14.29
98,Bucky Irving,RB,TAM,2,0.0,11.15,5.86,17.01
99,Bucky Irving,RB,TAM,3,0.0,7.99,6.08,14.07
100,C.J. Stroud,QB,HOU,1,17.67,1.45,0.0,19.12
101,C.J. Stroud,QB,HOU,2,23.13,1.6,0.0,24.73
102,C.J. Stroud,QB,HOU,3,13.85,1.41,0.0,15.26
103,CJ Donaldson,RB,NOR,1,0.0,1.38,2.93,4.3100000000000005
104,CJ Donaldson,RB,NOR,2,0.0,0.63,0.0,0.63
105,CJ Donaldson,RB,NOR,3,0.0,1.14,0.0,1.14
106,Cade Otton,TE,TAM,1,0.0,0.0,8.51,8.51
107,Cade Otton,TE,TAM,2,0.0,0.0,9.47,9.47
108,Cade Otton,TE,TAM,3,0.0,0.0,10.03,10.03
109,Cade Stover,TE,HOU,1,0.0,0.0,1.54,1.54
110,Caleb Douglas,WR,MIA,1,0.0,0.0,12.55,12.55
111,Caleb Douglas,WR,MIA,2,0.0,0.0,4.43,4.43
112,Caleb Williams,QB,CHI,1,14.92,7.46,0.0,22.38
113,Caleb Williams,QB,CHI,2,9.56,3.05,0.0,12.61
114,Calvin Ridley,WR,TEN,2,0.0,0.0,3.66,3.66
115,Calvin Ridley,WR,TEN,3,0.0,0.0,1.48,1.48
116,Cam Skattebo,RB,NYG,1,0.0,11.89,0.0,11.89
117,Cam Skattebo,RB,NYG,2,0.0,7.18,5.67,12.85
118,Cam Skattebo,RB,NYG,3,0.0,12.14,6.26,18.4
119,Cam Ward,QB,TEN,1,12.75,1.95,0.0,14.7
120,Cam Ward,QB,TEN,2,7.99,4.7,0.0,12.690000000000001
121,Cam Ward,QB,TEN,3,15.34,0.93,0.0,16.27
122,Cameron Johnston,SPEC,PIT,1,0.34,0.0,0.0,0.34
123,Carnell Tate,WR,TEN,1,0.0,0.0,9.99,9.99
124,Carnell Tate,WR,TEN,2,0.0,0.0,7.83,7.83
125,Carnell Tate,WR,TEN,3,0.0,0.0,15.03,15.03
126,Carson Wentz,QB,MIN,1,9.04,2.7,0.0,11.739999999999998
127,Carson Wentz,QB,MIN,2,8.67,2.25,0.0,10.92
128,Case Keenum,QB,CHI,3,15.58,3.6,0.0,19.18
129,CeeDee Lamb,WR,DAL,1,0.0,0.35,12.97,13.32
130,CeeDee Lamb,WR,DAL,2,0.0,0.0,16.48,16.48
131,CeeDee Lamb,WR,DAL,3,0.0,0.0,12.8,12.8
132,Charlie Kolar,TE,LAC,2,0.0,0.0,4.13,4.13
133,Charlie Woerner,TE,ATL,2,0.0,0.0,1.44,1.44
134,Chase Brown,RB,CIN,1,0.0,13.47,8.41,21.880000000000003
135,Chase Brown,RB,CIN,2,0.0,11.02,6.83,17.85
136,Chase Brown,RB,CIN,3,0.0,8.02,3.06,11.08
137,Chig Okonkwo,TE,WAS,1,0.0,0.0,5.19,5.19
138,Chimere Dike,WR,TEN,1,0.0,0.0,1.49,1.49
139,Chimere Dike,WR,TEN,3,0.0,0.0,1.46,1.46
140,Chris Bell,WR,MIA,1,0.0,0.0,3.98,3.98
141,Chris Bell,WR,MIA,2,0.0,0.0,1.45,1.45
142,Chris Bell,WR,MIA,3,0.0,0.0,13.04,13.04
143,Chris Blair,WR,ATL,2,0.0,0.0,5.08,5.08
144,Chris Blair,WR,ATL,3,0.0,0.0,0.0,0.0
145,Chris Godwin,WR,TAM,1,0.0,0.78,6.02,6.8
146,Chris Godwin,WR,TAM,2,0.0,0.66,5.15,5.8100000000000005
147,Chris Godwin,WR,TAM,3,0.0,0.0,5.52,5.52
148,Chris Moore,WR,BAL,1,0.0,0.0,4.12,4.12
149,Chris Moore,WR,BAL,2,0.0,0.0,6.22,6.22
150,Chris Moore,WR,BAL,3,0.0,0.0,1.78,1.78
151,Chris Olave,WR,NOR,1,0.0,0.0,22.69,22.69
152,Chris Olave,WR,NOR,2,0.0,0.0,17.2,17.2
153,Chris Olave,WR,NOR,3,0.0,0.0,21.86,21.86
154,Chris Rodriguez,RB,JAX,1,0.0,4.59,0.0,4.59
155,Chris Rodriguez,RB,JAX,2,0.0,4.36,0.0,4.36
156,Chris Rodriguez,RB,JAX,3,0.0,6.69,0.0,6.69
157,Christian McCaffrey,RB,SFO,1,0.0,6.41,11.75,18.16
158,Christian McCaffrey,RB,SFO,2,0.0,8.86,6.41,15.27
159,Christian McCaffrey,RB,SFO,3,0.0,7.96,7.9,15.86
160,Christian Watson,WR,GNB,1,0.0,0.0,14.72,14.72
161,Christian Watson,WR,GNB,2,0.0,0.0,18.04,18.04
162,Christian Watson,WR,GNB,3,0.0,0.0,17.45,17.45
163,Christopher Brooks,RB,GNB,1,0.0,3.89,1.25,5.140000000000001
164,Christopher Brooks,RB,GNB,2,0.0,2.96,2.71,5.67
165,Christopher Brooks,RB,GNB,3,0.0,0.0,1.41,1.41
166,Chuba Hubbard,RB,CAR,1,0.0,7.62,4.48,12.100000000000001
167,Chuba Hubbard,RB,CAR,2,0.0,7.02,3.1,10.12
168,Chuba Hubbard,RB,CAR,3,0.0,11.55,5.84,17.39
169,Colbie Young,WR,CIN,2,0.0,0.0,1.67,1.67
170,Colbie Young,WR,CIN,3,0.0,0.0,1.4,1.4
171,Colby Parkinson,TE,LAR,1,0.0,0.0,3.2,3.2
172,Colby Parkinson,TE,LAR,2,0.0,0.0,2.98,2.98
173,Colby Parkinson,TE,LAR,3,0.0,0.0,1.75,1.75
174,Cole Kmet,TE,CHI,1,0.0,0.0,5.59,5.59
175,Cole Kmet,TE,CHI,2,0.0,0.0,1.43,1.43
176,Cole Kmet,TE,CHI,3,0.0,0.0,1.86,1.86
177,Colson Yankoff,TE,WAS,2,0.0,0.0,1.47,1.47
178,Colson Yankoff,TE,WAS,3,0.0,0.0,2.7,2.7
179,Colston Loveland,TE,CHI,1,0.0,0.0,4.06,4.06
180,Colston Loveland,TE,CHI,2,0.0,0.0,4.7,4.7
181,Colston Loveland,TE,CHI,3,0.0,0.0,6.44,6.44
182,Connor Heyward,RB,LVR,1,0.0,0.8,0.0,0.8
183,Connor Heyward,RB,LVR,2,0.0,0.51,0.0,0.51
184,Cooper Kupp,WR,SEA,1,0.0,0.0,5.47,5.47
185,Cooper Kupp,WR,SEA,2,0.0,0.0,3.24,3.24
186,Cooper Kupp,WR,SEA,3,0.0,0.0,7.79,7.79
187,Cooper Rush,QB,ATL,1,7.88,0.0,0.0,7.88
188,Cooper Rush,QB,ATL,2,6.56,0.51,0.0,7.069999999999999
189,Corey Kiner,RB,NWE,1,0.0,3.18,0.0,3.18
190,Corey Kiner,RB,NWE,2,0.0,0.6,0.0,0.6
191,Corey Kiner,RB,NWE,3,0.0,3.53,1.46,4.99
192,Courtland Sutton,WR,DEN,1,0.0,0.0,7.89,7.89
193,Courtland Sutton,WR,DEN,2,0.0,0.0,6.51,6.51
194,Courtland Sutton,WR,DEN,3,0.0,0.0,12.04,12.04
195,Cyrus Allen,WR,KAN,1,0.0,0.0,1.48,1.48
196,D'Andre Swift,RB,CHI,1,0.0,12.77,1.8,14.57
197,D'Andre Swift,RB,CHI,2,0.0,10.38,6.93,17.310000000000002
198,D'Andre Swift,RB,CHI,3,0.0,15.37,4.11,19.48
199,DJ Herman,RB,MIA,2,0.0,0.0,4.96,4.96
200,DJ Moore,WR,BUF,1,0.0,0.0,14.29,14.29
201,DJ Moore,WR,BUF,2,0.0,0.69,0.0,0.69
202,DJ Moore,WR,BUF,3,0.0,0.0,16.83,16.83
203,DK Metcalf,WR,PIT,1,0.0,0.0,18.2,18.2
204,DK Metcalf,WR,PIT,2,0.0,0.0,13.83,13.83
205,DK Metcalf,WR,PIT,3,0.0,0.0,8.87,8.87
206,Dak Prescott,QB,DAL,1,14.6,0.76,0.0,15.36
207,Dak Prescott,QB,DAL,2,14.62,2.15,0.0,16.77
208,Dak Prescott,QB,DAL,3,17.86,3.12,0.0,20.98
209,Dallas Goedert,TE,PHI,1,0.0,0.0,8.34,8.34
210,Dallas Goedert,TE,PHI,2,0.0,0.0,3.32,3.32
211,Dalton Kincaid,TE,BUF,1,0.0,0.0,10.66,10.66
212,Dalton Kincaid,TE,BUF,2,0.0,0.0,13.94,13.94
213,Dalton Kincaid,TE,BUF,3,0.0,0.0,5.68,5.68
214,Dalton Schultz,TE,HOU,1,0.0,0.0,11.67,11.67
215,Dalton Schultz,TE,HOU,2,0.0,0.0,21.11,21.11
216,Dalton Schultz,TE,HOU,3,0.0,0.0,4.9,4.9
217,Daniel Bellinger,TE,TEN,1,0.0,0.0,1.48,1.48
218,Daniel Bellinger,TE,TEN,2,0.0,0.0,1.4,1.4
219,Daniel Bellinger,TE,TEN,3,0.0,0.0,2.71,2.71
220,Daniel Jones,QB,IND,1,13.11,0.76,0.0,13.87
221,Daniel Jones,QB,IND,2,13.3,2.39,0.0,15.690000000000001
222,Daniel Jones,QB,IND,3,17.2,2.42,0.0,19.619999999999997
223,Dareke Young,WR,LVR,2,0.0,0.0,1.75,1.75
224,Darius Cooper,WR,PHI,2,0.0,0.0,5.44,5.44
225,Darnell Mooney,WR,NYG,1,0.0,0.0,3.78,3.78
226,Darnell Mooney,WR,NYG,2,0.0,0.0,5.21,5.21
227,Darnell Mooney,WR,NYG,3,0.0,0.71,4.99,5.7
228,Darnell Washington,TE,PIT,1,0.0,0.0,2.93,2.93
229,Darnell Washington,TE,PIT,2,0.0,0.0,3.08,3.08
230,Darnell Washington,TE,PIT,3,0.0,0.0,6.37,6.37
231,Darren Waller,TE,CAR,1,0.0,0.0,3.12,3.12
232,Darren Waller,TE,CAR,2,0.0,0.0,5.12,5.12
233,Darren Waller,TE,CAR,3,0.0,0.0,11.95,11.95
234,Davante Adams,WR,LAR,1,0.0,0.0,10.09,10.09
235,Davante Adams,WR,LAR,2,0.0,0.0,17.98,17.98
236,Davante Adams,WR,LAR,3,0.0,0.0,22.74,22.74
237,David Montgomery,RB,HOU,1,0.0,14.2,4.89,19.09
238,David Montgomery,RB,HOU,2,0.0,3.2,3.07,6.27
239,David Montgomery,RB,HOU,3,0.0,6.62,3.44,10.06
240,Davis Allen,TE,LAR,1,0.0,0.0,1.44,1.44
241,Davis Allen,TE,LAR,2,0.0,0.0,1.65,1.65
242,Davis Allen,TE,LAR,3,0.0,0.0,4.74,4.74
243,Dawson Knox,TE,BUF,1,0.0,0.0,1.41,1.41
244,Dawson Knox,TE,BUF,2,0.0,0.0,3.24,3.24
245,Dawson Knox,TE,BUF,3,0.0,0.72,1.77,2.49
246,DeMario Douglas,WR,NWE,1,0.0,0.0,10.96,10.96
247,DeMario Douglas,WR,NWE,2,0.0,0.0,3.14,3.14
248,DeMario Douglas,WR,NWE,3,0.0,0.0,9.92,9.92
249,DeVonta Smith,WR,PHI,1,0.0,0.0,10.05,10.05
250,DeVonta Smith,WR,PHI,2,0.0,0.0,22.77,22.77
251,DeVonta Smith,WR,PHI,3,0.0,0.0,12.56,12.56
252,DeeJay Dallas,RB,MIN,1,0.0,0.0,1.41,1.41
253,DeeJay Dallas,RB,MIN,2,0.0,0.8,1.17,1.97
254,DeeJay Dallas,RB,MIN,3,0.0,0.81,0.0,0.81
255,Deebo Samuel,WR,SFO,1,0.0,0.21,10.89,11.100000000000001
256,Deebo Samuel,WR,SFO,2,0.0,0.83,6.43,7.26
257,Deebo Samuel,WR,SFO,3,0.0,1.1,0.0,1.1
258,Deion Burks,WR,IND,2,0.0,1.68,0.0,1.68
259,Demond Claiborne,RB,MIN,2,0.0,0.0,1.35,1.35
260,Demond Claiborne,RB,MIN,3,0.0,1.53,0.0,1.53
261,Denzel Boston,WR,CLE,1,0.0,0.0,8.06,8.06
262,Denzel Boston,WR,CLE,2,0.0,0.0,11.7,11.7
263,Denzel Boston,WR,CLE,3,0.0,0.0,6.85,6.85
264,Derius Davis,WR,LAC,1,0.0,0.0,2.36,2.36
265,Derius Davis,WR,LAC,2,0.0,0.0,1.54,1.54
266,Derrick Henry,RB,BAL,1,0.0,17.14,1.61,18.75
267,Derrick Henry,RB,BAL,2,0.0,10.91,4.63,15.54
268,Derrick Henry,RB,BAL,3,0.0,19.37,1.23,20.6
269,Deshaun Watson,QB,CLE,1,9.86,4.17,0.0,14.03
270,Deshaun Watson,QB,CLE,2,12.05,2.55,0.0,14.600000000000001
271,Deshaun Watson,QB,CLE,3,11.95,8.27,0.0,20.22
272,Devaughn Vele,WR,NOR,1,0.0,0.0,13.79,13.79
273,Devaughn Vele,WR,NOR,2,0.0,0.0,11.81,11.81
274,Devaughn Vele,WR,NOR,3,0.0,0.0,11.02,11.02
275,Devin Singletary,RB,NYG,1,0.0,4.14,6.1,10.239999999999998
276,Devin Singletary,RB,NYG,2,0.0,1.76,1.38,3.1399999999999997
277,Devontez Walker,WR,BAL,2,0.0,0.0,3.74,3.74
278,Devontez Walker,WR,BAL,3,0.0,0.0,2.19,2.19
279,Dohnte Meyers,WR,CIN,1,0.0,0.57,1.34,1.9100000000000001
280,Dohnte Meyers,WR,CIN,2,0.0,0.0,1.5,1.5
281,Dohnte Meyers,WR,CIN,3,0.0,0.0,7.87,7.87
282,Dontayvion Wicks,WR,PHI,1,0.0,0.0,7.29,7.29
283,Dontayvion Wicks,WR,PHI,2,0.0,0.0,10.41,10.41
284,Dontayvion Wicks,WR,PHI,3,0.0,0.0,9.14,9.14
285,Drake London,WR,ATL,1,0.0,0.82,6.23,7.050000000000001
286,Drake London,WR,ATL,2,0.0,0.83,7.82,8.65
287,Drake London,WR,ATL,3,0.0,0.0,16.89,16.89
288,Drake Maye,QB,NWE,1,12.82,3.65,0.0,16.47
289,Drake Maye,QB,NWE,2,9.78,1.64,0.0,11.42
290,Drake Maye,QB,NWE,3,12.58,3.45,0.0,16.03
291,Drew Lock,QB,SEA,1,9.13,1.12,0.0,10.25
292,Drew Lock,QB,SEA,2,12.4,0.0,0.0,12.4
293,Drew Sample,TE,CIN,1,0.0,0.0,4.65,4.65
294,Drew Sample,TE,CIN,3,0.0,0.0,3.41,3.41
295,Durham Smythe,TE,BAL,1,0.0,0.0,1.74,1.74
296,Durham Smythe,TE,BAL,2,0.0,0.0,1.47,1.47
297,Dyami Brown,WR,WAS,1,0.0,0.0,3.94,3.94
298,Dyami Brown,WR,WAS,2,0.28,0.0,10.27,10.549999999999999
299,Dyami Brown,WR,WAS,3,0.0,0.0,1.9,1.9
300,Efton Chism,WR,NWE,2,0.0,0.0,1.6,1.6
301,Efton Chism,WR,NWE,3,0.38,0.0,3.32,3.6999999999999997
302,Eli Raridon,TE,NWE,1,0.0,0.0,1.8,1.8
303,Eli Raridon,TE,NWE,2,0.0,0.0,2.08,2.08
304,Elic Ayomanor,WR,TEN,1,0.0,0.0,5.4,5.4
305,Elic Ayomanor,WR,TEN,2,0.0,0.0,5.31,5.31
306,Elic Ayomanor,WR,TEN,3,0.0,0.0,4.96,4.96
307,Elijah Arroyo,TE,SEA,2,0.0,0.0,1.9,1.9
308,Elijah Higgins,TE,ARI,3,0.0,0.0,4.32,4.32
309,Emanuel Wilson,RB,SEA,1,0.0,1.22,0.0,1.22
310,Emanuel Wilson,RB,SEA,2,0.0,16.97,1.59,18.56
311,Emanuel Wilson,RB,SEA,3,0.0,5.3,0.0,5.3
312,Emari Demercado,RB,DAL,1,0.0,1.78,0.0,1.78
313,Emari Demercado,RB,DAL,2,0.0,2.38,0.0,2.38
314,Emeka Egbuka,WR,TAM,1,0.0,0.0,10.51,10.51
315,Emeka Egbuka,WR,TAM,2,0.0,0.57,9.32,9.89
316,Emeka Egbuka,WR,TAM,3,0.0,0.0,14.34,14.34
317,Emmett Johnson,RB,KAN,1,0.0,5.72,2.87,8.59
318,Emmett Johnson,RB,KAN,2,0.0,1.27,2.78,4.05
319,Emmett Johnson,RB,KAN,3,0.0,3.66,0.0,3.66
320,Eric Saubert,TE,SEA,2,0.0,0.0,1.73,1.73
321,Eric Saubert,TE,SEA,3,0.0,0.0,3.05,3.05
322,Erick All,TE,CIN,2,0.0,0.0,4.76,4.76
323,Evan Engram,TE,DEN,1,0.0,0.0,7.54,7.54
324,Evan Engram,TE,DEN,2,0.0,0.0,1.91,1.91
325,Evan Engram,TE,DEN,3,0.0,0.0,2.84,2.84
326,Foster Moreau,TE,HOU,1,0.0,0.0,2.86,2.86
327,Foster Moreau,TE,HOU,2,0.0,0.0,3.25,3.25
328,Foster Moreau,TE,HOU,3,0.0,0.0,6.81,6.81
329,Garrett Wilson,WR,NYJ,1,0.0,0.0,12.25,12.25
330,Garrett Wilson,WR,NYJ,2,0.0,0.0,11.72,11.72
331,Garrett Wilson,WR,NYJ,3,0.0,0.0,21.54,21.54
332,Geno Smith,QB,NYJ,1,10.37,4.19,0.0,14.559999999999999
333,Geno Smith,QB,NYJ,2,14.52,3.16,0.0,17.68
334,Geno Smith,QB,NYJ,3,16.11,1.1,0.0,17.21
335,George Holani,RB,SEA,1,0.0,4.03,1.39,5.42
336,George Holani,RB,SEA,2,0.0,4.09,1.55,5.64
337,George Holani,RB,SEA,3,0.0,2.49,7.29,9.780000000000001
338,George Kittle,TE,SFO,1,0.0,0.0,8.28,8.28
339,George Kittle,TE,SFO,2,0.0,0.0,7.87,7.87
340,George Kittle,TE,SFO,3,0.0,0.0,12.19,12.19
341,George Pickens,WR,DAL,1,0.0,0.0,10.17,10.17
342,George Pickens,WR,DAL,2,0.0,0.0,13.27,13.27
343,George Pickens,WR,DAL,3,0.0,0.0,17.81,17.81
344,Germie Bernard,WR,PIT,2,0.0,0.0,13.62,13.62
345,Germie Bernard,WR,PIT,3,0.0,0.0,1.97,1.97
346,Greg Dulcich,TE,MIA,1,0.0,0.0,3.01,3.01
347,Greg Dulcich,TE,MIA,2,0.0,0.0,4.46,4.46
348,Greg Dulcich,TE,MIA,3,0.0,0.0,12.32,12.32
349,Gunnar Helm,TE,TEN,1,0.0,0.0,7.52,7.52
350,Gunnar Helm,TE,TEN,2,0.0,0.0,2.86,2.86
351,Gunnar Helm,TE,TEN,3,0.0,0.0,6.67,6.67
352,Harold Fannin,TE,CLE,1,0.0,0.0,4.2,4.2
353,Harold Fannin,TE,CLE,2,0.0,0.0,9.41,9.41
354,Harold Fannin,TE,CLE,3,0.0,0.0,14.7,14.7
355,Hunter Henry,TE,NWE,1,0.0,0.0,4.4,4.4
356,Hunter Henry,TE,NWE,2,0.0,0.0,8.66,8.66
357,Hunter Henry,TE,NWE,3,0.0,0.0,3.32,3.32
358,Hunter Long,TE,ARI,3,0.0,0.0,1.65,1.65
359,Hunter Luepke,RB,DAL,1,0.0,0.6,0.0,0.6
360,Hunter Luepke,RB,DAL,2,0.0,0.99,0.0,0.99
361,Ian Thomas,TE,LVR,2,0.0,0.0,1.47,1.47
362,Isaac TeSlaa,WR,DET,1,0.0,0.0,1.5,1.5
363,Isaac TeSlaa,WR,DET,2,0.0,0.0,9.03,9.03
364,Isaac TeSlaa,WR,DET,3,0.0,0.0,5.35,5.35
365,Isaiah Bond,WR,CLE,2,0.0,0.0,1.65,1.65
366,Isaiah Likely,TE,NYG,1,0.0,0.0,13.44,13.44
367,Isaiah Likely,TE,NYG,2,0.0,0.0,15.84,15.84
368,Isaiah Likely,TE,NYG,3,0.0,0.0,7.27,7.27
369,Isaiah Williams,WR,NYJ,1,0.0,0.0,1.47,1.47
370,Isaiah Williams,WR,NYJ,2,0.0,0.67,8.56,9.23
371,Isaiah Williams,WR,NYJ,3,0.0,0.0,3.21,3.21
372,J. Michael Sturdivant,WR,GNB,3,0.0,0.0,4.78,4.78
373,JK Dobbins,RB,DEN,1,0.0,3.72,0.0,3.72
374,JK Dobbins,RB,DEN,2,0.0,6.55,0.0,6.55
375,JK Dobbins,RB,DEN,3,0.0,11.41,3.06,14.47
376,Ja'Marr Chase,WR,CIN,1,0.0,0.0,6.47,6.47
377,Ja'Marr Chase,WR,CIN,2,0.0,0.0,15.07,15.07
378,Ja'Marr Chase,WR,CIN,3,0.0,0.0,19.92,19.92
379,Jack Bech,WR,LVR,1,0.0,0.0,6.93,6.93
380,Jack Bech,WR,LVR,2,0.0,0.0,3.21,3.21
381,Jack Strand,QB,ATL,2,5.52,1.07,0.0,6.59
382,Jackson Hawes,TE,BUF,3,0.0,0.0,2.21,2.21
383,Jackson Meeks,WR,DET,3,0.0,0.0,1.67,1.67
384,Jacob Cowing,WR,SFO,3,0.0,0.0,3.76,3.76
385,Jacoby Brissett,QB,ARI,1,16.53,4.49,0.0,21.020000000000003
386,Jacoby Brissett,QB,ARI,2,9.83,0.98,0.0,10.81
387,Jacoby Brissett,QB,ARI,3,22.61,4.14,0.0,26.75
388,Jacory Croskey-Merritt,RB,WAS,1,0.0,10.45,1.13,11.579999999999998
389,Jacory Croskey-Merritt,RB,WAS,2,0.0,7.4,1.27,8.67
390,Jacory Croskey-Merritt,RB,WAS,3,0.0,12.53,1.67,14.2
391,Jadarian Price,RB,SEA,1,0.0,4.9,2.95,7.8500000000000005
392,Jadarian Price,RB,SEA,2,0.0,8.52,3.32,11.84
393,Jadarian Price,RB,SEA,3,0.0,2.49,4.81,7.3
394,Jahan Dotson,WR,ATL,1,0.0,0.0,5.66,5.66
395,Jahan Dotson,WR,ATL,2,0.0,0.0,6.26,6.26
396,Jahan Dotson,WR,ATL,3,0.0,0.0,5.26,5.26
397,Jahdae Walker,WR,CHI,1,0.0,0.0,1.73,1.73
398,Jahmyr Gibbs,RB,DET,1,0.0,20.62,7.27,27.89
399,Jahmyr Gibbs,RB,DET,2,0.0,10.03,12.73,22.759999999999998
400,Jahmyr Gibbs,RB,DET,3,0.0,15.91,12.96,28.87
401,Jake Brendel,OL,SFO,1,0.0,0.0,1.56,1.56
402,Jake Briningstool,TE,KAN,1,0.0,0.0,1.59,1.59
403,Jake Briningstool,TE,KAN,3,0.0,0.0,1.62,1.62
404,Jake Ferguson,TE,DAL,1,0.0,0.0,3.19,3.19
405,Jake Ferguson,TE,DAL,2,0.0,0.0,6.76,6.76
406,Jake Ferguson,TE,DAL,3,0.0,0.0,8.2,8.2
407,Jakobi Meyers,WR,JAX,1,0.0,0.79,3.47,4.26
408,Jakobi Meyers,WR,JAX,2,0.0,0.0,1.85,1.85
409,Jakobi Meyers,WR,JAX,3,0.0,0.0,13.03,13.03
410,Jaleel McLaughlin,RB,CLE,2,0.0,0.48,1.79,2.27
411,Jalen Brooks,WR,ARI,3,0.0,0.0,1.66,1.66
412,Jalen Coker,WR,CAR,1,0.0,0.0,15.8,15.8
413,Jalen Coker,WR,CAR,2,0.0,0.0,14.67,14.67
414,Jalen Coker,WR,CAR,3,0.0,0.0,7.51,7.51
415,Jalen Hurts,QB,PHI,1,10.49,3.0,0.0,13.49
416,Jalen Hurts,QB,PHI,2,17.14,3.88,0.0,21.02
417,Jalen Hurts,QB,PHI,3,9.93,3.31,0.0,13.24
418,Jalen McMillan,WR,TAM,3,0.0,0.0,1.64,1.64
419,Jalen Nailor,WR,LVR,1,0.0,0.0,8.67,8.67
420,Jalen Nailor,WR,LVR,2,0.0,0.0,4.94,4.94
421,Jalen Nailor,WR,LVR,3,0.0,0.0,5.32,5.32
422,Jalen Royals,WR,KAN,2,0.0,0.0,3.31,3.31
423,Jalen Royals,WR,KAN,3,0.0,0.0,1.48,1.48
424,Jalon Daniels,QB,TAM,3,2.27,0.36,0.0,2.63
425,Jameis Winston,QB,NYG,2,12.88,1.98,0.0,14.860000000000001
426,Jameis Winston,QB,NYG,3,8.78,0.71,0.0,9.489999999999998
427,James Cook,RB,BUF,1,0.0,8.64,5.83,14.47
428,James Cook,RB,BUF,2,0.0,14.75,4.65,19.4
429,James Cook,RB,BUF,3,0.0,15.53,1.39,16.919999999999998
430,Jameson Williams,WR,DET,1,0.0,0.0,15.96,15.96
431,Jameson Williams,WR,DET,2,0.0,0.0,6.87,6.87
432,Jameson Williams,WR,DET,3,0.0,0.0,6.75,6.75
433,Jared Goff,QB,DET,1,15.8,0.96,0.0,16.76
434,Jared Goff,QB,DET,2,17.94,1.92,0.0,19.86
435,Jared Goff,QB,DET,3,14.97,2.89,0.0,17.86
436,Jared Wayne,WR,HOU,1,0.0,0.0,1.98,1.98
437,Jared Wayne,WR,HOU,2,0.0,0.0,12.46,12.46
438,Jared Wayne,WR,HOU,3,0.0,0.0,7.7,7.7
439,Jauan Jennings,WR,MIN,1,0.0,0.0,1.94,1.94
440,Jauan Jennings,WR,MIN,3,0.0,0.0,3.24,3.24
441,Javonte Williams,RB,DAL,1,0.0,8.36,7.4,15.76
442,Javonte Williams,RB,DAL,2,0.0,9.22,5.83,15.05
443,Javonte Williams,RB,DAL,3,0.0,13.84,4.47,18.31
444,Jaxon Smith-Njigba,WR,SEA,1,0.0,0.0,17.67,17.67
445,Jaxon Smith-Njigba,WR,SEA,2,0.0,0.0,18.95,18.95
446,Jaxon Smith-Njigba,WR,SEA,3,0.31,0.0,24.07,24.38
447,Jayden Daniels,QB,WAS,1,15.9,3.23,0.0,19.13
448,Jayden Daniels,QB,WAS,2,8.34,5.3,0.0,13.64
449,Jayden Reed,WR,GNB,1,0.0,0.0,11.48,11.48
450,Jayden Reed,WR,GNB,2,0.0,0.0,1.26,1.26
451,Jaylen Waddle,WR,DEN,1,0.0,0.0,4.3,4.3
452,Jaylen Waddle,WR,DEN,2,0.0,0.0,17.22,17.22
453,Jaylen Waddle,WR,DEN,3,0.0,0.77,11.39,12.16
454,Jaylen Warren,RB,PIT,1,0.0,5.1,9.12,14.219999999999999
455,Jaylen Warren,RB,PIT,2,0.0,5.27,5.74,11.01
456,Jaylen Warren,RB,PIT,3,0.0,10.58,6.37,16.95
457,Jaylen Wright,RB,MIA,1,0.0,0.39,0.0,0.39
458,Jaylen Wright,RB,MIA,2,0.0,2.02,0.0,2.02
459,Jaylin Lane,WR,WAS,1,0.0,0.0,1.27,1.27
460,Jaylin Lane,WR,WAS,3,0.0,0.0,1.44,1.44
461,Jaylin Noel,WR,HOU,1,0.0,0.0,3.61,3.61
462,Jaylin Noel,WR,HOU,2,0.0,0.72,7.87,8.59
463,Jaylin Noel,WR,HOU,3,0.0,0.76,2.92,3.6799999999999997
464,Jelani Woods,TE,NYJ,3,0.0,0.0,1.95,1.95
465,Jeremiyah Love,RB,ARI,1,0.0,7.35,6.5,13.85
466,Jeremiyah Love,RB,ARI,2,0.0,6.07,4.26,10.33
467,Jeremiyah Love,RB,ARI,3,0.0,15.21,7.92,23.130000000000003
468,Jeremy Ruckert,TE,NYJ,1,0.0,0.0,1.37,1.37
469,Jeremy Ruckert,TE,NYJ,2,0.0,0.0,2.79,2.79
470,Jeremy Ruckert,TE,NYJ,3,0.0,0.0,8.01,8.01
471,Jerry Jeudy,WR,CLE,1,0.0,0.0,6.24,6.24
472,Jerry Jeudy,WR,CLE,2,0.0,0.0,1.5,1.5
473,Joe Burrow,QB,CIN,1,14.63,4.91,0.0,19.54
474,Joe Burrow,QB,CIN,2,12.08,0.5,0.0,12.58
475,Joe Burrow,QB,CIN,3,16.84,1.33,0.0,18.17
476,John Bates,TE,WAS,1,0.0,0.0,4.76,4.76
477,John Bates,TE,WAS,3,0.0,0.0,1.43,1.43
478,John Metchie,WR,CAR,3,0.0,0.0,8.13,8.13
479,Johnny Mundt,TE,PHI,2,0.0,0.0,4.16,4.16
480,Johnny Mundt,TE,PHI,3,0.0,0.0,1.26,1.26
481,Jonathan Mingo,WR,DAL,1,0.0,0.0,1.54,1.54
482,Jonathan Taylor,RB,IND,1,0.0,10.9,5.65,16.55
483,Jonathan Taylor,RB,IND,2,0.0,16.74,5.61,22.349999999999998
484,Jonathan Taylor,RB,IND,3,0.0,15.56,4.52,20.08
485,Jonnu Smith,TE,GNB,1,0.0,0.0,5.07,5.07
486,Jonnu Smith,TE,GNB,3,0.0,0.0,5.0,5.0
487,Jordan Addison,WR,MIN,1,0.0,0.0,3.54,3.54
488,Jordan Addison,WR,MIN,2,0.0,0.0,8.42,8.42
489,Jordan Addison,WR,MIN,3,0.0,0.0,15.7,15.7
490,Jordan James,RB,SFO,2,0.0,1.96,0.0,1.96
491,Jordan Love,QB,GNB,1,21.37,0.97,0.0,22.34
492,Jordan Love,QB,GNB,2,11.7,0.0,0.0,11.7
493,Jordan Love,QB,GNB,3,23.72,0.34,0.0,24.06
494,Jordan Watkins,WR,SFO,3,0.0,0.0,3.57,3.57
495,Jordan Whittington,WR,LAR,1,0.0,0.0,1.86,1.86
496,Josh Allen,QB,BUF,1,14.47,4.35,0.0,18.82
497,Josh Allen,QB,BUF,2,14.02,10.97,0.0,24.990000000000002
498,Josh Allen,QB,BUF,3,12.99,6.38,1.6,20.970000000000002
499,Josh Cameron,WR,JAX,1,0.0,0.0,3.7,3.7
500,Josh Cameron,WR,JAX,3,0.0,0.0,3.38,3.38
501,Josh Cuevas,TE,BAL,3,0.0,0.0,1.6,1.6
502,Josh Downs,WR,IND,1,0.0,0.0,7.31,7.31
503,Josh Downs,WR,IND,2,0.0,0.0,15.21,15.21
504,Josh Downs,WR,IND,3,0.0,0.0,20.33,20.33
505,Josh Oliver,TE,MIN,1,0.0,0.0,6.2,6.2
506,Josh Oliver,TE,MIN,2,0.0,0.0,1.34,1.34
507,Joshua Palmer,WR,BUF,1,0.0,0.0,4.51,4.51
508,Joshua Palmer,WR,BUF,2,0.0,0.0,5.16,5.16
509,Justice Hill,RB,BAL,1,0.0,4.42,1.42,5.84
510,Justice Hill,RB,BAL,2,0.0,1.41,2.8,4.21
511,Justice Hill,RB,BAL,3,0.0,2.76,0.0,2.76
512,Justin Herbert,QB,LAC,1,11.08,3.66,0.0,14.74
513,Justin Herbert,QB,LAC,2,10.88,1.95,0.0,12.83
514,Justin Herbert,QB,LAC,3,16.35,2.94,0.0,19.290000000000003
515,Justin Jefferson,WR,MIN,1,0.0,0.0,14.88,14.88
516,Justin Jefferson,WR,MIN,2,0.0,0.0,10.94,10.94
517,Justin Jefferson,WR,MIN,3,0.0,0.0,3.41,3.41
518,Juwan Johnson,TE,NOR,1,0.0,0.0,12.11,12.11
519,Juwan Johnson,TE,NOR,2,0.0,0.0,6.16,6.16
520,Juwan Johnson,TE,NOR,3,0.0,0.0,12.23,12.23
521,KC Concepcion,WR,CLE,1,0.0,1.38,8.95,10.329999999999998
522,KC Concepcion,WR,CLE,2,0.0,0.7,9.34,10.04
523,KC Concepcion,WR,CLE,3,0.0,0.0,13.64,13.64
524,KaVontae Turpin,WR,DAL,1,0.0,0.0,1.53,1.53
525,KaVontae Turpin,WR,DAL,2,0.0,0.97,0.0,0.97
526,KaVontae Turpin,WR,DAL,3,0.0,1.03,3.1,4.13
527,Kaelon Black,RB,SFO,1,0.0,8.65,1.48,10.13
528,Kaelon Black,RB,SFO,2,0.0,4.71,0.0,4.71
529,Kaelon Black,RB,SFO,3,0.0,3.39,1.33,4.720000000000001
530,Kai Kroeger,SPEC,HOU,2,0.49,0.0,0.0,0.49
531,Kaleb Johnson,RB,GNB,2,0.0,4.3,0.0,4.3
532,Kaleb Johnson,RB,GNB,3,0.0,1.69,4.28,5.970000000000001
533,Kalif Raymond,WR,CHI,1,0.0,0.0,14.58,14.58
534,Kalif Raymond,WR,CHI,2,0.0,0.0,7.24,7.24
535,Kalif Raymond,WR,CHI,3,0.0,0.0,11.93,11.93
536,Kayshon Boutte,WR,HOU,1,0.0,0.0,3.91,3.91
537,Kayshon Boutte,WR,HOU,2,0.0,0.0,8.85,8.85
538,Kayshon Boutte,WR,HOU,3,0.0,0.0,3.73,3.73
539,Kaytron Allen,RB,WAS,1,0.0,3.36,0.0,3.36
540,Kaytron Allen,RB,WAS,2,0.0,3.46,0.0,3.46
541,Keaton Mitchell,RB,LAC,1,0.0,3.41,0.0,3.41
542,Keaton Mitchell,RB,LAC,2,0.0,2.35,1.27,3.62
543,Keaton Mitchell,RB,LAC,3,0.0,3.92,4.95,8.870000000000001
544,Keenan Allen,WR,IND,1,0.0,0.0,9.25,9.25
545,Keenan Allen,WR,IND,2,0.0,0.0,7.9,7.9
546,Keenan Allen,WR,IND,3,0.0,0.0,15.1,15.1
547,Kendre Miller,RB,NOR,1,0.0,6.6,0.0,6.6
548,Kendre Miller,RB,NOR,3,0.0,2.3,4.28,6.58
549,Kendrick Bourne,WR,ARI,1,0.0,0.0,12.56,12.56
550,Kendrick Bourne,WR,ARI,2,0.0,0.0,4.28,4.28
551,Kendrick Bourne,WR,ARI,3,0.0,0.0,4.92,4.92
552,Kenneth Walker,RB,KAN,1,0.0,13.84,8.9,22.740000000000002
553,Kenneth Walker,RB,KAN,2,0.0,16.09,15.38,31.47
554,Kenneth Walker,RB,KAN,3,0.0,13.74,3.34,17.08
555,Kenny Gainwell,RB,TAM,1,0.0,4.07,1.34,5.41
556,Kenny Gainwell,RB,TAM,2,0.0,1.99,6.25,8.24
557,Kenny Gainwell,RB,TAM,3,0.0,0.73,7.27,8.0
558,Kenny Pickett,QB,CAR,1,0.35,0.65,0.0,1.0
559,Kenny Pickett,QB,CAR,2,0.0,0.65,0.0,0.65
560,Kenyon Sadiq,TE,NYJ,1,0.0,1.18,4.41,5.59
561,Kenyon Sadiq,TE,NYJ,2,0.0,0.0,3.9,3.9
562,Kenyon Sadiq,TE,NYJ,3,0.0,0.0,13.01,13.01
563,Keon Coleman,WR,BUF,1,0.0,0.0,1.53,1.53
564,Keon Coleman,WR,BUF,2,0.0,0.0,9.81,9.81
565,Keon Coleman,WR,BUF,3,0.0,0.0,4.42,4.42
566,Kevin Coleman,WR,MIA,1,0.0,0.0,3.22,3.22
567,Kevin Coleman,WR,MIA,3,0.0,0.0,7.3,7.3
568,Khadarel Hodge,WR,SFO,2,0.0,0.0,1.49,1.49
569,Khalil Shakir,WR,BUF,1,0.0,0.0,9.84,9.84
570,Khalil Shakir,WR,BUF,2,0.0,0.0,10.36,10.36
571,Khalil Shakir,WR,BUF,3,0.0,0.0,5.11,5.11
572,Khyiris Tonga,DL,KAN,2,0.0,0.67,0.0,0.67
573,Kimani Vidal,RB,LAC,3,0.0,1.03,4.69,5.720000000000001
574,Kirk Cousins,QB,LVR,1,14.15,3.12,0.0,17.27
575,Kirk Cousins,QB,LVR,2,12.9,2.13,0.0,15.030000000000001
576,Kirk Cousins,QB,LVR,3,15.68,1.87,0.0,17.55
577,Konata Mumpfield,WR,LAR,1,0.0,0.0,1.92,1.92
578,Konata Mumpfield,WR,LAR,2,0.0,0.0,3.18,3.18
579,Konata Mumpfield,WR,LAR,3,0.0,0.0,13.85,13.85
580,Kyle Juszczyk,RB,SFO,2,0.0,0.0,3.63,3.63
581,Kyle Juszczyk,RB,SFO,3,0.0,0.0,3.48,3.48
582,Kyle Monangai,RB,CHI,1,0.0,6.81,3.5,10.309999999999999
583,Kyle Monangai,RB,CHI,2,0.0,6.27,3.04,9.309999999999999
584,Kyle Monangai,RB,CHI,3,0.0,8.11,0.0,8.11
585,Kyle Pitts,TE,ATL,1,0.0,0.0,1.86,1.86
586,Kyle Pitts,TE,ATL,2,0.0,0.0,4.4,4.4
587,Kyle Pitts,TE,ATL,3,0.0,0.0,3.02,3.02
588,Kyle Williams,WR,NWE,2,0.0,0.0,3.34,3.34
589,Kyle Williams,WR,NWE,3,0.0,0.0,5.47,5.47
590,Kyler Murray,QB,MIN,1,1.75,0.83,0.0,2.58
591,Kyler Murray,QB,MIN,3,12.15,0.75,0.0,12.9
592,Kyren Williams,RB,LAR,1,0.0,7.81,4.27,12.079999999999998
593,Kyren Williams,RB,LAR,2,0.0,7.96,2.98,10.94
594,Kyren Williams,RB,LAR,3,0.0,9.23,10.85,20.08
595,LaJohntay Wester,WR,BAL,1,0.0,0.0,3.14,3.14
596,LaJohntay Wester,WR,BAL,2,0.0,0.0,3.05,3.05
597,Ladd McConkey,WR,LAC,1,0.0,0.0,12.42,12.42
598,Ladd McConkey,WR,LAC,2,0.0,0.0,4.78,4.78
599,Ladd McConkey,WR,LAC,3,0.0,0.0,8.89,8.89
600,Lamar Jackson,QB,BAL,1,12.2,4.28,0.0,16.48
601,Lamar Jackson,QB,BAL,2,14.54,2.97,0.0,17.509999999999998
602,Lamar Jackson,QB,BAL,3,9.87,5.0,0.0,14.87
603,Laquon Treadwell,WR,IND,1,0.0,0.0,1.59,1.59
604,Laquon Treadwell,WR,IND,2,0.0,0.0,5.54,5.54
605,Laquon Treadwell,WR,IND,3,0.0,0.0,2.02,2.02
606,LeQuint Allen,RB,JAX,2,0.0,0.0,1.91,1.91
607,LeQuint Allen,RB,JAX,3,0.0,0.0,3.03,3.03
608,Lil'Jordan Humphrey,WR,DEN,2,0.0,0.0,1.76,1.76
609,Luke Farrell,TE,SFO,1,0.0,0.0,2.7,2.7
610,Luke Farrell,TE,SFO,3,0.0,0.0,1.92,1.92
611,Luke Schoonmaker,TE,DAL,1,0.0,0.0,1.64,1.64
612,Luke Schoonmaker,TE,DAL,3,0.0,0.0,1.5,1.5
613,Luther Burden,WR,CHI,1,0.0,0.56,8.14,8.700000000000001
614,Luther Burden,WR,CHI,2,0.0,0.0,12.41,12.41
615,Luther Burden,WR,CHI,3,0.0,0.94,17.94,18.880000000000003
616,Mac Jones,QB,SFO,2,0.0,0.89,0.0,0.89
617,Mack Hollins,WR,NWE,1,0.0,0.0,8.4,8.4
618,Mack Hollins,WR,NWE,2,0.0,0.0,2.87,2.87
619,Mack Hollins,WR,NWE,3,0.0,0.0,15.09,15.09
620,Makai Lemon,WR,PHI,1,0.0,0.0,5.38,5.38
621,Makai Lemon,WR,PHI,2,0.0,0.73,1.88,2.61
622,Makai Lemon,WR,PHI,3,0.0,0.0,6.49,6.49
623,Malachi Fields,WR,NYG,1,0.0,0.0,7.15,7.15
624,Malachi Fields,WR,NYG,2,0.0,0.0,11.49,11.49
625,Malachi Fields,WR,NYG,3,0.0,0.0,2.91,2.91
626,Malik Benson,WR,LVR,1,0.0,0.45,3.47,3.9200000000000004
627,Malik Benson,WR,LVR,2,0.0,0.0,1.99,1.99
628,Malik Benson,WR,LVR,3,0.0,0.0,1.97,1.97
629,Malik Nabers,WR,NYG,1,0.0,0.0,15.09,15.09
630,Malik Nabers,WR,NYG,2,0.0,0.0,7.34,7.34
631,Malik Nabers,WR,NYG,3,0.0,0.0,9.05,9.05
632,Malik Washington,WR,MIA,1,0.0,0.0,14.45,14.45
633,Malik Washington,WR,MIA,2,0.0,0.87,7.67,8.54
634,Malik Washington,WR,MIA,3,0.0,1.07,17.48,18.55
635,Malik Willis,QB,MIA,1,12.48,2.79,0.0,15.27
636,Malik Willis,QB,MIA,2,9.25,1.34,0.0,10.59
637,Malik Willis,QB,MIA,3,17.94,4.51,0.0,22.450000000000003
638,MarShawn Lloyd,RB,GNB,1,0.0,7.87,2.03,9.9
639,MarShawn Lloyd,RB,GNB,2,0.0,3.71,2.79,6.5
640,MarShawn Lloyd,RB,GNB,3,0.0,3.92,4.09,8.01
641,Marcus Mariota,QB,WAS,2,8.01,0.77,0.0,8.78
642,Marcus Mariota,QB,WAS,3,13.5,3.88,0.0,17.38
643,Mark Andrews,TE,BAL,1,0.0,0.0,9.47,9.47
644,Mark Andrews,TE,BAL,2,0.0,0.0,11.6,11.6
645,Mark Andrews,TE,BAL,3,0.0,0.0,8.17,8.17
646,Marlin Klein,TE,HOU,1,0.0,0.0,1.71,1.71
647,Marquez Valdes-Scantling,WR,LAC,3,0.0,0.0,2.28,2.28
648,Marquise Brown,WR,PHI,2,0.0,0.85,0.0,0.85
649,Marvin Harrison Jr.,WR,ARI,1,0.0,0.0,5.75,5.75
650,Marvin Harrison Jr.,WR,ARI,2,0.0,0.0,1.28,1.28
651,Marvin Harrison Jr.,WR,ARI,3,0.0,0.0,8.67,8.67
652,Mason Rudolph,QB,PIT,2,0.28,0.46,0.0,0.74
653,Mason Taylor,TE,NYJ,1,0.0,0.0,4.7,4.7
654,Matthew Golden,WR,GNB,1,0.0,0.0,20.71,20.71
655,Matthew Golden,WR,GNB,2,0.0,0.0,10.35,10.35
656,Matthew Golden,WR,GNB,3,0.0,0.0,20.56,20.56
657,Matthew Hibner,TE,BAL,1,0.0,0.0,1.6,1.6
658,Matthew Hibner,TE,BAL,3,0.0,0.0,3.37,3.37
659,Matthew Stafford,QB,LAR,1,11.48,1.44,0.0,12.92
660,Matthew Stafford,QB,LAR,2,14.06,3.18,0.0,17.240000000000002
661,Matthew Stafford,QB,LAR,3,24.51,1.95,0.0,26.46
662,Michael Burton,RB,CLE,3,0.0,0.0,1.53,1.53
663,Michael Mayer,TE,LVR,1,0.0,0.0,11.05,11.05
664,Michael Mayer,TE,LVR,2,0.0,0.0,5.82,5.82
665,Michael Mayer,TE,LVR,3,0.0,0.0,4.9,4.9
666,Michael Penix Jr.,QB,ATL,3,10.29,0.55,0.0,10.84
667,Michael Pittman Jr.,WR,PIT,1,0.0,0.0,4.88,4.88
668,Michael Pittman Jr.,WR,PIT,3,0.0,0.0,8.45,8.45
669,Michael Wilson,WR,ARI,1,0.0,0.0,11.37,11.37
670,Michael Wilson,WR,ARI,2,0.0,0.0,11.25,11.25
671,Michael Wilson,WR,ARI,3,0.0,0.0,29.01,29.01
672,Mike Evans,WR,SFO,1,0.0,0.0,11.4,11.4
673,Mike Evans,WR,SFO,2,0.0,0.0,5.63,5.63
674,Mike Evans,WR,SFO,3,0.0,0.0,10.43,10.43
675,Mike Gesicki,TE,CIN,1,0.0,0.0,11.25,11.25
676,Mike Gesicki,TE,CIN,3,0.0,0.0,5.29,5.29
677,Mike Washington Jr.,DB,LVR,1,0.0,4.98,0.0,4.98
678,Mike Washington Jr.,DB,LVR,2,0.0,2.15,1.67,3.82
679,Mike Washington Jr.,DB,LVR,3,0.0,4.28,0.0,4.28
680,Mitchell Evans,TE,CAR,1,0.0,0.0,3.42,3.42
681,Mitchell Evans,TE,CAR,2,0.0,0.0,1.38,1.38
682,Mitchell Evans,TE,CAR,3,0.0,0.0,4.25,4.25
683,Mo Alie-Cox,TE,IND,3,0.0,0.0,1.42,1.42
684,Myles Price,WR,MIN,2,0.0,0.0,1.39,1.39
685,Najee Harris,RB,NYG,2,0.0,3.57,0.0,3.57
686,Najee Harris,RB,NYG,3,0.0,5.31,0.0,5.31
687,Nate Adkins,TE,DEN,2,0.0,0.41,5.05,5.46
688,Nate Adkins,TE,DEN,3,0.0,0.0,3.42,3.42
689,Nate Boerkircher,TE,JAX,1,0.0,0.0,1.42,1.42
690,Nate Boerkircher,TE,JAX,3,0.0,0.0,1.75,1.75
691,Nicholas Singleton,RB,TEN,2,0.0,2.5,0.0,2.5
692,Nico Collins,WR,HOU,1,0.0,0.78,18.27,19.05
693,Noah Fant,TE,NOR,1,0.0,0.0,12.64,12.64
694,Noah Fant,TE,NOR,3,0.0,0.0,6.55,6.55
695,Noah Gray,TE,KAN,1,0.0,0.0,1.79,1.79
696,Noah Gray,TE,KAN,2,0.0,0.0,1.51,1.51
697,Noah Gray,TE,KAN,3,0.0,0.0,5.46,5.46
698,Odell Beckham Jr.,WR,NYG,3,0.0,0.0,1.83,1.83
699,Olamide Zaccheaus,WR,ATL,1,0.0,0.0,1.58,1.58
700,Olamide Zaccheaus,WR,ATL,2,0.0,0.0,4.66,4.66
701,Olamide Zaccheaus,WR,ATL,3,0.0,0.0,2.96,2.96
702,Ollie Gordon,RB,MIA,2,0.0,1.46,0.0,1.46
703,Ollie Gordon,RB,MIA,3,0.0,10.72,4.37,15.09
704,Omarion Hampton,RB,LAC,1,0.0,7.04,0.0,7.04
705,Omarion Hampton,RB,LAC,2,0.0,11.49,2.77,14.26
706,Omarion Hampton,RB,LAC,3,0.0,11.19,1.33,12.52
707,Oronde Gadsden,TE,LAC,1,0.0,0.0,2.94,2.94
708,Oronde Gadsden,TE,LAC,2,0.0,0.0,3.12,3.12
709,Oronde Gadsden,TE,LAC,3,0.0,0.0,4.85,4.85
710,Oscar Delp,TE,NOR,2,0.0,0.0,1.74,1.74
711,Parker Washington,WR,JAX,1,0.0,0.0,11.05,11.05
712,Parker Washington,WR,JAX,2,0.0,0.0,20.82,20.82
713,Parker Washington,WR,JAX,3,0.0,0.0,8.77,8.77
714,Pat Bryant,WR,DEN,1,0.0,0.0,8.95,8.95
715,Pat Bryant,WR,DEN,2,0.0,0.63,1.34,1.9700000000000002
716,Pat Bryant,WR,DEN,3,0.0,0.0,3.11,3.11
717,Pat Freiermuth,TE,PIT,1,0.0,0.0,8.08,8.08
718,Pat Freiermuth,TE,PIT,2,0.0,0.54,7.86,8.4
719,Pat Freiermuth,TE,PIT,3,0.0,0.54,6.58,7.12
720,Patrick Mahomes,QB,KAN,1,10.83,5.3,0.0,16.13
721,Patrick Mahomes,QB,KAN,2,20.46,1.49,0.0,21.95
722,Patrick Mahomes,QB,KAN,3,11.51,0.1,0.0,11.61
723,Patrick Ricard,RB,NYG,1,0.0,0.0,1.63,1.63
724,Payne Durham,TE,TAM,3,0.0,0.0,1.44,1.44
725,Puka Nacua,WR,LAR,1,0.0,0.0,15.87,15.87
726,Quentin Johnston,WR,LAC,1,0.0,0.0,8.91,8.91
727,Quentin Johnston,WR,LAC,2,0.0,0.3,8.69,8.99
728,Quentin Johnston,WR,LAC,3,0.0,0.0,9.83,9.83
729,Quinshon Judkins,RB,CLE,1,0.0,8.41,2.99,11.4
730,Quinshon Judkins,RB,CLE,2,0.0,6.65,7.34,13.99
731,Quinshon Judkins,RB,CLE,3,0.0,10.42,2.99,13.41
732,Quintin Morris,TE,JAX,1,0.0,0.0,1.57,1.57
733,Quintin Morris,TE,JAX,2,0.0,0.0,1.52,1.52
734,RJ Harvey,RB,DEN,1,0.0,1.2,4.72,5.92
735,RJ Harvey,RB,DEN,3,0.0,1.24,10.3,11.540000000000001
736,Rachaad White,RB,WAS,1,0.0,3.15,2.81,5.96
737,Rachaad White,RB,WAS,2,0.0,6.37,8.94,15.309999999999999
738,Rachaad White,RB,WAS,3,0.0,4.27,1.94,6.209999999999999
739,Raheim Sanders,RB,CLE,1,0.0,1.0,4.1,5.1
740,Raheim Sanders,RB,CLE,2,0.0,0.66,1.41,2.07
741,Raheim Sanders,RB,CLE,3,0.0,0.82,6.88,7.7
742,Rashee Rice,WR,KAN,1,0.0,0.0,3.01,3.01
743,Rashee Rice,WR,KAN,2,0.0,0.0,9.71,9.71
744,Rashee Rice,WR,KAN,3,0.0,0.0,15.45,15.45
745,Rashid Shaheed,WR,SEA,1,0.0,0.0,4.9,4.9
746,Rashid Shaheed,WR,SEA,2,0.0,0.87,10.05,10.92
747,Rashid Shaheed,WR,SEA,3,0.0,0.0,4.25,4.25
748,Rashod Bateman,WR,BAL,1,0.0,0.0,1.94,1.94
749,Rashod Bateman,WR,BAL,2,0.0,0.0,16.08,16.08
750,Rashod Bateman,WR,BAL,3,0.0,0.0,5.2,5.2
751,Ray Davis,RB,BUF,1,0.0,0.68,0.0,0.68
752,Reggie Gilliam,RB,NWE,2,0.0,0.0,2.77,2.77
753,Rhamondre Stevenson,RB,NWE,1,0.0,8.64,8.44,17.08
754,Rhamondre Stevenson,RB,NWE,2,0.0,3.38,3.06,6.4399999999999995
755,Rhamondre Stevenson,RB,NWE,3,0.0,5.36,4.39,9.75
756,Rico Dowdle,RB,PIT,1,0.0,4.29,7.35,11.64
757,Rico Dowdle,RB,PIT,2,0.0,2.96,3.1,6.0600000000000005
758,Robert Tonyan,TE,PIT,3,0.0,0.0,1.58,1.58
759,Roman Wilson,WR,PIT,1,0.0,0.0,11.22,11.22
760,Roman Wilson,WR,PIT,2,0.0,0.0,9.03,9.03
761,Roman Wilson,WR,PIT,3,0.0,0.0,11.1,11.1
762,Rome Odunze,WR,CHI,1,0.0,0.0,5.89,5.89
763,Rome Odunze,WR,CHI,2,0.0,0.0,6.77,6.77
764,Rome Odunze,WR,CHI,3,0.0,0.0,11.07,11.07
765,Romeo Doubs,WR,NWE,1,0.0,0.0,5.62,5.62
766,Romeo Doubs,WR,NWE,2,0.0,0.0,7.01,7.01
767,Romeo Doubs,WR,NWE,3,0.0,0.0,7.13,7.13
768,Ryan Flournoy,WR,DAL,1,0.0,0.0,5.87,5.87
769,Ryan Flournoy,WR,DAL,2,0.0,0.0,9.33,9.33
770,Ryan Flournoy,WR,DAL,3,0.0,0.0,14.07,14.07
771,Ryan Miller,WR,MIA,2,0.0,0.0,2.08,2.08
772,Ryan Miller,WR,MIA,3,0.0,0.0,4.35,4.35
773,Sam Darnold,QB,SEA,1,0.88,0.0,0.0,0.88
774,Sam Darnold,QB,SEA,3,19.61,0.67,0.0,20.28
775,Sam LaPorta,TE,DET,1,0.0,0.0,11.96,11.96
776,Sam LaPorta,TE,DET,2,0.0,0.0,11.27,11.27
777,Sam LaPorta,TE,DET,3,0.0,0.0,7.29,7.29
778,Sam Roush,TE,CHI,2,0.0,0.0,5.22,5.22
779,Sam Roush,TE,CHI,3,0.0,0.0,1.65,1.65
780,Samaje Perine,RB,CIN,1,0.0,3.29,4.43,7.72
781,Samaje Perine,RB,CIN,2,0.0,1.06,1.54,2.6
782,Samaje Perine,RB,CIN,3,0.0,2.81,4.96,7.77
783,Saquon Barkley,RB,PHI,1,0.0,8.05,2.79,10.84
784,Saquon Barkley,RB,PHI,2,0.0,1.87,3.0,4.87
785,Saquon Barkley,RB,PHI,3,0.0,10.05,2.61,12.66
786,Seth McGowan,RB,IND,1,0.0,0.0,1.43,1.43
787,Seth McGowan,RB,IND,2,0.0,1.39,0.0,1.39
788,Seth McGowan,RB,IND,3,0.0,3.37,0.0,3.37
789,Shedeur Sanders,QB,CLE,3,0.4,0.0,0.0,0.4
790,Sione Vaki,RB,DET,1,0.0,1.2,1.59,2.79
791,Sione Vaki,RB,DET,2,0.0,0.59,1.32,1.9100000000000001
792,Sione Vaki,RB,DET,3,0.0,4.51,1.68,6.1899999999999995
793,Skyy Moore,WR,GNB,1,0.0,0.0,2.01,2.01
794,Skyy Moore,WR,GNB,2,0.0,0.0,4.46,4.46
795,Skyy Moore,WR,GNB,3,0.0,0.0,11.68,11.68
796,Stefon Diggs,WR,WAS,1,0.0,0.0,14.81,14.81
797,Stefon Diggs,WR,WAS,2,0.0,0.0,10.86,10.86
798,Stefon Diggs,WR,WAS,3,0.0,0.0,10.6,10.6
799,Stetson Bennett,QB,LAR,1,1.7,0.61,0.0,2.31
800,TJ Hockenson,TE,MIN,1,0.0,0.0,8.23,8.23
801,TJ Hockenson,TE,MIN,2,0.0,0.0,6.52,6.52
802,TJ Hockenson,TE,MIN,3,0.0,0.0,6.2,6.2
803,Tai Felton,WR,MIN,3,0.0,0.0,3.06,3.06
804,Tank Bigsby,RB,PHI,1,0.0,0.98,0.0,0.98
805,Tank Bigsby,RB,PHI,2,0.0,9.2,2.61,11.809999999999999
806,Tank Bigsby,RB,PHI,3,0.0,0.0,1.16,1.16
807,Ted Hurst III,WR,TAM,1,0.0,0.0,5.14,5.14
808,Ted Hurst III,WR,TAM,2,0.0,0.0,13.43,13.43
809,Ted Hurst III,WR,TAM,3,0.0,0.0,6.03,6.03
810,Tee Higgins,WR,CIN,1,0.0,0.0,11.27,11.27
811,Tee Higgins,WR,CIN,2,0.0,0.0,15.73,15.73
812,Tee Higgins,WR,CIN,3,0.0,0.0,12.31,12.31
813,Terrance Ferguson,TE,LAR,1,0.0,0.0,1.95,1.95
814,Terrance Ferguson,TE,LAR,2,0.0,0.0,14.04,14.04
815,Terrance Ferguson,TE,LAR,3,0.0,0.0,2.9,2.9
816,Terry McLaurin,WR,WAS,1,0.0,0.0,6.62,6.62
817,Terry McLaurin,WR,WAS,2,0.0,0.0,16.43,16.43
818,Terry McLaurin,WR,WAS,3,0.0,0.0,15.32,15.32
819,Tetairoa McMillan,WR,CAR,1,0.0,0.0,14.5,14.5
820,Tetairoa McMillan,WR,CAR,2,0.0,0.0,17.31,17.31
821,Tetairoa McMillan,WR,CAR,3,0.0,0.0,8.05,8.05
822,Tez Johnson,WR,TAM,1,0.0,0.78,1.77,2.55
823,Tez Johnson,WR,TAM,2,0.0,0.0,8.59,8.59
824,Tez Johnson,WR,TAM,3,0.0,0.0,3.61,3.61
825,Theo Johnson,TE,NYG,1,0.0,0.0,1.5,1.5
826,Theo Johnson,TE,NYG,2,0.0,0.0,7.28,7.28
827,Tommy DeVito,QB,NWE,3,2.99,0.51,0.0,3.5
828,Tommy Tremble,TE,CAR,1,0.0,0.0,8.31,8.31
829,Tommy Tremble,TE,CAR,2,0.0,0.0,3.5,3.5
830,Tommy Tremble,TE,CAR,3,0.0,0.0,6.14,6.14
831,Tony Pollard,RB,TEN,1,0.0,3.79,3.51,7.3
832,Tony Pollard,RB,TEN,2,0.0,8.94,1.23,10.17
833,Tony Pollard,RB,TEN,3,0.0,9.7,6.09,15.79
834,Tory Horton,WR,SEA,3,0.0,0.0,6.1,6.1
835,Travis Etienne,RB,NOR,1,0.0,4.35,13.16,17.509999999999998
836,Travis Etienne,RB,NOR,2,0.0,5.44,2.92,8.36
837,Travis Etienne,RB,NOR,3,0.0,9.04,2.78,11.819999999999999
838,Travis Homer,RB,PIT,2,0.0,0.87,0.0,0.87
839,Travis Homer,RB,PIT,3,0.0,0.96,0.0,0.96
840,Travis Hunter,DB,JAX,1,0.0,0.51,1.44,1.95
841,Travis Kelce,TE,KAN,1,0.0,0.0,7.96,7.96
842,Travis Kelce,TE,KAN,2,0.0,0.0,17.19,17.19
843,Travis Kelce,TE,KAN,3,0.0,0.0,3.9,3.9
844,Tre Harris,WR,LAC,1,0.0,0.0,8.92,8.92
845,Tre Harris,WR,LAC,2,0.0,0.0,5.23,5.23
846,Tre Harris,WR,LAC,3,0.0,0.0,11.51,11.51
847,Tre Tucker,WR,LVR,1,0.0,0.0,7.28,7.28
848,Tre Tucker,WR,LVR,2,0.0,0.0,12.56,12.56
849,Tre Tucker,WR,LVR,3,0.0,0.0,6.85,6.85
850,TreVeyon Henderson,RB,NWE,2,0.0,8.44,0.0,8.44
851,TreVeyon Henderson,RB,NWE,3,0.0,5.07,1.66,6.73
852,Trevor Lawrence,QB,JAX,1,11.63,1.21,0.0,12.84
853,Trevor Lawrence,QB,JAX,2,13.52,1.66,0.0,15.18
854,Trevor Lawrence,QB,JAX,3,12.19,2.57,0.0,14.76
855,Trey McBride,TE,ARI,1,0.0,0.0,21.14,21.14
856,Trey McBride,TE,ARI,2,0.0,0.0,15.32,15.32
857,Trey McBride,TE,ARI,3,0.0,0.0,17.46,17.46
858,Treylon Burks,WR,WAS,2,0.0,0.0,2.48,2.48
859,Treylon Burks,WR,WAS,3,0.0,0.0,3.54,3.54
860,Troy Franklin,WR,DEN,1,0.0,0.35,1.97,2.32
861,Troy Franklin,WR,DEN,2,0.0,0.0,3.84,3.84
862,Troy Franklin,WR,DEN,3,0.0,0.0,1.6,1.6
863,Tucker Kraft,TE,GNB,1,0.0,0.0,10.67,10.67
864,Tucker Kraft,TE,GNB,2,0.0,0.0,4.79,4.79
865,Tucker Kraft,TE,GNB,3,0.0,0.0,12.17,12.17
866,Tutu Atwell,WR,LAR,2,0.0,0.0,4.01,4.01
867,Ty Johnson,RB,BUF,3,0.0,0.0,6.0,6.0
868,Tyjae Spears,RB,TEN,1,0.0,1.8,5.66,7.46
869,Tyjae Spears,RB,TEN,2,0.0,3.42,2.8,6.22
870,Tyjae Spears,RB,TEN,3,0.0,2.03,0.0,2.03
871,Tyler Allgeier,RB,ARI,1,0.0,10.77,3.08,13.85
872,Tyler Allgeier,RB,ARI,2,0.0,3.02,2.66,5.68
873,Tyler Allgeier,RB,ARI,3,0.0,1.8,5.23,7.03
874,Tyler Badie,RB,DEN,2,0.0,0.77,4.16,4.93
875,Tyler Badie,RB,DEN,3,0.0,0.83,1.65,2.48
876,Tyler Goodson,RB,DAL,3,0.0,4.68,1.38,6.06
877,Tyler Higbee,TE,LAR,1,0.0,0.0,3.12,3.12
878,Tyler Higbee,TE,LAR,3,0.0,0.0,17.73,17.73
879,Tyler Shough,QB,NOR,1,23.62,3.14,0.0,26.76
880,Tyler Shough,QB,NOR,2,14.58,6.55,0.0,21.13
881,Tyler Shough,QB,NOR,3,18.77,0.44,0.0,19.21
882,Tyler Warren,TE,IND,1,0.0,0.0,7.67,7.67
883,Tyler Warren,TE,IND,2,0.0,0.73,10.82,11.55
884,Tyler Warren,TE,IND,3,0.0,1.05,15.75,16.8
885,Tyquan Thornton,WR,KAN,1,0.0,0.0,2.2,2.2
886,Tyquan Thornton,WR,KAN,2,0.0,0.0,7.37,7.37
887,Tyquan Thornton,WR,KAN,3,0.0,0.0,3.44,3.44
888,Tyrone Tracy,RB,NYG,1,0.0,1.07,0.0,1.07
889,Tyrone Tracy,RB,NYG,3,0.0,0.96,0.0,0.96
890,Tyson Bagent,QB,CHI,2,4.51,0.0,0.0,4.51
891,Wan'Dale Robinson,WR,TEN,1,0.0,0.0,8.83,8.83
892,Wan'Dale Robinson,WR,TEN,2,0.0,0.0,1.44,1.44
893,Wan'Dale Robinson,WR,TEN,3,0.0,0.0,17.19,17.19
894,Will Kacmarek,TE,MIA,1,0.0,0.0,1.43,1.43
895,Will Kacmarek,TE,MIA,2,0.0,0.0,1.3,1.3
896,Will Shipley,RB,PHI,1,0.0,1.29,1.46,2.75
897,Will Shipley,RB,PHI,2,0.0,6.23,2.8,9.030000000000001
898,Will Shipley,RB,PHI,3,0.0,0.0,2.83,2.83
899,Woody Marks,RB,HOU,1,0.0,4.56,1.36,5.92
900,Woody Marks,RB,HOU,2,0.0,6.01,9.83,15.84
901,Woody Marks,RB,HOU,3,0.0,3.85,1.28,5.13
902,Xavier Hutchinson,WR,HOU,1,0.0,0.0,10.26,10.26
903,Xavier Hutchinson,WR,HOU,2,0.0,0.0,15.3,15.3
904,Xavier Hutchinson,WR,HOU,3,0.0,1.18,10.88,12.06
905,Xavier Legette,WR,CAR,1,0.0,0.0,3.2,3.2
906,Xavier Legette,WR,CAR,2,0.0,0.0,7.47,7.47
907,Xavier Smith,WR,LAR,2,0.0,0.0,1.66,1.66
908,Xavier Worthy,WR,KAN,1,0.0,0.0,9.63,9.63
909,Xavier Worthy,WR,KAN,2,0.0,0.0,12.2,12.2
910,Xavier Worthy,WR,KAN,3,0.0,0.0,3.16,3.16
911,Zach Ertz,TE,PHI,3,0.0,0.0,3.17,3.17
912,Zachariah Branch,WR,ATL,2,0.0,0.0,2.76,2.76
913,Zachariah Branch,WR,ATL,3,0.0,0.0,3.06,3.06
914,Zavion Thomas,WR,CHI,3,0.0,0.0,1.6,1.6
915,Zay Flowers,WR,BAL,1,0.0,0.0,11.2,11.2
916,Zay Flowers,WR,BAL,3,0.0,0.87,10.62,11.489999999999998
